case_id,condition_id,stage,range_class,Jd_limit_A2,Jq_limit_A2,single_vector_ratio,double_vector_ratio,three_vector_ratio,zero_vector_dwell_ratio,mode_change_L1_vs_default,average_switching_frequency_Hz,total_switching_actions
A_C01_001,C01,coarse_scan,reasonable_extension_range,0.01,0,0.000644745325596389,0.286911669890393,0.71244358478401,0.873869205803864,1.42359767891683,12318.9340210617,5732
A_C01_002,C01,coarse_scan,reasonable_extension_range,0.01,0.0225,0.000644745325596389,0.477756286266925,0.521598968407479,0.873895518907907,1.04190844616376,11665.592091124,5428
A_C01_003,C01,coarse_scan,reasonable_extension_range,0.01,0.04,0.000644745325596389,0.607350096711799,0.392005157962605,0.874266836584589,0.782720825274016,11162.6907371588,5194
A_C01_004,C01,coarse_scan,reasonable_extension_range,0.01,0.16,0.372018052869117,0.295938104448743,0.332043842682141,0.874272133131983,0.74661508704062,7315.7102944337,3404
A_C01_005,C01,coarse_scan,reasonable_extension_range,0.01,0.64,0.429400386847195,0.392649903288201,0.177949709864603,0.874362640711788,0.553191489361702,6163.76531270148,2868
A_C01_006,C01,coarse_scan,reasonable_extension_range,0.01,1,0.453900709219858,0.379754996776273,0.166344294003868,0.871444147023243,0.578981302385558,5690.9520739308,2648
A_C01_007,C01,coarse_scan,reasonable_extension_range,0.04,0,0.000644745325596389,0.568020631850419,0.431334622823985,0.87404934270629,0.861379754996776,11364.710939179,5288
A_C01_008,C01,coarse_scan,reasonable_extension_range,0.04,0.0225,0.000644745325596389,0.973565441650548,0.0257898130238556,0.873946088270073,0.65892972275951,9791.53234472383,4556
A_C01_009,C01,coarse_scan,reasonable_extension_range,0.04,0.04,0.000644745325596389,0.966473243068988,0.0328820116054159,0.873336573689752,0.65892972275951,9512.14270363206,4426
A_C01_010,C01,coarse_scan,reasonable_extension_range,0.04,0.16,0.193423597678917,0.752417794970986,0.0541586073500967,0.874757528103463,0.273372018052868,8003.43864173651,3724
A_C01_011,C01,coarse_scan,reasonable_extension_range,0.04,0.64,0.242424242424242,0.725338491295938,0.0322372662798195,0.875339583934794,0.175370728562218,7388.78143133462,3438
A_C01_012,C01,coarse_scan,reasonable_extension_range,0.04,1,0.313346228239845,0.638942617666022,0.0477111540941328,0.875839663511451,0.0941328175370724,6756.93101225016,3144
A_C01_013,C01,coarse_scan,reasonable_extension_range,0.16,0,0.000644745325596389,0.998065764023211,0.00128949065119278,0.873729157267181,0.65892972275951,9898.9898989899,4606
A_C01_014,C01,coarse_scan,reasonable_extension_range,0.16,0.0225,0.000644745325596389,0.994842037395229,0.00451321727917473,0.866824198622386,0.65892972275951,8880.2922845476,4132
A_C01_015,C01,coarse_scan,reasonable_extension_range,0.16,0.04,0.000644745325596389,0.998710509348807,0.000644745325596389,0.868536162230076,0.65892972275951,8824.41435632925,4106
A_C01_016,C01,coarse_scan,reasonable_extension_range,0.16,0.16,0.330109606705351,0.669245647969052,0.000644745325596389,0.87109349269686,0,6090.69417580056,2834
A_C01_017,C01,coarse_scan,reasonable_extension_range,0.16,0.64,0.409413281753707,0.590586718246293,0,0.875550001458961,0.158607350096711,5433.05394369224,2528
A_C01_018,C01,coarse_scan,reasonable_extension_range,0.16,1,0.431334622823985,0.568665377176016,0,0.87581013595261,0.202450032237266,5200.94562647754,2420
A_C01_019,C01,coarse_scan,reasonable_extension_range,0.36,0,0.000644745325596389,0.998710509348807,0.000644745325596389,0.868131825762015,0.65892972275951,9464.861379755,4404
A_C01_020,C01,coarse_scan,reasonable_extension_range,0.36,0.0225,0.000644745325596389,0.998710509348807,0.000644745325596389,0.859942687991945,0.65892972275951,8656.78057167419,4028
A_C01_021,C01,coarse_scan,reasonable_extension_range,0.36,0.04,0.000644745325596389,0.999355254674404,0,0.864598894391971,0.660219213410703,9017.83795400817,4196
A_C01_022,C01,coarse_scan,reasonable_extension_range,0.36,0.16,0.323017408123791,0.676982591876209,0,0.858897480135205,0.0154738878143135,5622.17923920052,2616
A_C01_023,C01,coarse_scan,reasonable_extension_range,0.36,0.64,0.499032882011605,0.500967117988395,0,0.87530483316136,0.337846550612507,4556.20030088115,2120
A_C01_024,C01,coarse_scan,reasonable_extension_range,0.36,1,0.435203094777563,0.564796905222437,0,0.862505911161098,0.210186976144423,4655.06125080593,2166
A_C01_025,C01,coarse_scan,reasonable_extension_range,0.64,0,0.000644745325596389,0.999355254674404,0,0.857533277677806,0.660219213410703,8802.92284547604,4096
A_C01_026,C01,coarse_scan,reasonable_extension_range,0.64,0.0225,0.000644745325596389,0.999355254674404,0,0.866265807627666,0.660219213410703,9202.6649473458,4282
A_C01_027,C01,coarse_scan,reasonable_extension_range,0.64,0.04,0.000644745325596389,0.999355254674404,0,0.870613435375083,0.660219213410703,9572.31893402106,4454
A_C01_028,C01,coarse_scan,reasonable_extension_range,0.64,0.16,0.386847195357834,0.613152804642166,0,0.865626172169646,0.113475177304965,5415.86073500967,2520
A_C01_029,C01,coarse_scan,reasonable_extension_range,0.64,0.64,0.553836234687298,0.446163765312701,0,0.872246226913383,0.447453255963894,4010.31592520954,1866
A_C01_030,C01,coarse_scan,reasonable_extension_range,0.64,1,0.585428755641522,0.414571244358478,0,0.871712508205689,0.510638297872341,3653.55684504621,1700
A_C01_031,C01,coarse_scan,reasonable_extension_range,1,0,0.000644745325596389,0.999355254674404,0,0.856003258345665,0.660219213410703,8669.67547818612,4034
A_C01_032,C01,coarse_scan,reasonable_extension_range,1,0.0225,0.000644745325596389,0.999355254674404,0,0.867552301772116,0.660219213410703,9482.05458843757,4412
A_C01_033,C01,coarse_scan,reasonable_extension_range,1,0.04,0.000644745325596389,0.999355254674404,0,0.863540624304028,0.660219213410703,9486.35289060821,4414
A_C01_034,C01,coarse_scan,reasonable_extension_range,1,0.16,0.411992263056093,0.588007736943907,0,0.867798436551376,0.163765312701483,5312.70148291425,2472
A_C01_035,C01,coarse_scan,reasonable_extension_range,1,0.64,0.602836879432624,0.397163120567376,0,0.876313844258593,0.545454545454545,3748.11949280034,1744
A_C01_036,C01,coarse_scan,reasonable_extension_range,1,1,0.629271437782076,0.370728562217924,0,0.874291964037993,0.598323662153449,3335.48248441865,1552
A_C02_001,C02,coarse_scan,engineering_nominal_range,0.01,0,0.000644745325596389,0.212765957446809,0.786589297227595,0.839590623436957,1.55899419729207,12581.1304534709,5854
A_C02_002,C02,coarse_scan,engineering_nominal_range,0.01,0.0225,0.000644745325596389,0.407479045776918,0.591876208897485,0.83968985248754,1.16956802063185,11927.7885235332,5550
A_C02_003,C02,coarse_scan,engineering_nominal_range,0.01,0.04,0.000644745325596389,0.538362346872985,0.460992907801418,0.84018948144174,0.907801418439715,11493.6600042983,5348
A_C02_004,C02,coarse_scan,engineering_nominal_range,0.01,0.16,0.000644745325596389,0.711154094132817,0.288201160541586,0.832458635182585,0.562217923920051,9542.23081882656,4440
A_C02_005,C02,coarse_scan,engineering_nominal_range,0.01,0.64,0.00644745325596389,0.817537072856222,0.176015473887814,0.821065754786772,0.392005157962605,9787.23404255319,4554
A_C02_006,C02,coarse_scan,engineering_nominal_range,0.01,1,0.00838168923275306,0.822695035460993,0.168923275306254,0.804184278894334,0.388136686009027,9907.58650333118,4610
A_C02_007,C02,coarse_scan,engineering_nominal_range,0.04,0,0.000644745325596389,0.422952933591231,0.576402321083172,0.839949579938848,1.13862024500322,11863.3139909736,5520
A_C02_008,C02,coarse_scan,engineering_nominal_range,0.04,0.0225,0.000644745325596389,0.696324951644101,0.303030303030303,0.840015269403203,0.591876208897484,10943.477326456,5092
A_C02_009,C02,coarse_scan,engineering_nominal_range,0.04,0.04,0.000644745325596389,0.860090264345583,0.13926499032882,0.840156006909004,0.403610573823339,10393.2946486138,4836
A_C02_010,C02,coarse_scan,engineering_nominal_range,0.04,0.16,0.194068343004513,0.631205673758865,0.174725983236622,0.839538067863523,0.335267569310123,8459.05867182463,3936
A_C02_011,C02,coarse_scan,engineering_nominal_range,0.04,0.64,0.266279819471309,0.604126370083817,0.129593810444874,0.831573259765615,0.372662798194713,7148.07650977864,3326
A_C02_012,C02,coarse_scan,engineering_nominal_range,0.04,1,0.236621534493875,0.689877498388137,0.0735009671179884,0.834609114809214,0.201160541586073,7418.86954652912,3452
A_C02_013,C02,coarse_scan,engineering_nominal_range,0.16,0,0.000644745325596389,0.932301740812379,0.0670535138620245,0.839838736427383,0.40361057382334,10126.799914034,4712
A_C02_014,C02,coarse_scan,engineering_nominal_range,0.16,0.0225,0.000644745325596389,0.989039329464861,0.0103159252095422,0.8378328767372,0.403610573823339,9490.65119277885,4416
A_C02_015,C02,coarse_scan,engineering_nominal_range,0.16,0.04,0.000644745325596389,0.99097356544165,0.00838168923275306,0.83649881240174,0.403610573823339,9241.34966688158,4300
A_C02_016,C02,coarse_scan,engineering_nominal_range,0.16,0.16,0.202450032237266,0.790457769181173,0.00709219858156028,0.839348354520303,0,7405.97464001719,3446
A_C02_017,C02,coarse_scan,engineering_nominal_range,0.16,0.64,0.273372018052869,0.725983236621535,0.000644745325596389,0.838584354168524,0.141843971631205,6645.17515581345,3092
A_C02_018,C02,coarse_scan,engineering_nominal_range,0.16,1,0.276595744680851,0.722759509993553,0.000644745325596389,0.837822821243445,0.148291424887169,6589.2972275951,3066
A_C02_019,C02,coarse_scan,engineering_nominal_range,0.36,0,0.000644745325596389,0.986460348162476,0.0128949065119278,0.837733858265798,0.40361057382334,9787.23404255319,4554
A_C02_020,C02,coarse_scan,engineering_nominal_range,0.36,0.0225,0.000644745325596389,0.998710509348807,0.000644745325596389,0.82238049252648,0.416505480335267,8725.55340640447,4060
A_C02_021,C02,coarse_scan,engineering_nominal_range,0.36,0.04,0.000644745325596389,0.998710509348807,0.000644745325596389,0.818289121167729,0.416505480335267,8476.2518805072,3944
A_C02_022,C02,coarse_scan,engineering_nominal_range,0.36,0.16,0.295293359123146,0.704706640876854,0,0.829129898077149,0.185686653771759,6258.32796045562,2912
A_C02_023,C02,coarse_scan,engineering_nominal_range,0.36,0.64,0.365570599613153,0.634429400386847,0,0.824436500198197,0.326241134751773,5381.47431764453,2504
A_C02_024,C02,coarse_scan,engineering_nominal_range,0.36,1,0.344294003868472,0.655705996131528,0,0.81959692464129,0.283687943262411,5394.36922415646,2510
A_C02_025,C02,coarse_scan,engineering_nominal_range,0.64,0,0.000644745325596389,0.996131528046422,0.00322372662798195,0.826359867689186,0.411347517730497,9155.38362346873,4260
A_C02_026,C02,coarse_scan,engineering_nominal_range,0.64,0.0225,0.000644745325596389,0.999355254674404,0,0.819088618001277,0.417794970986461,8566.51622609069,3986
A_C02_027,C02,coarse_scan,engineering_nominal_range,0.64,0.04,0.000644745325596389,0.999355254674404,0,0.822613501856269,0.417794970986461,8695.46529120997,4046
A_C02_028,C02,coarse_scan,engineering_nominal_range,0.64,0.16,0.307543520309478,0.692456479690522,0,0.824824789251335,0.210186976144423,6056.30775843542,2818
A_C02_029,C02,coarse_scan,engineering_nominal_range,0.64,0.64,0.459058671824629,0.540941328175371,0,0.828556306750228,0.513217279174725,4719.53578336557,2196
A_C02_030,C02,coarse_scan,engineering_nominal_range,0.64,1,0.44100580270793,0.55899419729207,0,0.828395695657471,0.477111540941327,4775.41371158392,2222
A_C02_031,C02,coarse_scan,engineering_nominal_range,1,0,0.000644745325596389,0.999355254674404,0,0.819528436301782,0.417794970986461,8759.93982376961,4076
A_C02_032,C02,coarse_scan,engineering_nominal_range,1,0.0225,0.000644745325596389,0.999355254674404,0,0.822421139574712,0.417794970986461,8944.76681710724,4162
A_C02_033,C02,coarse_scan,engineering_nominal_range,1,0.04,0.000644745325596389,0.999355254674404,0,0.825222967058507,0.417794970986461,9219.85815602837,4290
A_C02_034,C02,coarse_scan,engineering_nominal_range,1,0.16,0.325596389426177,0.674403610573823,0,0.825293617602904,0.246292714377821,5923.0603911455,2756
A_C02_035,C02,coarse_scan,engineering_nominal_range,1,0.64,0.522243713733075,0.477756286266925,0,0.831174861470256,0.639587362991617,4259.61745110681,1982
A_C02_036,C02,coarse_scan,engineering_nominal_range,1,1,0.528691166989039,0.471308833010961,0,0.839652504893917,0.652482269503545,4319.79368149581,2010
A_C03_001,C03,coarse_scan,reasonable_extension_range,0.01,0,0.00124843945068664,0.16354556803995,0.835205992509363,0.755550278700525,1.61048689138577,12734.0823970037,3060
A_C03_002,C03,coarse_scan,reasonable_extension_range,0.01,0.0225,0.00124843945068664,0.203495630461923,0.795255930087391,0.755740187070051,1.53058676654182,12592.5925925926,3026
A_C03_003,C03,coarse_scan,reasonable_extension_range,0.01,0.04,0.00124843945068664,0.222222222222222,0.776529338327091,0.75568575149987,1.49313358302122,12526.0091552226,3010
A_C03_004,C03,coarse_scan,reasonable_extension_range,0.01,0.16,0.00124843945068664,0.388264669163546,0.610486891385768,0.756169505526005,1.16104868913858,11968.3728672493,2876
A_C03_005,C03,coarse_scan,reasonable_extension_range,0.01,0.64,0.395755305867665,0.224719101123595,0.379525593008739,0.75653944947857,1.48813982521848,7215.98002496879,1734
A_C03_006,C03,coarse_scan,reasonable_extension_range,0.01,1,0.322097378277154,0.377028714107366,0.300873907615481,0.757183817122718,1.18352059925094,7640.44943820225,1836
A_C03_007,C03,coarse_scan,reasonable_extension_range,0.04,0,0.00124843945068664,0.290886392009988,0.707865168539326,0.755768368536619,1.35580524344569,12284.6441947566,2952
A_C03_008,C03,coarse_scan,reasonable_extension_range,0.04,0.0225,0.00124843945068664,0.378277153558052,0.620474406991261,0.75586419406311,1.18102372034956,11993.341656263,2882
A_C03_009,C03,coarse_scan,reasonable_extension_range,0.04,0.04,0.00124843945068664,0.419475655430712,0.579275905118602,0.756249644722554,1.09862671660424,11851.8518518519,2848
A_C03_010,C03,coarse_scan,reasonable_extension_range,0.04,0.16,0.00124843945068664,0.65792759051186,0.340823970037453,0.756837084536865,0.621722846441948,10894.7149396588,2618
A_C03_011,C03,coarse_scan,reasonable_extension_range,0.04,0.64,0.378277153558052,0.31210986267166,0.309612983770287,0.756686450122283,1.31335830212235,7141.07365792759,1716
A_C03_012,C03,coarse_scan,reasonable_extension_range,0.04,1,0.31210986267166,0.454431960049938,0.233458177278402,0.756698406461972,1.02871410736579,7473.99084477736,1796
A_C03_013,C03,coarse_scan,reasonable_extension_range,0.16,0,0.00124843945068664,0.66916354556804,0.329588014981273,0.756922188418414,0.599250936329587,10994.5900957137,2642
A_C03_014,C03,coarse_scan,reasonable_extension_range,0.16,0.0225,0.00124843945068664,0.911360799001248,0.0873907615480649,0.756715467868476,0.114856429463171,10187.265917603,2448
A_C03_015,C03,coarse_scan,reasonable_extension_range,0.16,0.04,0.00124843945068664,0.952559300873908,0.0461922596754057,0.755845192041151,0.0324594257178522,9962.5468164794,2394
A_C03_016,C03,coarse_scan,reasonable_extension_range,0.16,0.16,0.00124843945068664,0.968789013732834,0.0299625468164794,0.754143306070142,0,9388.26466916355,2256
A_C03_017,C03,coarse_scan,reasonable_extension_range,0.16,0.64,0.200998751560549,0.747815230961298,0.0511860174781523,0.757099987107876,0.441947565543071,7823.55389096962,1880
A_C03_018,C03,coarse_scan,reasonable_extension_range,0.16,1,0.193508114856429,0.771535580524345,0.034956304619226,0.758144275710432,0.394506866416978,7707.0328755722,1852
A_C03_019,C03,coarse_scan,reasonable_extension_range,0.36,0,0.00124843945068664,0.966292134831461,0.0324594257178527,0.754541698821667,0.00499375780274626,10020.8073241781,2408
A_C03_020,C03,coarse_scan,reasonable_extension_range,0.36,0.0225,0.00124843945068664,0.997503121098627,0.00124843945068664,0.754708284247525,0.0574282147315858,9729.50478568456,2338
A_C03_021,C03,coarse_scan,reasonable_extension_range,0.36,0.04,0.00124843945068664,0.997503121098627,0.00124843945068664,0.755907393649022,0.0574282147315858,9621.30669995838,2312
A_C03_022,C03,coarse_scan,reasonable_extension_range,0.36,0.16,0.00124843945068664,0.993757802746567,0.00499375780274657,0.7486734646742,0.0499375780274658,8847.27424053267,2126
A_C03_023,C03,coarse_scan,reasonable_extension_range,0.36,0.64,0.272159800249688,0.724094881398252,0.00374531835205993,0.755621257726675,0.541822721598003,6799.83354140658,1634
A_C03_024,C03,coarse_scan,reasonable_extension_range,0.36,1,0.272159800249688,0.726591760299625,0.00124843945068664,0.757638022516803,0.541822721598003,6674.98959633791,1604
A_C03_025,C03,coarse_scan,reasonable_extension_range,0.64,0,0.00124843945068664,0.99625468164794,0.00249687890137328,0.756063456459819,0.0549313358302121,9837.70287141074,2364
A_C03_026,C03,coarse_scan,reasonable_extension_range,0.64,0.0225,0.00124843945068664,0.997503121098627,0.00124843945068664,0.747954891382505,0.0574282147315858,9479.81689554723,2278
A_C03_027,C03,coarse_scan,reasonable_extension_range,0.64,0.04,0.00124843945068664,0.997503121098627,0.00124843945068664,0.749798998977627,0.0574282147315858,9354.97295047857,2248
A_C03_028,C03,coarse_scan,reasonable_extension_range,0.64,0.16,0.00124843945068664,0.997503121098627,0.00124843945068664,0.748840828095606,0.0574282147315858,8997.08697461506,2162
A_C03_029,C03,coarse_scan,reasonable_extension_range,0.64,0.64,0.310861423220974,0.689138576779026,0,0.747895396665206,0.619225967540575,6100.70744902206,1466
A_C03_030,C03,coarse_scan,reasonable_extension_range,0.64,1,0.33458177278402,0.66541822721598,0,0.758986734105674,0.666666666666667,6167.29088639201,1482
A_C03_031,C03,coarse_scan,reasonable_extension_range,1,0,0.00124843945068664,0.997503121098627,0.00124843945068664,0.752962666755,0.0574282147315858,9729.50478568456,2338
A_C03_032,C03,coarse_scan,reasonable_extension_range,1,0.0225,0.00124843945068664,0.997503121098627,0.00124843945068664,0.735798827055172,0.0574282147315858,9113.60799001248,2190
A_C03_033,C03,coarse_scan,reasonable_extension_range,1,0.04,0.00124843945068664,0.997503121098627,0.00124843945068664,0.721487844859995,0.0574282147315858,8580.94049105285,2062
A_C03_034,C03,coarse_scan,reasonable_extension_range,1,0.16,0.00124843945068664,0.997503121098627,0.00124843945068664,0.746208095011132,0.0574282147315858,9055.34748231377,2176
A_C03_035,C03,coarse_scan,reasonable_extension_range,1,0.64,0.299625468164794,0.700374531835206,0,0.727519987652647,0.596754057428215,5875.98834789846,1412
A_C03_036,C03,coarse_scan,reasonable_extension_range,1,1,0.352059925093633,0.647940074906367,0,0.752588835672515,0.701622971285893,5826.05076987099,1400
A_C04_001,C04,coarse_scan,paper_experimental_range,0.01,0,0.00124843945068664,0.122347066167291,0.876404494382023,0.710439468601349,1.50312109862672,12892.2180607574,3098
A_C04_002,C04,coarse_scan,paper_experimental_range,0.01,0.0225,0.00124843945068664,0.230961298377029,0.767790262172285,0.710819689156647,1.28589263420724,12526.0091552226,3010
A_C04_003,C04,coarse_scan,paper_experimental_range,0.01,0.04,0.00124843945068664,0.259675405742821,0.739076154806492,0.710767675426247,1.22846441947566,12426.1339991677,2986
A_C04_004,C04,coarse_scan,paper_experimental_range,0.01,0.16,0.00124843945068664,0.528089887640449,0.470661672908864,0.711877504893137,0.6916354556804,11518.9346650021,2768
A_C04_005,C04,coarse_scan,paper_experimental_range,0.01,0.64,0.00998751560549313,0.701622971285893,0.288389513108614,0.695260204961135,0.344569288389512,9554.72326258843,2296
A_C04_006,C04,coarse_scan,paper_experimental_range,0.01,1,0.00998751560549313,0.755305867665418,0.234706616729089,0.698304832183443,0.237203495630463,9521.43154390345,2288
A_C04_007,C04,coarse_scan,paper_experimental_range,0.04,0,0.00124843945068664,0.248439450686642,0.750312109862672,0.710871796221729,1.25093632958801,12459.4257178527,2994
A_C04_008,C04,coarse_scan,paper_experimental_range,0.04,0.0225,0.00124843945068664,0.328339575530587,0.670411985018727,0.710856603439458,1.09113607990012,12193.0919683729,2930
A_C04_009,C04,coarse_scan,paper_experimental_range,0.04,0.04,0.00124843945068664,0.364544319600499,0.634207240948814,0.710879938762899,1.0187265917603,12076.5709529754,2902
A_C04_010,C04,coarse_scan,paper_experimental_range,0.04,0.16,0.00124843945068664,0.616729088639201,0.382022471910112,0.711474067729546,0.514357053682896,11227.6321265085,2698
A_C04_011,C04,coarse_scan,paper_experimental_range,0.04,0.64,0.0112359550561798,0.730337078651685,0.258426966292135,0.697019012587384,0.287141073657928,9588.01498127341,2304
A_C04_012,C04,coarse_scan,paper_experimental_range,0.04,1,0.0149812734082397,0.776529338327091,0.208489388264669,0.698791679995947,0.194756554307116,9538.07740324594,2292
A_C04_013,C04,coarse_scan,paper_experimental_range,0.16,0,0.00124843945068664,0.469413233458177,0.529338327091136,0.711177166801252,0.808988764044944,11702.0391177695,2812
A_C04_014,C04,coarse_scan,paper_experimental_range,0.16,0.0225,0.00124843945068664,0.595505617977528,0.403245942571785,0.712402827001298,0.556803995006242,11277.569704536,2710
A_C04_015,C04,coarse_scan,paper_experimental_range,0.16,0.04,0.00124843945068664,0.65792759051186,0.340823970037453,0.711101120582605,0.431960049937578,11077.8193924261,2662
A_C04_016,C04,coarse_scan,paper_experimental_range,0.16,0.16,0.00124843945068664,0.873907615480649,0.124843945068664,0.713111137279054,0,10312.1098626717,2478
A_C04_017,C04,coarse_scan,paper_experimental_range,0.16,0.64,0.15230961298377,0.729088639200999,0.118601747815231,0.712278483102385,0.302122347066166,8589.26342072409,2064
A_C04_018,C04,coarse_scan,paper_experimental_range,0.16,1,0.161048689138577,0.766541822721598,0.0724094881398252,0.709907594274926,0.31960049937578,8397.83603828548,2018
A_C04_019,C04,coarse_scan,paper_experimental_range,0.36,0,0.00124843945068664,0.873907615480649,0.124843945068664,0.711806094144362,0,10337.0786516854,2484
A_C04_020,C04,coarse_scan,paper_experimental_range,0.36,0.0225,0.00124843945068664,0.953807740324594,0.0449438202247191,0.711849290269374,0.15980024968789,9979.19267582189,2398
A_C04_021,C04,coarse_scan,paper_experimental_range,0.36,0.04,0.00124843945068664,0.961298377028714,0.0374531835205993,0.711149859955819,0.17478152309613,9912.60923845193,2382
A_C04_022,C04,coarse_scan,paper_experimental_range,0.36,0.16,0.00124843945068664,0.995006242197253,0.00374531835205993,0.708282893622121,0.242197253433208,9438.20224719101,2268
A_C04_023,C04,coarse_scan,paper_experimental_range,0.36,0.64,0.188514357053683,0.795255930087391,0.0162297128589263,0.710607979088496,0.374531835205992,7582.18893050354,1822
A_C04_024,C04,coarse_scan,paper_experimental_range,0.36,1,0.181023720349563,0.808988764044944,0.00998751560549313,0.706909849691056,0.359550561797752,7565.54307116105,1818
A_C04_025,C04,coarse_scan,paper_experimental_range,0.64,0,0.00124843945068664,0.953807740324594,0.0449438202247191,0.711514231788359,0.15980024968789,10037.4531835206,2412
A_C04_026,C04,coarse_scan,paper_experimental_range,0.64,0.0225,0.00124843945068664,0.9812734082397,0.017478152309613,0.710696783373308,0.214731585518102,9787.76529338327,2352
A_C04_027,C04,coarse_scan,paper_experimental_range,0.64,0.04,0.00124843945068664,0.990012484394507,0.00873907615480649,0.710394479312548,0.232209737827715,9679.5672076571,2326
A_C04_028,C04,coarse_scan,paper_experimental_range,0.64,0.16,0.00124843945068664,0.997503121098627,0.00124843945068664,0.704806763115575,0.247191011235955,9196.83728672493,2210
A_C04_029,C04,coarse_scan,paper_experimental_range,0.64,0.64,0.273408239700375,0.725343320848939,0.00124843945068664,0.712092751784414,0.544319600499376,6924.67748647524,1664
A_C04_030,C04,coarse_scan,paper_experimental_range,0.64,1,0.262172284644195,0.737827715355805,0,0.707524552354117,0.521847690387016,6724.92717436538,1616
A_C04_031,C04,coarse_scan,paper_experimental_range,1,0,0.00124843945068664,0.973782771535581,0.0249687890137328,0.707822107122144,0.199750312109863,9812.734082397,2358
A_C04_032,C04,coarse_scan,paper_experimental_range,1,0.0225,0.00124843945068664,0.997503121098627,0.00124843945068664,0.6940915700321,0.247191011235955,9238.45193508115,2220
A_C04_033,C04,coarse_scan,paper_experimental_range,1,0.04,0.00124843945068664,0.997503121098627,0.00124843945068664,0.692223458977004,0.247191011235955,9138.57677902622,2196
A_C04_034,C04,coarse_scan,paper_experimental_range,1,0.16,0.00124843945068664,0.997503121098627,0.00124843945068664,0.690802877394167,0.247191011235955,8888.88888888889,2136
A_C04_035,C04,coarse_scan,paper_experimental_range,1,0.64,0.284644194756554,0.715355805243446,0,0.696482010555663,0.566791510611734,6433.62463587183,1546
A_C04_036,C04,coarse_scan,paper_experimental_range,1,1,0.279650436953808,0.720349563046192,0,0.690569681084263,0.556803995006242,6225.55139409072,1496
A_C05_001,C05,coarse_scan,stress_test_range,0.01,0,0.002,0.11,0.888,0.519410882411602,0.636,12906.6666666667,1936
A_C05_002,C05,coarse_scan,stress_test_range,0.01,0.0225,0.002,0.134,0.864,0.519787843095125,0.588,12853.3333333333,1928
A_C05_003,C05,coarse_scan,stress_test_range,0.01,0.04,0.002,0.134,0.864,0.519685801782997,0.588,12853.3333333333,1928
A_C05_004,C05,coarse_scan,stress_test_range,0.01,0.16,0.002,0.152,0.846,0.519550347608292,0.552,12760,1914
A_C05_005,C05,coarse_scan,stress_test_range,0.01,0.64,0.002,0.31,0.688,0.520413799937988,0.236,12213.3333333333,1832
A_C05_006,C05,coarse_scan,stress_test_range,0.01,1,0.002,0.5,0.498,0.520597037251145,0.144,11600,1740
A_C05_007,C05,coarse_scan,stress_test_range,0.04,0,0.002,0.172,0.826,0.519831024628259,0.512,12733.3333333333,1910
A_C05_008,C05,coarse_scan,stress_test_range,0.04,0.0225,0.002,0.18,0.818,0.519468469762104,0.496,12666.6666666667,1900
A_C05_009,C05,coarse_scan,stress_test_range,0.04,0.04,0.002,0.21,0.788,0.519857552535939,0.436,12560,1884
A_C05_010,C05,coarse_scan,stress_test_range,0.04,0.16,0.002,0.256,0.742,0.520705666147009,0.344,12466.6666666667,1870
A_C05_011,C05,coarse_scan,stress_test_range,0.04,0.64,0.002,0.438,0.56,0.523039578194039,0.0199999999999999,11853.3333333333,1778
A_C05_012,C05,coarse_scan,stress_test_range,0.04,1,0.002,0.612,0.386,0.523221140323444,0.368,10986.6666666667,1648
A_C05_013,C05,coarse_scan,stress_test_range,0.16,0,0.002,0.332,0.666,0.521883953686863,0.192,12160,1824
A_C05_014,C05,coarse_scan,stress_test_range,0.16,0.0225,0.002,0.364,0.634,0.520768652960281,0.128,12053.3333333333,1808
A_C05_015,C05,coarse_scan,stress_test_range,0.16,0.04,0.002,0.356,0.642,0.519868975980197,0.144,12106.6666666667,1816
A_C05_016,C05,coarse_scan,stress_test_range,0.16,0.16,0.002,0.428,0.57,0.521460407108407,0,11826.6666666667,1774
A_C05_017,C05,coarse_scan,stress_test_range,0.16,0.64,0.002,0.678,0.32,0.523756112909863,0.5,10693.3333333333,1604
A_C05_018,C05,coarse_scan,stress_test_range,0.16,1,0.002,0.686,0.312,0.520877857733491,0.516,9933.33333333333,1490
A_C05_019,C05,coarse_scan,stress_test_range,0.36,0,0.002,0.446,0.552,0.520902641770157,0.0359999999999999,11773.3333333333,1766
A_C05_020,C05,coarse_scan,stress_test_range,0.36,0.0225,0.002,0.522,0.476,0.524655487541373,0.188,11586.6666666667,1738
A_C05_021,C05,coarse_scan,stress_test_range,0.36,0.04,0.002,0.52,0.478,0.523563331625405,0.184,11573.3333333333,1736
A_C05_022,C05,coarse_scan,stress_test_range,0.36,0.16,0.002,0.732,0.266,0.524117379088974,0.608,10800,1620
A_C05_023,C05,coarse_scan,stress_test_range,0.36,0.64,0.002,0.89,0.108,0.522434087862272,0.924,9893.33333333333,1484
A_C05_024,C05,coarse_scan,stress_test_range,0.36,1,0.002,0.888,0.11,0.523209985674387,0.92,9653.33333333333,1448
A_C05_025,C05,coarse_scan,stress_test_range,0.64,0,0.002,0.76,0.238,0.525137085213209,0.664,10720,1608
A_C05_026,C05,coarse_scan,stress_test_range,0.64,0.0225,0.002,0.836,0.162,0.524849810441547,0.816,10546.6666666667,1582
A_C05_027,C05,coarse_scan,stress_test_range,0.64,0.04,0.002,0.908,0.09,0.524845179413977,0.96,10226.6666666667,1534
A_C05_028,C05,coarse_scan,stress_test_range,0.64,0.16,0.002,0.966,0.032,0.522237292981953,1.076,9973.33333333333,1496
A_C05_029,C05,coarse_scan,stress_test_range,0.64,0.64,0.002,0.962,0.036,0.514675764712033,1.068,9213.33333333333,1382
A_C05_030,C05,coarse_scan,stress_test_range,0.64,1,0.002,0.982,0.016,0.523578487979855,1.108,9466.66666666667,1420
A_C05_031,C05,coarse_scan,stress_test_range,1,0,0.002,0.918,0.08,0.525615157977974,0.98,10186.6666666667,1528
A_C05_032,C05,coarse_scan,stress_test_range,1,0.0225,0.002,0.964,0.034,0.520636860945806,1.072,10040,1506
A_C05_033,C05,coarse_scan,stress_test_range,1,0.04,0.002,0.966,0.032,0.517986451841201,1.076,10080,1512
A_C05_034,C05,coarse_scan,stress_test_range,1,0.16,0.002,0.994,0.004,0.523407726336889,1.132,9666.66666666667,1450
A_C05_035,C05,coarse_scan,stress_test_range,1,0.64,0.002,0.994,0.004,0.512443316555951,1.132,8973.33333333333,1346
A_C05_036,C05,coarse_scan,stress_test_range,1,1,0.002,0.988,0.01,0.52288859494279,1.12,9333.33333333333,1400
A_C06_001,C06,coarse_scan,stress_test_range,0.01,0,0.002,0.096,0.902,0.453899087784096,0.648,12880,1932
A_C06_002,C06,coarse_scan,stress_test_range,0.01,0.0225,0.002,0.156,0.842,0.454550980741307,0.528,12693.3333333333,1904
A_C06_003,C06,coarse_scan,stress_test_range,0.01,0.04,0.002,0.16,0.838,0.454745692641974,0.52,12733.3333333333,1910
A_C06_004,C06,coarse_scan,stress_test_range,0.01,0.16,0.002,0.274,0.724,0.456505584518577,0.292,12306.6666666667,1846
A_C06_005,C06,coarse_scan,stress_test_range,0.01,0.64,0.002,0.514,0.484,0.459161457544147,0.188,11560,1734
A_C06_006,C06,coarse_scan,stress_test_range,0.01,1,0.002,0.646,0.352,0.453678138890032,0.452,10786.6666666667,1618
A_C06_007,C06,coarse_scan,stress_test_range,0.04,0,0.002,0.142,0.856,0.454204988214684,0.556,12786.6666666667,1918
A_C06_008,C06,coarse_scan,stress_test_range,0.04,0.0225,0.002,0.178,0.82,0.454084230058162,0.484,12666.6666666667,1900
A_C06_009,C06,coarse_scan,stress_test_range,0.04,0.04,0.002,0.21,0.788,0.454657730054418,0.42,12573.3333333333,1886
A_C06_010,C06,coarse_scan,stress_test_range,0.04,0.16,0.002,0.286,0.712,0.455674868515345,0.268,12240,1836
A_C06_011,C06,coarse_scan,stress_test_range,0.04,0.64,0.002,0.568,0.43,0.455168642275403,0.296,11306.6666666667,1696
A_C06_012,C06,coarse_scan,stress_test_range,0.04,1,0.002,0.658,0.34,0.452219634823891,0.476,10600,1590
A_C06_013,C06,coarse_scan,stress_test_range,0.16,0,0.002,0.27,0.728,0.454895169664875,0.3,12346.6666666667,1852
A_C06_014,C06,coarse_scan,stress_test_range,0.16,0.0225,0.002,0.348,0.65,0.457978993999103,0.144,12093.3333333333,1814
A_C06_015,C06,coarse_scan,stress_test_range,0.16,0.04,0.002,0.352,0.646,0.456984037603484,0.136,12080,1812
A_C06_016,C06,coarse_scan,stress_test_range,0.16,0.16,0.002,0.42,0.578,0.458344318614628,0,11853.3333333333,1778
A_C06_017,C06,coarse_scan,stress_test_range,0.16,0.64,0.002,0.668,0.33,0.458109519006043,0.496,11026.6666666667,1654
A_C06_018,C06,coarse_scan,stress_test_range,0.16,1,0.002,0.718,0.28,0.456003249594794,0.596,10520,1578
A_C06_019,C06,coarse_scan,stress_test_range,0.36,0,0.002,0.414,0.584,0.458422885894034,0.012,11893.3333333333,1784
A_C06_020,C06,coarse_scan,stress_test_range,0.36,0.0225,0.002,0.404,0.594,0.45525248714413,0.032,11880,1782
A_C06_021,C06,coarse_scan,stress_test_range,0.36,0.04,0.002,0.452,0.546,0.457332200443924,0.0639999999999999,11773.3333333333,1766
A_C06_022,C06,coarse_scan,stress_test_range,0.36,0.16,0.002,0.518,0.48,0.456458499509173,0.196,11466.6666666667,1720
A_C06_023,C06,coarse_scan,stress_test_range,0.36,0.64,0.002,0.804,0.194,0.461570507635825,0.768,10466.6666666667,1570
A_C06_024,C06,coarse_scan,stress_test_range,0.36,1,0.002,0.78,0.218,0.459410814873385,0.72,10506.6666666667,1576
A_C06_025,C06,coarse_scan,stress_test_range,0.64,0,0.002,0.552,0.446,0.457999544242398,0.264,11426.6666666667,1714
A_C06_026,C06,coarse_scan,stress_test_range,0.64,0.0225,0.002,0.626,0.372,0.458541279372433,0.412,11173.3333333333,1676
A_C06_027,C06,coarse_scan,stress_test_range,0.64,0.04,0.002,0.678,0.32,0.458347599290641,0.516,11026.6666666667,1654
A_C06_028,C06,coarse_scan,stress_test_range,0.64,0.16,0.002,0.854,0.144,0.463518394175414,0.868,10400,1560
A_C06_029,C06,coarse_scan,stress_test_range,0.64,0.64,0.002,0.9,0.098,0.45987144514921,0.96,10240,1536
A_C06_030,C06,coarse_scan,stress_test_range,0.64,1,0.002,0.91,0.088,0.455791093050604,0.98,9826.66666666667,1474
A_C06_031,C06,coarse_scan,stress_test_range,1,0,0.002,0.818,0.18,0.451141685507319,0.796,10506.6666666667,1576
A_C06_032,C06,coarse_scan,stress_test_range,1,0.0225,0.002,0.864,0.134,0.45551835943673,0.888,10440,1566
A_C06_033,C06,coarse_scan,stress_test_range,1,0.04,0.002,0.876,0.122,0.454533326192893,0.912,10266.6666666667,1540
A_C06_034,C06,coarse_scan,stress_test_range,1,0.16,0.002,0.94,0.058,0.454691984237266,1.04,10093.3333333333,1514
A_C06_035,C06,coarse_scan,stress_test_range,1,0.64,0.002,0.982,0.016,0.451499736922457,1.124,9520,1428
A_C06_036,C06,coarse_scan,stress_test_range,1,1,0.002,0.992,0.006,0.450737993952994,1.144,8973.33333333333,1346
A_C07_001,C07,coarse_scan,reasonable_extension_range,0.01,0,0.000644745325596389,0.211476466795616,0.787878787878788,0.847138855783281,1.57317859445519,12589.7270578122,5858
A_C07_002,C07,coarse_scan,reasonable_extension_range,0.01,0.0225,0.000644745325596389,0.493230174081238,0.506125080593166,0.8474965868853,1.00967117988395,11644.1005802708,5418
A_C07_003,C07,coarse_scan,reasonable_extension_range,0.01,0.04,0.000644745325596389,0.629916183107673,0.369439071566731,0.847564178667775,0.736299161831076,11179.8839458414,5202
A_C07_004,C07,coarse_scan,reasonable_extension_range,0.01,0.16,0.000644745325596389,0.761444229529336,0.237911025145068,0.837821155833878,0.47324306898775,9529.33591231463,4434
A_C07_005,C07,coarse_scan,reasonable_extension_range,0.01,0.64,0.00257898130238556,0.8749194068343,0.122501611863314,0.837992628335609,0.406189555125725,9370.29873200086,4360
A_C07_006,C07,coarse_scan,reasonable_extension_range,0.01,1,0.00193423597678917,0.905222437137331,0.0928433268858801,0.836644844863574,0.407479045776918,9361.70212765957,4356
A_C07_007,C07,coarse_scan,reasonable_extension_range,0.04,0,0.000644745325596389,0.418439716312057,0.580915538362347,0.847359802362127,1.15925209542231,11880.5071996561,5528
A_C07_008,C07,coarse_scan,reasonable_extension_range,0.04,0.0225,0.000644745325596389,0.808510638297872,0.190844616376531,0.847646751698028,0.410058027079303,10573.8233397808,4920
A_C07_009,C07,coarse_scan,reasonable_extension_range,0.04,0.04,0.000644745325596389,0.852353320438427,0.147001934235977,0.847640772480883,0.410058027079304,10440.5759724909,4858
A_C07_010,C07,coarse_scan,reasonable_extension_range,0.04,0.16,0.0122501611863314,0.843326885880077,0.144422952933591,0.843109469039818,0.386847195357833,9662.58327960456,4496
A_C07_011,C07,coarse_scan,reasonable_extension_range,0.04,0.64,0.00386847195357834,0.920696324951644,0.0754352030947776,0.836660825367096,0.403610573823339,9731.35611433484,4528
A_C07_012,C07,coarse_scan,reasonable_extension_range,0.04,1,0.00644745325596389,0.927788523533204,0.0657640232108317,0.831575996145958,0.398452611218568,9765.74253169998,4544
A_C07_013,C07,coarse_scan,reasonable_extension_range,0.16,0,0.000644745325596389,0.91424887169568,0.0851063829787234,0.847271580170688,0.410058027079303,10182.6778422523,4738
A_C07_014,C07,coarse_scan,reasonable_extension_range,0.16,0.0225,0.000644745325596389,0.987749838813669,0.011605415860735,0.844354611390363,0.410058027079304,9430.47496238986,4388
A_C07_015,C07,coarse_scan,reasonable_extension_range,0.16,0.04,0.000644745325596389,0.994842037395229,0.00451321727917473,0.845082096195285,0.410058027079304,9305.82419944122,4330
A_C07_016,C07,coarse_scan,reasonable_extension_range,0.16,0.16,0.205673758865248,0.793036750483559,0.00128949065119278,0.84566133689279,0,7337.20180528691,3414
A_C07_017,C07,coarse_scan,reasonable_extension_range,0.16,0.64,0.272082527401676,0.726627981947131,0.00128949065119278,0.84174208232581,0.132817537072856,6546.31420588867,3046
A_C07_018,C07,coarse_scan,reasonable_extension_range,0.16,1,0.254674403610574,0.745325596389426,0,0.842044216414459,0.0980012894906518,6670.96496883731,3104
A_C07_019,C07,coarse_scan,reasonable_extension_range,0.36,0,0.000644745325596389,0.970341715022566,0.0290135396518375,0.843215989871247,0.410058027079303,9718.46120782291,4522
A_C07_020,C07,coarse_scan,reasonable_extension_range,0.36,0.0225,0.000644745325596389,0.998710509348807,0.000644745325596389,0.828827682181537,0.411347517730496,8699.76359338061,4048
A_C07_021,C07,coarse_scan,reasonable_extension_range,0.36,0.04,0.000644745325596389,0.998710509348807,0.000644745325596389,0.828095337339094,0.411347517730496,8588.00773694391,3996
A_C07_022,C07,coarse_scan,reasonable_extension_range,0.36,0.16,0.297872340425532,0.702127659574468,0,0.83492213453566,0.184397163120568,6241.13475177305,2904
A_C07_023,C07,coarse_scan,reasonable_extension_range,0.36,0.64,0.38039974210187,0.61960025789813,0,0.833756991297923,0.349451966473244,5351.38620245003,2490
A_C07_024,C07,coarse_scan,reasonable_extension_range,0.36,1,0.406189555125725,0.593810444874275,0,0.838249080934212,0.401031592520954,5166.5592091124,2404
A_C07_025,C07,coarse_scan,reasonable_extension_range,0.64,0,0.000644745325596389,0.984526112185687,0.014829142488717,0.830226373151496,0.410058027079304,8931.87191059531,4156
A_C07_026,C07,coarse_scan,reasonable_extension_range,0.64,0.0225,0.000644745325596389,0.999355254674404,0,0.834450595081866,0.412637008381689,8992.04814098431,4184
A_C07_027,C07,coarse_scan,reasonable_extension_range,0.64,0.04,0.000644745325596389,0.999355254674404,0,0.834808462522204,0.412637008381689,8979.15323447238,4178
A_C07_028,C07,coarse_scan,reasonable_extension_range,0.64,0.16,0.329464861379755,0.670535138620245,0,0.835835580470891,0.247582205029014,6047.71115409413,2814
A_C07_029,C07,coarse_scan,reasonable_extension_range,0.64,0.64,0.470664087685364,0.529335912314636,0,0.836559971179319,0.529980657640232,4629.27143778208,2154
A_C07_030,C07,coarse_scan,reasonable_extension_range,0.64,1,0.508059316569955,0.491940683430045,0,0.839600565264974,0.604771115409414,4319.79368149581,2010
A_C07_031,C07,coarse_scan,reasonable_extension_range,1,0,0.000644745325596389,0.994842037395229,0.00451321727917473,0.827489950559143,0.410058027079304,8704.06189555126,4050
A_C07_032,C07,coarse_scan,reasonable_extension_range,1,0.0225,0.000644745325596389,0.999355254674404,0,0.830295935523302,0.412637008381689,9009.24134966688,4192
A_C07_033,C07,coarse_scan,reasonable_extension_range,1,0.04,0.000644745325596389,0.999355254674404,0,0.832265803079909,0.412637008381689,9151.08532129809,4258
A_C07_034,C07,coarse_scan,reasonable_extension_range,1,0.16,0.36428110896196,0.63571889103804,0,0.836507364166529,0.317214700193424,5768.32151300236,2684
A_C07_035,C07,coarse_scan,reasonable_extension_range,1,0.64,0.511927788523533,0.488072211476467,0,0.836686072112403,0.61250805931657,4289.70556630131,1996
A_C07_036,C07,coarse_scan,reasonable_extension_range,1,1,0.551901998710509,0.448098001289491,0,0.83987808984143,0.692456479690522,3971.63120567376,1848
A_C08_001,C08,coarse_scan,reasonable_extension_range,0.01,0,0.00124843945068664,0.127340823970037,0.871410736579276,0.729785581052405,1.63046192259675,12875.5722014149,3094
A_C08_002,C08,coarse_scan,reasonable_extension_range,0.01,0.0225,0.00124843945068664,0.263420724094881,0.735330836454432,0.730216816227441,1.35830212234707,12417.8110694965,2984
A_C08_003,C08,coarse_scan,reasonable_extension_range,0.01,0.04,0.00124843945068664,0.318352059925094,0.68039950062422,0.730379666821931,1.24843945068664,12243.0295464003,2942
A_C08_004,C08,coarse_scan,reasonable_extension_range,0.01,0.16,0.00124843945068664,0.631710362047441,0.367041198501873,0.730667409798474,0.621722846441947,11186.0174781523,2688
A_C08_005,C08,coarse_scan,reasonable_extension_range,0.01,0.64,0.00249687890137328,0.762796504369538,0.234706616729089,0.714225177594916,0.359550561797753,9513.10861423221,2286
A_C08_006,C08,coarse_scan,reasonable_extension_range,0.01,1,0.00499375780274657,0.806491885143571,0.188514357053683,0.715941944058782,0.272159800249687,9488.13982521848,2280
A_C08_007,C08,coarse_scan,reasonable_extension_range,0.04,0,0.00124843945068664,0.258426966292135,0.740324594257179,0.730217074969447,1.36828963795256,12442.7798585102,2990
A_C08_008,C08,coarse_scan,reasonable_extension_range,0.04,0.0225,0.00124843945068664,0.392009987515606,0.606741573033708,0.730922716966646,1.10112359550562,11993.341656263,2882
A_C08_009,C08,coarse_scan,reasonable_extension_range,0.04,0.04,0.00124843945068664,0.424469413233458,0.574282147315855,0.731081818736285,1.03620474406991,11885.1435705368,2856
A_C08_010,C08,coarse_scan,reasonable_extension_range,0.04,0.16,0.00124843945068664,0.746566791510612,0.252184769038702,0.731323351261966,0.392009987515605,10819.8085726176,2600
A_C08_011,C08,coarse_scan,reasonable_extension_range,0.04,0.64,0.00624219725343321,0.786516853932584,0.207240948813983,0.715005381624843,0.312109862671661,9496.46275488972,2282
A_C08_012,C08,coarse_scan,reasonable_extension_range,0.04,1,0.00873907615480649,0.822721598002497,0.168539325842697,0.717300423893766,0.239700374531835,9479.81689554723,2278
A_C08_013,C08,coarse_scan,reasonable_extension_range,0.16,0,0.00124843945068664,0.518102372034956,0.480649188514357,0.73109151605262,0.848938826466916,11560.5493133583,2778
A_C08_014,C08,coarse_scan,reasonable_extension_range,0.16,0.0225,0.00124843945068664,0.711610486891386,0.287141073657928,0.730885013538342,0.461922596754057,10911.3607990012,2622
A_C08_015,C08,coarse_scan,reasonable_extension_range,0.16,0.04,0.00124843945068664,0.826466916354557,0.172284644194757,0.731559444938588,0.232209737827715,10545.1518934665,2534
A_C08_016,C08,coarse_scan,reasonable_extension_range,0.16,0.16,0.00124843945068664,0.942571785268414,0.0561797752808989,0.732509912721239,0,10104.0366208906,2428
A_C08_017,C08,coarse_scan,reasonable_extension_range,0.16,0.64,0.0624219725343321,0.885143570536829,0.052434456928839,0.726315697736544,0.12234706616729,9255.09779442364,2224
A_C08_018,C08,coarse_scan,reasonable_extension_range,0.16,1,0.0749063670411985,0.890137328339575,0.034956304619226,0.726028944049306,0.147315855181024,9063.67041198502,2178
A_C08_019,C08,coarse_scan,reasonable_extension_range,0.36,0,0.00124843945068664,0.868913857677903,0.129837702871411,0.730848039341635,0.147315855181023,10337.0786516854,2484
A_C08_020,C08,coarse_scan,reasonable_extension_range,0.36,0.0225,0.00124843945068664,0.941323345817728,0.0574282147315855,0.730782184554794,0.00249687890137257,9987.51560549313,2400
A_C08_021,C08,coarse_scan,reasonable_extension_range,0.36,0.04,0.00124843945068664,0.968789013732834,0.0299625468164794,0.729247530696197,0.0524344569288395,9829.37994173949,2362
A_C08_022,C08,coarse_scan,reasonable_extension_range,0.36,0.16,0.00124843945068664,0.997503121098627,0.00124843945068664,0.728100744369616,0.109862671660425,9413.23345817728,2262
A_C08_023,C08,coarse_scan,reasonable_extension_range,0.36,0.64,0.181023720349563,0.812734082397004,0.00624219725343321,0.726884335024537,0.359550561797752,7573.86600083229,1820
A_C08_024,C08,coarse_scan,reasonable_extension_range,0.36,1,0.214731585518102,0.779026217228464,0.00624219725343321,0.728394772613948,0.426966292134831,7240.94881398252,1740
A_C08_025,C08,coarse_scan,reasonable_extension_range,0.64,0,0.00124843945068664,0.938826466916355,0.0599250936329588,0.730205282984127,0.00749063670411895,10045.7761131918,2414
A_C08_026,C08,coarse_scan,reasonable_extension_range,0.64,0.0225,0.00124843945068664,0.971285892634207,0.0274656679151061,0.72675042157728,0.0574282147315857,9746.15064502705,2342
A_C08_027,C08,coarse_scan,reasonable_extension_range,0.64,0.04,0.00124843945068664,0.986267166042447,0.0124843945068664,0.724242088465354,0.0873907615480655,9521.43154390345,2288
A_C08_028,C08,coarse_scan,reasonable_extension_range,0.64,0.16,0.00124843945068664,0.997503121098627,0.00124843945068664,0.725042171005563,0.109862671660425,9296.71244277986,2234
A_C08_029,C08,coarse_scan,reasonable_extension_range,0.64,0.64,0.265917602996255,0.734082397003745,0,0.726363776709966,0.529338327091136,6758.21889305035,1624
A_C08_030,C08,coarse_scan,reasonable_extension_range,0.64,1,0.268414481897628,0.731585518102372,0,0.722500463661728,0.534332084893882,6650.02080732418,1598
A_C08_031,C08,coarse_scan,reasonable_extension_range,1,0,0.00124843945068664,0.966292134831461,0.0324594257178527,0.728434109388181,0.0474406991260932,9829.37994173949,2362
A_C08_032,C08,coarse_scan,reasonable_extension_range,1,0.0225,0.00124843945068664,0.997503121098627,0.00124843945068664,0.707543933125508,0.109862671660425,9121.93091968373,2192
A_C08_033,C08,coarse_scan,reasonable_extension_range,1,0.04,0.00124843945068664,0.997503121098627,0.00124843945068664,0.707064014137583,0.109862671660425,8947.1493965876,2150
A_C08_034,C08,coarse_scan,reasonable_extension_range,1,0.16,0.00124843945068664,0.997503121098627,0.00124843945068664,0.695858796782497,0.109862671660425,8481.06533499792,2038
A_C08_035,C08,coarse_scan,reasonable_extension_range,1,0.64,0.294631710362047,0.705368289637953,0,0.703937360365266,0.58676654182272,6208.90553474823,1492
A_C08_036,C08,coarse_scan,reasonable_extension_range,1,1,0.274656679151061,0.725343320848939,0,0.692067033851539,0.546816479400748,6084.06158967957,1462
A_C09_001,C09,coarse_scan,reasonable_extension_range,0.01,0,0.000644745325596389,0.212765957446809,0.786589297227595,0.821767361345424,1.55899419729207,12581.1304534709,5854
A_C09_002,C09,coarse_scan,reasonable_extension_range,0.01,0.0225,0.000644745325596389,0.407479045776918,0.591876208897485,0.821877616025549,1.16956802063185,11927.7885235332,5550
A_C09_003,C09,coarse_scan,reasonable_extension_range,0.01,0.04,0.000644745325596389,0.538362346872985,0.460992907801418,0.822432759530044,0.907801418439715,11493.6600042983,5348
A_C09_004,C09,coarse_scan,reasonable_extension_range,0.01,0.16,0.000644745325596389,0.711154094132817,0.288201160541586,0.813842965654466,0.562217923920051,9542.23081882656,4440
A_C09_005,C09,coarse_scan,reasonable_extension_range,0.01,0.64,0.00644745325596389,0.817537072856222,0.176015473887814,0.801184179996353,0.392005157962605,9787.23404255319,4554
A_C09_006,C09,coarse_scan,reasonable_extension_range,0.01,1,0.00838168923275306,0.822695035460993,0.168923275306254,0.782426970432748,0.388136686009027,9907.58650333118,4610
A_C09_007,C09,coarse_scan,reasonable_extension_range,0.04,0,0.000644745325596389,0.422952933591231,0.576402321083172,0.822166201875951,1.13862024500322,11863.3139909736,5520
A_C09_008,C09,coarse_scan,reasonable_extension_range,0.04,0.0225,0.000644745325596389,0.696324951644101,0.303030303030303,0.822239190252641,0.591876208897484,10943.477326456,5092
A_C09_009,C09,coarse_scan,reasonable_extension_range,0.04,0.04,0.000644745325596389,0.860090264345583,0.13926499032882,0.822395565458899,0.403610573823339,10393.2946486138,4836
A_C09_010,C09,coarse_scan,reasonable_extension_range,0.04,0.16,0.194068343004513,0.631205673758865,0.174725983236622,0.821708968421258,0.335267569310123,8459.05867182463,3936
A_C09_011,C09,coarse_scan,reasonable_extension_range,0.04,0.64,0.266279819471309,0.604126370083817,0.129593810444874,0.812859122609874,0.372662798194713,7148.07650977864,3326
A_C09_012,C09,coarse_scan,reasonable_extension_range,0.04,1,0.236621534493875,0.689877498388137,0.0735009671179884,0.816232334627488,0.201160541586073,7418.86954652912,3452
A_C09_013,C09,coarse_scan,reasonable_extension_range,0.16,0,0.000644745325596389,0.932301740812379,0.0670535138620245,0.822043042486387,0.40361057382334,10126.799914034,4712
A_C09_014,C09,coarse_scan,reasonable_extension_range,0.16,0.0225,0.000644745325596389,0.989039329464861,0.0103159252095422,0.819814309616672,0.403610573823339,9490.65119277885,4416
A_C09_015,C09,coarse_scan,reasonable_extension_range,0.16,0.04,0.000644745325596389,0.99097356544165,0.00838168923275306,0.818332015306004,0.403610573823339,9241.34966688158,4300
A_C09_016,C09,coarse_scan,reasonable_extension_range,0.16,0.16,0.202450032237266,0.790457769181173,0.00709219858156028,0.821498175515749,0,7405.97464001719,3446
A_C09_017,C09,coarse_scan,reasonable_extension_range,0.16,0.64,0.273372018052869,0.725983236621535,0.000644745325596389,0.820649273168462,0.141843971631205,6645.17515581345,3092
A_C09_018,C09,coarse_scan,reasonable_extension_range,0.16,1,0.276595744680851,0.722759509993553,0.000644745325596389,0.819803139499976,0.148291424887169,6589.2972275951,3066
A_C09_019,C09,coarse_scan,reasonable_extension_range,0.36,0,0.000644745325596389,0.986460348162476,0.0128949065119278,0.81970428967224,0.40361057382334,9787.23404255319,4554
A_C09_020,C09,coarse_scan,reasonable_extension_range,0.36,0.0225,0.000644745325596389,0.998710509348807,0.000644745325596389,0.802644987236581,0.416505480335267,8725.55340640447,4060
A_C09_021,C09,coarse_scan,reasonable_extension_range,0.36,0.04,0.000644745325596389,0.998710509348807,0.000644745325596389,0.798099027114224,0.416505480335267,8476.2518805072,3944
A_C09_022,C09,coarse_scan,reasonable_extension_range,0.36,0.16,0.295293359123146,0.704706640876854,0,0.810144335402862,0.185686653771759,6258.32796045562,2912
A_C09_023,C09,coarse_scan,reasonable_extension_range,0.36,0.64,0.365570599613153,0.634429400386847,0,0.804929448445778,0.326241134751773,5381.47431764453,2504
A_C09_024,C09,coarse_scan,reasonable_extension_range,0.36,1,0.344294003868472,0.655705996131528,0,0.799552115813479,0.283687943262411,5394.36922415646,2510
A_C09_025,C09,coarse_scan,reasonable_extension_range,0.64,0,0.000644745325596389,0.996131528046422,0.00322372662798195,0.807066524143587,0.411347517730497,9155.38362346873,4260
A_C09_026,C09,coarse_scan,reasonable_extension_range,0.64,0.0225,0.000644745325596389,0.999355254674404,0,0.798987351683551,0.417794970986461,8566.51622609069,3986
A_C09_027,C09,coarse_scan,reasonable_extension_range,0.64,0.04,0.000644745325596389,0.999355254674404,0,0.80290389421543,0.417794970986461,8695.46529120997,4046
A_C09_028,C09,coarse_scan,reasonable_extension_range,0.64,0.16,0.307543520309478,0.692456479690522,0,0.805360881136915,0.210186976144423,6056.30775843542,2818
A_C09_029,C09,coarse_scan,reasonable_extension_range,0.64,0.64,0.459058671824629,0.540941328175371,0,0.809507016279031,0.513217279174725,4719.53578336557,2196
A_C09_030,C09,coarse_scan,reasonable_extension_range,0.64,1,0.44100580270793,0.55899419729207,0,0.809328551057879,0.477111540941327,4775.41371158392,2222
A_C09_031,C09,coarse_scan,reasonable_extension_range,1,0,0.000644745325596389,0.999355254674404,0,0.799476043882997,0.417794970986461,8759.93982376961,4076
A_C09_032,C09,coarse_scan,reasonable_extension_range,1,0.0225,0.000644745325596389,0.999355254674404,0,0.802690157913665,0.417794970986461,8944.76681710724,4162
A_C09_033,C09,coarse_scan,reasonable_extension_range,1,0.04,0.000644745325596389,0.999355254674404,0,0.805803300093459,0.417794970986461,9219.85815602837,4290
A_C09_034,C09,coarse_scan,reasonable_extension_range,1,0.16,0.325596389426177,0.674403610573823,0,0.805881802716764,0.246292714377821,5923.0603911455,2756
A_C09_035,C09,coarse_scan,reasonable_extension_range,1,0.64,0.522243713733075,0.477756286266925,0,0.812416520636139,0.639587362991617,4259.61745110681,1982
A_C09_036,C09,coarse_scan,reasonable_extension_range,1,1,0.528691166989039,0.471308833010961,0,0.821836113056495,0.652482269503545,4319.79368149581,2010
A_C10_001,C10,coarse_scan,reasonable_extension_range,0.01,0,0.00124843945068664,0.122347066167291,0.876404494382023,0.678266081069951,1.50312109862672,12892.2180607574,3098
A_C10_002,C10,coarse_scan,reasonable_extension_range,0.01,0.0225,0.00124843945068664,0.230961298377029,0.767790262172285,0.678688549121813,1.28589263420724,12526.0091552226,3010
A_C10_003,C10,coarse_scan,reasonable_extension_range,0.01,0.04,0.00124843945068664,0.259675405742821,0.739076154806492,0.678630756344638,1.22846441947566,12426.1339991677,2986
A_C10_004,C10,coarse_scan,reasonable_extension_range,0.01,0.16,0.00124843945068664,0.528089887640449,0.470661672908864,0.679863898183661,0.6916354556804,11518.9346650021,2768
A_C10_005,C10,coarse_scan,reasonable_extension_range,0.01,0.64,0.00998751560549313,0.701622971285893,0.288389513108614,0.661400407901976,0.344569288389512,9554.72326258843,2296
A_C10_006,C10,coarse_scan,reasonable_extension_range,0.01,1,0.00998751560549313,0.755305867665418,0.234706616729089,0.664783260727427,0.237203495630463,9521.43154390345,2288
A_C10_007,C10,coarse_scan,reasonable_extension_range,0.04,0,0.00124843945068664,0.248439450686642,0.750312109862672,0.678746445097717,1.25093632958801,12459.4257178527,2994
A_C10_008,C10,coarse_scan,reasonable_extension_range,0.04,0.0225,0.00124843945068664,0.328339575530587,0.670411985018727,0.678729563598113,1.09113607990012,12193.0919683729,2930
A_C10_009,C10,coarse_scan,reasonable_extension_range,0.04,0.04,0.00124843945068664,0.364544319600499,0.634207240948814,0.67875549090068,1.0187265917603,12076.5709529754,2902
A_C10_010,C10,coarse_scan,reasonable_extension_range,0.04,0.16,0.00124843945068664,0.616729088639201,0.382022471910112,0.679415635133444,0.514357053682896,11227.6321265085,2698
A_C10_011,C10,coarse_scan,reasonable_extension_range,0.04,0.64,0.0112359550561798,0.730337078651685,0.258426966292135,0.663354720986029,0.287141073657928,9588.01498127341,2304
A_C10_012,C10,coarse_scan,reasonable_extension_range,0.04,1,0.0149812734082397,0.776529338327091,0.208489388264669,0.665324004379154,0.194756554307116,9538.07740324594,2292
A_C10_013,C10,coarse_scan,reasonable_extension_range,0.16,0,0.00124843945068664,0.469413233458177,0.529338327091136,0.679085743829923,0.808988764044944,11702.0391177695,2812
A_C10_014,C10,coarse_scan,reasonable_extension_range,0.16,0.0225,0.00124843945068664,0.595505617977528,0.403245942571785,0.680447588037162,0.556803995006242,11277.569704536,2710
A_C10_015,C10,coarse_scan,reasonable_extension_range,0.16,0.04,0.00124843945068664,0.65792759051186,0.340823970037453,0.679001248242647,0.431960049937578,11077.8193924261,2662
A_C10_016,C10,coarse_scan,reasonable_extension_range,0.16,0.16,0.00124843945068664,0.873907615480649,0.124843945068664,0.681234598760824,0,10312.1098626717,2478
A_C10_017,C10,coarse_scan,reasonable_extension_range,0.16,0.64,0.15230961298377,0.729088639200999,0.118601747815231,0.680309429690932,0.302122347066166,8589.26342072409,2064
A_C10_018,C10,coarse_scan,reasonable_extension_range,0.16,1,0.161048689138577,0.766541822721598,0.0724094881398252,0.67767503258973,0.31960049937578,8397.83603828548,2018
A_C10_019,C10,coarse_scan,reasonable_extension_range,0.36,0,0.00124843945068664,0.873907615480649,0.124843945068664,0.679784537658665,0,10337.0786516854,2484
A_C10_020,C10,coarse_scan,reasonable_extension_range,0.36,0.0225,0.00124843945068664,0.953807740324594,0.0449438202247191,0.679832544230522,0.15980024968789,9979.19267582189,2398
A_C10_021,C10,coarse_scan,reasonable_extension_range,0.36,0.04,0.00124843945068664,0.961298377028714,0.0374531835205993,0.679055400063381,0.17478152309613,9912.60923845193,2382
A_C10_022,C10,coarse_scan,reasonable_extension_range,0.36,0.16,0.00124843945068664,0.995006242197253,0.00374531835205993,0.675869882612301,0.242197253433208,9438.20224719101,2268
A_C10_023,C10,coarse_scan,reasonable_extension_range,0.36,0.64,0.188514357053683,0.795255930087391,0.0162297128589263,0.678453304856325,0.374531835205992,7582.18893050354,1822
A_C10_024,C10,coarse_scan,reasonable_extension_range,0.36,1,0.181023720349563,0.808988764044944,0.00998751560549313,0.67434416861617,0.359550561797752,7565.54307116105,1818
A_C10_025,C10,coarse_scan,reasonable_extension_range,0.64,0,0.00124843945068664,0.953807740324594,0.0449438202247191,0.679460275239063,0.15980024968789,10037.4531835206,2412
A_C10_026,C10,coarse_scan,reasonable_extension_range,0.64,0.0225,0.00124843945068664,0.9812734082397,0.017478152309613,0.678551969090614,0.214731585518102,9787.76529338327,2352
A_C10_027,C10,coarse_scan,reasonable_extension_range,0.64,0.04,0.00124843945068664,0.990012484394507,0.00873907615480649,0.678216074506073,0.232209737827715,9679.5672076571,2326
A_C10_028,C10,coarse_scan,reasonable_extension_range,0.64,0.16,0.00124843945068664,0.997503121098627,0.00124843945068664,0.672007512397356,0.247191011235955,9196.83728672493,2210
A_C10_029,C10,coarse_scan,reasonable_extension_range,0.64,0.64,0.273408239700375,0.725343320848939,0.00124843945068664,0.680103060208508,0.544319600499376,6924.67748647524,1664
A_C10_030,C10,coarse_scan,reasonable_extension_range,0.64,1,0.262172284644195,0.737827715355805,0,0.67502726919056,0.521847690387016,6724.92717436538,1616
A_C10_031,C10,coarse_scan,reasonable_extension_range,1,0,0.00124843945068664,0.973782771535581,0.0249687890137328,0.675357913145944,0.199750312109863,9812.734082397,2358
A_C10_032,C10,coarse_scan,reasonable_extension_range,1,0.0225,0.00124843945068664,0.997503121098627,0.00124843945068664,0.660101755534486,0.247191011235955,9238.45193508115,2220
A_C10_033,C10,coarse_scan,reasonable_extension_range,1,0.04,0.00124843945068664,0.997503121098627,0.00124843945068664,0.658026061302514,0.247191011235955,9138.57677902622,2196
A_C10_034,C10,coarse_scan,reasonable_extension_range,1,0.16,0.00124843945068664,0.997503121098627,0.00124843945068664,0.656447655132615,0.247191011235955,8888.88888888889,2136
A_C10_035,C10,coarse_scan,reasonable_extension_range,1,0.64,0.284644194756554,0.715355805243446,0,0.662757734838422,0.566791510611734,6433.62463587183,1546
A_C10_036,C10,coarse_scan,reasonable_extension_range,1,1,0.279650436953808,0.720349563046192,0,0.656188510522774,0.556803995006242,6225.55139409072,1496
A_C11_001,C11,coarse_scan,reasonable_extension_range,0.01,0,0.000644745325596389,0.212765957446809,0.786589297227595,0.83959038883789,1.54609929078014,12581.1304534709,5854
A_C11_002,C11,coarse_scan,reasonable_extension_range,0.01,0.0225,0.000644745325596389,0.476466795615732,0.522888459058672,0.839867691173693,1.0186976144423,11687.0836019772,5438
A_C11_003,C11,coarse_scan,reasonable_extension_range,0.01,0.04,0.00128949065119278,0.598323662153449,0.400386847195358,0.839244164429094,0.773694390715668,11192.7788523533,5208
A_C11_004,C11,coarse_scan,reasonable_extension_range,0.01,0.16,0.00193423597678917,0.777562862669246,0.220502901353965,0.834295678002675,0.413926499032882,9843.11197077154,4580
A_C11_005,C11,coarse_scan,reasonable_extension_range,0.01,0.64,0.0109606705351386,0.843971631205674,0.145067698259188,0.827036977514753,0.350741457124437,9520.73930797335,4430
A_C11_006,C11,coarse_scan,reasonable_extension_range,0.01,1,0.00967117988394584,0.859445519019987,0.130883301096067,0.806469327653525,0.353320438426822,9774.33913604126,4548
A_C11_007,C11,coarse_scan,reasonable_extension_range,0.04,0,0.000644745325596389,0.423597678916828,0.575757575757576,0.839949087689166,1.1244358478401,11859.0156888029,5518
A_C11_008,C11,coarse_scan,reasonable_extension_range,0.04,0.0225,0.000644745325596389,0.801418439716312,0.197936814958092,0.840091569318451,0.371373307543521,10556.6301310982,4912
A_C11_009,C11,coarse_scan,reasonable_extension_range,0.04,0.04,0.00128949065119278,0.778852353320438,0.219858156028369,0.840147463650823,0.41263700838169,10474.962389856,4874
A_C11_010,C11,coarse_scan,reasonable_extension_range,0.04,0.16,0.208252740167634,0.635074145712444,0.156673114119923,0.838540945093091,0.330109606705351,8162.47582205029,3798
A_C11_011,C11,coarse_scan,reasonable_extension_range,0.04,0.64,0.280464216634429,0.613797549967763,0.105738233397808,0.834491157487065,0.372662798194712,7130.88330109607,3318
A_C11_012,C11,coarse_scan,reasonable_extension_range,0.04,1,0.268214055448098,0.660863958736299,0.0709219858156028,0.833624563364584,0.27852998065764,7070.70707070707,3290
A_C11_013,C11,coarse_scan,reasonable_extension_range,0.16,0,0.000644745325596389,0.929722759509994,0.0696324951644101,0.839798834201384,0.371373307543521,10135.3965183752,4716
A_C11_014,C11,coarse_scan,reasonable_extension_range,0.16,0.0225,0.000644745325596389,0.994842037395229,0.00451321727917473,0.839809610360495,0.38942617666022,9572.31893402106,4454
A_C11_015,C11,coarse_scan,reasonable_extension_range,0.16,0.04,0.00257898130238556,0.994842037395229,0.00257898130238556,0.836523042228927,0.38942617666022,9185.47173866323,4274
A_C11_016,C11,coarse_scan,reasonable_extension_range,0.16,0.16,0.186331399097357,0.800128949065119,0.0135396518375242,0.835902890386427,0,7526.32710079519,3502
A_C11_017,C11,coarse_scan,reasonable_extension_range,0.16,0.64,0.299806576402321,0.687943262411348,0.0122501611863314,0.835509785509066,0.226950354609928,6382.97872340426,2970
A_C11_018,C11,coarse_scan,reasonable_extension_range,0.16,1,0.31076724693746,0.684719535783366,0.00451321727917473,0.83818838550309,0.248871695680206,6297.0126799914,2930
A_C11_019,C11,coarse_scan,reasonable_extension_range,0.36,0,0.000644745325596389,0.988394584139265,0.0109606705351386,0.837192882497286,0.376531270148292,9744.25102084676,4534
A_C11_020,C11,coarse_scan,reasonable_extension_range,0.36,0.0225,0.000644745325596389,0.998710509348807,0.000644745325596389,0.827568627702083,0.397163120567376,8961.96002578981,4170
A_C11_021,C11,coarse_scan,reasonable_extension_range,0.36,0.04,0.00128949065119278,0.998065764023211,0.000644745325596389,0.827469465557679,0.395873629916184,8742.74661508704,4068
A_C11_022,C11,coarse_scan,reasonable_extension_range,0.36,0.16,0.259187620889749,0.740812379110251,0,0.833225378430665,0.145712443584784,6623.68364496024,3082
A_C11_023,C11,coarse_scan,reasonable_extension_range,0.36,0.64,0.408123791102515,0.591231463571889,0.000644745325596389,0.828915910190678,0.443584784010316,5200.94562647754,2420
A_C11_024,C11,coarse_scan,reasonable_extension_range,0.36,1,0.458413926499033,0.540296582849774,0.00128949065119278,0.838504606877328,0.544165054803352,4990.32882011605,2322
A_C11_025,C11,coarse_scan,reasonable_extension_range,0.64,0,0.000644745325596389,0.996776273372018,0.00257898130238556,0.828619834893315,0.393294648613798,9280.03438641736,4318
A_C11_026,C11,coarse_scan,reasonable_extension_range,0.64,0.0225,0.000644745325596389,0.999355254674404,0,0.820518914129226,0.39845261121857,8648.1839673329,4024
A_C11_027,C11,coarse_scan,reasonable_extension_range,0.64,0.04,0.000644745325596389,0.999355254674404,0,0.821495235779446,0.39845261121857,8695.46529120997,4046
A_C11_028,C11,coarse_scan,reasonable_extension_range,0.64,0.16,0.232753062540297,0.767246937459703,0,0.818534797556376,0.0928433268858803,6627.98194713088,3084
A_C11_029,C11,coarse_scan,reasonable_extension_range,0.64,0.64,0.435847840103159,0.563507414571244,0.000644745325596389,0.822825800835549,0.499032882011605,4706.64087685364,2190
A_C11_030,C11,coarse_scan,reasonable_extension_range,0.64,1,0.524177949709865,0.475177304964539,0.000644745325596389,0.834961802444981,0.675693101225016,4238.1259402536,1972
A_C11_031,C11,coarse_scan,reasonable_extension_range,1,0,0.000644745325596389,0.999355254674404,0,0.817111079208453,0.39845261121857,8652.48226950355,4026
A_C11_032,C11,coarse_scan,reasonable_extension_range,1,0.0225,0.000644745325596389,0.999355254674404,0,0.8182233849796,0.39845261121857,8794.32624113475,4092
A_C11_033,C11,coarse_scan,reasonable_extension_range,1,0.04,0.00128949065119278,0.998710509348807,0,0.819926459424298,0.397163120567376,9035.03116269074,4204
A_C11_034,C11,coarse_scan,reasonable_extension_range,1,0.16,0.283687943262411,0.716312056737589,0,0.829955235914023,0.194713088330108,6589.2972275951,3066
A_C11_035,C11,coarse_scan,reasonable_extension_range,1,0.64,0.528691166989039,0.470664087685364,0.000644745325596389,0.830236918626432,0.684719535783365,4203.73952288846,1956
A_C11_036,C11,coarse_scan,reasonable_extension_range,1,1,0.552546744036106,0.447453255963894,0,0.83342443771307,0.732430689877498,3954.43799699119,1840
A_C12_001,C12,coarse_scan,stress_test_range,0.01,0,0.002,0.096,0.902,0.453890276947657,0.652,12880,1932
A_C12_002,C12,coarse_scan,stress_test_range,0.01,0.0225,0.002,0.152,0.846,0.454519573975468,0.54,12733.3333333333,1910
A_C12_003,C12,coarse_scan,stress_test_range,0.01,0.04,0.002,0.16,0.838,0.454453577382913,0.524,12733.3333333333,1910
A_C12_004,C12,coarse_scan,stress_test_range,0.01,0.16,0.002,0.232,0.766,0.454373373795135,0.38,12480,1872
A_C12_005,C12,coarse_scan,stress_test_range,0.01,0.64,0.002,0.572,0.426,0.454472448620403,0.3,11106.6666666667,1666
A_C12_006,C12,coarse_scan,stress_test_range,0.01,1,0.006,0.594,0.4,0.438990894666231,0.352,10053.3333333333,1508
A_C12_007,C12,coarse_scan,stress_test_range,0.04,0,0.002,0.142,0.856,0.454195926088773,0.56,12786.6666666667,1918
A_C12_008,C12,coarse_scan,stress_test_range,0.04,0.0225,0.002,0.19,0.808,0.454297427940287,0.464,12666.6666666667,1900
A_C12_009,C12,coarse_scan,stress_test_range,0.04,0.04,0.002,0.218,0.78,0.454893134430669,0.408,12520,1878
A_C12_010,C12,coarse_scan,stress_test_range,0.04,0.16,0.002,0.318,0.68,0.45634768856656,0.208,12200,1830
A_C12_011,C12,coarse_scan,stress_test_range,0.04,0.64,0.002,0.582,0.416,0.445481543272669,0.32,10786.6666666667,1618
A_C12_012,C12,coarse_scan,stress_test_range,0.04,1,0.01,0.65,0.34,0.4420758906661,0.472,9560,1434
A_C12_013,C12,coarse_scan,stress_test_range,0.16,0,0.002,0.27,0.728,0.454905931895692,0.304,12346.6666666667,1852
A_C12_014,C12,coarse_scan,stress_test_range,0.16,0.0225,0.002,0.348,0.65,0.457569473726391,0.148,12093.3333333333,1814
A_C12_015,C12,coarse_scan,stress_test_range,0.16,0.04,0.002,0.354,0.644,0.456244660760188,0.136,12080,1812
A_C12_016,C12,coarse_scan,stress_test_range,0.16,0.16,0.002,0.422,0.576,0.455422943194659,0,11813.3333333333,1772
A_C12_017,C12,coarse_scan,stress_test_range,0.16,0.64,0.002,0.7,0.298,0.458810228173478,0.556,10600,1590
A_C12_018,C12,coarse_scan,stress_test_range,0.16,1,0.012,0.716,0.272,0.447435572265086,0.608,9506.66666666667,1426
A_C12_019,C12,coarse_scan,stress_test_range,0.36,0,0.002,0.414,0.584,0.457978885130905,0.016,11893.3333333333,1784
A_C12_020,C12,coarse_scan,stress_test_range,0.36,0.0225,0.002,0.428,0.57,0.455992569814461,0.012,11826.6666666667,1774
A_C12_021,C12,coarse_scan,stress_test_range,0.36,0.04,0.002,0.464,0.534,0.457978697607401,0.084,11680,1752
A_C12_022,C12,coarse_scan,stress_test_range,0.36,0.16,0.002,0.622,0.376,0.459048000376257,0.4,11213.3333333333,1682
A_C12_023,C12,coarse_scan,stress_test_range,0.36,0.64,0.002,0.788,0.21,0.460221884475628,0.732,10146.6666666667,1522
A_C12_024,C12,coarse_scan,stress_test_range,0.36,1,0.006,0.82,0.174,0.456769253068603,0.804,9480,1422
A_C12_025,C12,coarse_scan,stress_test_range,0.64,0,0.002,0.552,0.446,0.457934028520493,0.26,11426.6666666667,1714
A_C12_026,C12,coarse_scan,stress_test_range,0.64,0.0225,0.002,0.628,0.37,0.458568453454699,0.412,11160,1674
A_C12_027,C12,coarse_scan,stress_test_range,0.64,0.04,0.002,0.676,0.322,0.460428007950876,0.508,10960,1644
A_C12_028,C12,coarse_scan,stress_test_range,0.64,0.16,0.002,0.902,0.096,0.457877329972845,0.96,10186.6666666667,1528
A_C12_029,C12,coarse_scan,stress_test_range,0.64,0.64,0.018,0.868,0.114,0.457387112522617,0.924,9773.33333333333,1466
A_C12_030,C12,coarse_scan,stress_test_range,0.64,1,0.036,0.882,0.082,0.455616160259123,0.988,9120,1368
A_C12_031,C12,coarse_scan,stress_test_range,1,0,0.002,0.836,0.162,0.456220080354138,0.828,10480,1572
A_C12_032,C12,coarse_scan,stress_test_range,1,0.0225,0.002,0.856,0.142,0.452933983426254,0.868,10386.6666666667,1558
A_C12_033,C12,coarse_scan,stress_test_range,1,0.04,0.002,0.888,0.11,0.454541508128766,0.932,10133.3333333333,1520
A_C12_034,C12,coarse_scan,stress_test_range,1,0.16,0.002,0.976,0.022,0.456038367254211,1.108,9880,1482
A_C12_035,C12,coarse_scan,stress_test_range,1,0.64,0.03,0.946,0.024,0.448764102327124,1.104,9000,1350
A_C12_036,C12,coarse_scan,stress_test_range,1,1,0.058,0.912,0.03,0.451019104638472,1.092,8320,1248
B_C01_001,C01,focused_scan,reasonable_extension_range,0.01,0.01125,0.000644745325596389,0.393939393939394,0.60541586073501,0.8739749340822,1.20954223081883,11953.5783365571,5562
B_C01_002,C01,focused_scan,reasonable_extension_range,0.025,0,0.000644745325596389,0.430689877498388,0.568665377176016,0.873941709749185,1.13604126370084,11828.9275736084,5504
B_C01_003,C01,focused_scan,reasonable_extension_range,0.025,0.01125,0.000644745325596389,0.658284977433914,0.34107027724049,0.873990323657576,0.680851063829786,11055.2331828928,5144
B_C01_004,C01,focused_scan,reasonable_extension_range,0.1,0.1,0.268858800773694,0.722759509993553,0.00838168923275306,0.874370689090486,0.122501611863315,6933.16140124651,3226
B_C01_005,C01,focused_scan,reasonable_extension_range,0.1,0.16,0.295938104448743,0.702127659574468,0.00193423597678917,0.874641151018267,0.0683430045132168,6653.77176015474,3096
B_C01_006,C01,focused_scan,reasonable_extension_range,0.1,0.4,0.332688588007737,0.66602192134107,0.00128949065119278,0.875481701537507,0.00644745325596436,6198.15173006662,2884
B_C01_007,C01,focused_scan,reasonable_extension_range,0.16,0.1,0.343649258542876,0.655705996131528,0.000644745325596389,0.87440098295907,0.0270793036750489,6198.15173006662,2884
B_C01_008,C01,focused_scan,reasonable_extension_range,0.16,0.4,0.424887169568021,0.575112830431979,0,0.875542534344972,0.189555125725339,5368.5794111326,2498
B_C01_009,C01,focused_scan,reasonable_extension_range,0.26,0.1,0.329464861379755,0.670535138620245,0,0.865904454718294,0.00257898130238549,5966.04341285192,2776
B_C01_010,C01,focused_scan,reasonable_extension_range,0.26,0.16,0.30174081237911,0.69825918762089,0,0.860336921817029,0.0580270793036755,5918.76208897485,2754
B_C01_011,C01,focused_scan,reasonable_extension_range,0.26,0.4,0.430045132172792,0.569954867827208,0,0.868638881782928,0.199871050934881,4973.13561143348,2314
B_C01_012,C01,focused_scan,reasonable_extension_range,0.5,0.82,0.524822695035461,0.475177304964539,0,0.869969231091177,0.389426176660219,4173.65140769396,1942
B_C01_013,C01,focused_scan,reasonable_extension_range,0.5,1,0.53384912959381,0.46615087040619,0,0.870480263638811,0.407479045776917,4027.50913389211,1874
B_C01_014,C01,focused_scan,reasonable_extension_range,0.64,0.82,0.54287556415216,0.45712443584784,0,0.868096159866451,0.425531914893617,4023.21083172147,1872
B_C01_015,C01,focused_scan,reasonable_extension_range,0.82,0.82,0.578981302385558,0.421018697614442,0,0.86787963194824,0.497743391360413,3713.7330754352,1728
B_C01_016,C01,focused_scan,reasonable_extension_range,0.82,1,0.620889748549323,0.379110251450677,0,0.874807298433854,0.581560283687943,3378.46550612508,1572
B_C01_017,C01,focused_scan,reasonable_extension_range,1,0.82,0.604126370083817,0.395873629916183,0,0.871371866980586,0.548033526756931,3584.78401031592,1668
B_C02_001,C02,focused_scan,engineering_nominal_range,0.01,0.01125,0.000644745325596389,0.325596389426177,0.673758865248227,0.839678927119848,1.33333333333333,12202.8798624543,5678
B_C02_002,C02,focused_scan,engineering_nominal_range,0.025,0,0.000644745325596389,0.327530625402966,0.671824629271438,0.839625706104202,1.32946486137975,12189.9849559424,5672
B_C02_003,C02,focused_scan,engineering_nominal_range,0.025,0.01125,0.000644745325596389,0.449387491940683,0.54996776273372,0.839936835925864,1.08575112830432,11777.3479475607,5480
B_C02_004,C02,focused_scan,engineering_nominal_range,0.1,0.1,0.000644745325596389,0.99290780141844,0.00644745325596389,0.838757379581963,0.404900064474533,9383.19363851279,4366
B_C02_005,C02,focused_scan,engineering_nominal_range,0.1,0.16,0.168278529980658,0.792392005157963,0.0393294648613798,0.837872391635615,0.0683430045132175,7844.40146142274,3650
B_C02_006,C02,focused_scan,engineering_nominal_range,0.1,0.4,0.166344294003868,0.820760799484204,0.0128949065119278,0.838913532259821,0.0722114764667965,7711.15409413282,3588
B_C02_007,C02,focused_scan,engineering_nominal_range,0.16,0.1,0.000644745325596389,0.996131528046422,0.00322372662798195,0.839000665527322,0.411347517730497,9408.98345153664,4378
B_C02_008,C02,focused_scan,engineering_nominal_range,0.16,0.4,0.192134107027724,0.806576402321083,0.00128949065119278,0.837286104978313,0.0322372662798194,7307.11369009241,3400
B_C02_009,C02,focused_scan,engineering_nominal_range,0.26,0.1,0.000644745325596389,0.998065764023211,0.00128949065119278,0.838779228743848,0.415215989684075,9340.21061680636,4346
B_C02_010,C02,focused_scan,engineering_nominal_range,0.26,0.16,0.315925209542231,0.683430045132173,0.000644745325596389,0.838501737972029,0.226950354609929,6404.47023425747,2980
B_C02_011,C02,focused_scan,engineering_nominal_range,0.26,0.4,0.277240490006447,0.722114764667956,0.000644745325596389,0.831508985124146,0.149580915538362,6292.71437782076,2928
B_C02_012,C02,focused_scan,engineering_nominal_range,0.82,0.4,0.39651837524178,0.603481624758221,0,0.83437655231076,0.388136686009026,5510.42338276381,2564
B_C02_013,C02,focused_scan,engineering_nominal_range,0.82,0.64,0.488072211476467,0.511927788523533,0,0.831011286784277,0.571244358478401,4564.79690522244,2124
B_C02_014,C02,focused_scan,engineering_nominal_range,0.82,0.82,0.480980012894906,0.519019987105093,0,0.829569778824299,0.55705996131528,4530.4104878573,2108
B_C02_015,C02,focused_scan,engineering_nominal_range,0.82,1,0.540296582849774,0.459703417150226,0,0.840278395982977,0.675693101225015,4259.61745110681,1982
B_C02_016,C02,focused_scan,engineering_nominal_range,1,0.4,0.4107027724049,0.5892972275951,0,0.83845911978752,0.416505480335267,5510.42338276381,2564
B_C02_017,C02,focused_scan,engineering_nominal_range,1,0.82,0.52675693101225,0.47324306898775,0,0.835535133916233,0.648613797549967,4294.00386847195,1998
B_C03_001,C03,focused_scan,reasonable_extension_range,0.01,0.01125,0.00124843945068664,0.188514357053683,0.81023720349563,0.755578835663617,1.5605493133583,12642.5301706201,3038
B_C03_002,C03,focused_scan,reasonable_extension_range,0.025,0,0.00124843945068664,0.242197253433208,0.756554307116105,0.755709149295715,1.45318352059925,12451.1027881814,2992
B_C03_003,C03,focused_scan,reasonable_extension_range,0.025,0.01125,0.00124843945068664,0.284644194756554,0.714107365792759,0.755898922062621,1.36828963795256,12309.6129837703,2958
B_C03_004,C03,focused_scan,reasonable_extension_range,0.1,0.1,0.00124843945068664,0.870162297128589,0.128589263420724,0.756840702362739,0.19725343320849,10295.4640033292,2474
B_C03_005,C03,focused_scan,reasonable_extension_range,0.1,0.16,0.00124843945068664,0.912609238451935,0.0861423220973783,0.755707567948951,0.112359550561798,9762.79650436954,2346
B_C03_006,C03,focused_scan,reasonable_extension_range,0.1,0.4,0.359550561797753,0.392009987515606,0.248439450686642,0.757293957284613,1.15355805243446,7007.90678318768,1684
B_C03_007,C03,focused_scan,reasonable_extension_range,0.1,0.82,0.207240948813983,0.711610486891386,0.0811485642946317,0.758173632048202,0.514357053682897,7898.46025801082,1898
B_C03_008,C03,focused_scan,reasonable_extension_range,0.1,1,0.187265917602996,0.755305867665418,0.0574282147315855,0.758257659305032,0.426966292134831,7923.42904702455,1904
B_C03_009,C03,focused_scan,reasonable_extension_range,0.16,0.1,0.00124843945068664,0.978776529338327,0.0199750312109863,0.756483997624895,0.0199750312109861,9662.92134831461,2322
B_C03_010,C03,focused_scan,reasonable_extension_range,0.16,0.4,0.240948813982522,0.675405742821473,0.083645443196005,0.758041429277689,0.586766541822722,7607.15771951727,1828
B_C03_011,C03,focused_scan,reasonable_extension_range,0.16,0.82,0.187265917602996,0.784019975031211,0.0287141073657928,0.757257207768886,0.372034956304619,7890.13732833958,1896
B_C03_012,C03,focused_scan,reasonable_extension_range,0.26,0.1,0.00124843945068664,0.98876404494382,0.00998751560549313,0.754511788195071,0.0399500624219723,9446.52517686225,2270
B_C03_013,C03,focused_scan,reasonable_extension_range,0.26,0.16,0.00124843945068664,0.98501872659176,0.0137328339575531,0.750653964684966,0.0324594257178523,9080.31627132751,2182
B_C03_014,C03,focused_scan,reasonable_extension_range,0.26,0.4,0.215980024968789,0.770287141073658,0.0137328339575531,0.758059722707108,0.429463171036205,7507.28256346234,1804
B_C03_015,C03,focused_scan,reasonable_extension_range,0.26,0.82,0.212234706616729,0.781523096129838,0.00624219725343321,0.757125918540117,0.421972534332085,7407.40740740741,1780
B_C03_016,C03,focused_scan,reasonable_extension_range,0.26,1,0.204744069912609,0.786516853932584,0.00873907615480649,0.755015269466136,0.406991260923845,7382.43861839367,1774
B_C03_017,C03,focused_scan,reasonable_extension_range,0.82,0.4,0.35705368289638,0.64294631710362,0,0.755797868369914,0.711610486891387,6075.73866000832,1460
B_C03_018,C03,focused_scan,reasonable_extension_range,0.82,0.64,0.32334581772784,0.67665418227216,0,0.739285013904287,0.644194756554307,5817.72784019975,1398
B_C03_019,C03,focused_scan,reasonable_extension_range,0.82,0.82,0.298377028714107,0.701622971285893,0,0.731199722815568,0.594257178526841,5934.24885559717,1426
B_C03_020,C03,focused_scan,reasonable_extension_range,0.82,1,0.370786516853933,0.629213483146067,0,0.758991236990199,0.739076154806493,5834.37369954224,1402
B_C03_021,C03,focused_scan,reasonable_extension_range,1,0.4,0.328339575530587,0.671660424469413,0,0.738559064112825,0.654182272159801,5934.24885559717,1426
B_C03_022,C03,focused_scan,reasonable_extension_range,1,0.82,0.290886392009988,0.709113607990012,0,0.725697443461525,0.579275905118603,5826.05076987099,1400
B_C04_001,C04,focused_scan,paper_experimental_range,0.01,0.01125,0.00124843945068664,0.204744069912609,0.794007490636704,0.710777142965533,1.33832709113608,12617.5613816063,3032
B_C04_002,C04,focused_scan,paper_experimental_range,0.025,0,0.00124843945068664,0.214731585518102,0.784019975031211,0.710876208756492,1.31835205992509,12575.9467332501,3022
B_C04_003,C04,focused_scan,paper_experimental_range,0.025,0.01125,0.00124843945068664,0.255930087390762,0.742821473158552,0.710551974897672,1.23595505617977,12434.456928839,2988
B_C04_004,C04,focused_scan,paper_experimental_range,0.1,0.1,0.00124843945068664,0.660424469413233,0.33832709113608,0.711478599172298,0.426966292134832,11086.1423220974,2664
B_C04_005,C04,focused_scan,paper_experimental_range,0.1,0.16,0.00124843945068664,0.806491885143571,0.192259675405743,0.71275520421351,0.134831460674157,10611.7353308365,2550
B_C04_006,C04,focused_scan,paper_experimental_range,0.1,0.4,0.00124843945068664,0.772784019975031,0.225967540574282,0.708460048838823,0.202247191011236,10212.2347066167,2454
B_C04_007,C04,focused_scan,paper_experimental_range,0.16,0.1,0.00124843945068664,0.873907615480649,0.124843945068664,0.711919466696722,0,10353.7245110279,2488
B_C04_008,C04,focused_scan,paper_experimental_range,0.16,0.4,0.0399500624219725,0.858926342072409,0.101123595505618,0.711960336281427,0.0774032459425718,9662.92134831461,2322
B_C04_009,C04,focused_scan,paper_experimental_range,0.26,0.1,0.00124843945068664,0.987515605493134,0.0112359550561798,0.711979340219856,0.227215980024969,9687.89013732834,2328
B_C04_010,C04,focused_scan,paper_experimental_range,0.26,0.16,0.00124843945068664,0.98501872659176,0.0137328339575531,0.710689666083089,0.222222222222222,9571.36912193092,2300
B_C04_011,C04,focused_scan,paper_experimental_range,0.26,0.4,0.00873907615480649,0.976279650436954,0.0149812734082397,0.709141368198996,0.219725343320849,9271.74365376613,2228
B_C04_012,C04,focused_scan,paper_experimental_range,0.26,0.82,0.15605493133583,0.811485642946317,0.0324594257178527,0.706166016810869,0.309612983770287,7865.16853932584,1890
B_C04_013,C04,focused_scan,paper_experimental_range,0.26,1,0.169787765293383,0.805243445692884,0.0249687890137328,0.707974709778565,0.337078651685393,7707.0328755722,1852
B_C04_014,C04,focused_scan,paper_experimental_range,0.36,0.82,0.161048689138577,0.826466916354557,0.0124843945068664,0.710227133243247,0.31960049937578,7781.9392426134,1870
B_C04_015,C04,focused_scan,paper_experimental_range,0.5,0.82,0.247191011235955,0.750312109862672,0.00249687890137328,0.711429560892847,0.491885143570536,7116.10486891386,1710
B_C04_016,C04,focused_scan,paper_experimental_range,0.5,1,0.250936329588015,0.749063670411985,0,0.712041155623401,0.499375780274656,7016.22971285893,1686
B_C04_017,C04,focused_scan,paper_experimental_range,0.82,0.4,0.0823970037453183,0.916354556803995,0.00124843945068664,0.71058847254253,0.247191011235955,8805.65959217645,2116
B_C04_018,C04,focused_scan,paper_experimental_range,0.82,0.64,0.297128589263421,0.702871410736579,0,0.709754980128423,0.591760299625468,6591.76029962547,1584
B_C04_019,C04,focused_scan,paper_experimental_range,0.82,0.82,0.285892634207241,0.714107365792759,0,0.703845527704704,0.569288389513108,6408.65584685809,1540
B_C04_020,C04,focused_scan,paper_experimental_range,0.82,1,0.300873907615481,0.699126092384519,0,0.702841686540235,0.599250936329588,6358.71826883063,1528
B_C04_021,C04,focused_scan,paper_experimental_range,1,0.4,0.0823970037453183,0.917602996254682,0,0.708114078100544,0.249687890137329,8872.2430295464,2132
B_C04_022,C04,focused_scan,paper_experimental_range,1,0.82,0.303370786516854,0.696629213483146,0,0.692173772758116,0.604244694132334,6109.0303786933,1468
B_C07_001,C07,focused_scan,reasonable_extension_range,0.01,0.01125,0.000644745325596389,0.368149580915538,0.631205673758865,0.847276132753276,1.25983236621535,12061.0358908231,5612
B_C07_002,C07,focused_scan,reasonable_extension_range,0.025,0,0.000644745325596389,0.326241134751773,0.673114119922631,0.847133291259644,1.34364925854288,12198.5815602837,5676
B_C07_003,C07,focused_scan,reasonable_extension_range,0.025,0.01125,0.000644745325596389,0.500322372662798,0.499032882011605,0.847460222547604,0.995486782720825,11605.415860735,5400
B_C07_004,C07,focused_scan,reasonable_extension_range,0.1,0.1,0.000644745325596389,0.989684074790458,0.00967117988394584,0.846358634573008,0.410058027079304,9267.13947990544,4312
B_C07_005,C07,focused_scan,reasonable_extension_range,0.1,0.16,0.137975499677627,0.85170857511283,0.0103159252095422,0.84513861186589,0.135396518375241,7926.06920266495,3688
B_C07_006,C07,focused_scan,reasonable_extension_range,0.1,0.4,0.164410058027079,0.831076724693746,0.00451321727917473,0.843945583826052,0.082527401676338,7517.7304964539,3498
B_C07_007,C07,focused_scan,reasonable_extension_range,0.16,0.1,0.000644745325596389,0.994842037395229,0.00451321727917473,0.845601641085388,0.410058027079304,9366.00042983022,4358
B_C07_008,C07,focused_scan,reasonable_extension_range,0.16,0.4,0.221792392005158,0.776918117343649,0.00128949065119278,0.844416687044814,0.03223726627982,7014.82914248872,3264
B_C07_009,C07,focused_scan,reasonable_extension_range,0.26,0.1,0.00451321727917473,0.994842037395229,0.000644745325596389,0.843171973326377,0.40361057382334,9357.40382548893,4354
B_C07_010,C07,focused_scan,reasonable_extension_range,0.26,0.16,0.290135396518375,0.709219858156028,0.000644745325596389,0.841325507317798,0.168923275306254,6511.92778852353,3030
B_C07_011,C07,focused_scan,reasonable_extension_range,0.26,0.4,0.279819471308833,0.718891038039974,0.00128949065119278,0.836997820899476,0.14829142488717,6322.80249301526,2942
B_C07_012,C07,focused_scan,reasonable_extension_range,0.26,0.82,0.373952288845906,0.625402965828498,0.000644745325596389,0.841617719463345,0.336557059961315,5613.58263485923,2612
B_C07_013,C07,focused_scan,reasonable_extension_range,0.26,1,0.368794326241135,0.631205673758865,0,0.83765370734518,0.326241134751774,5613.58263485923,2612
B_C07_014,C07,focused_scan,reasonable_extension_range,0.36,0.82,0.348807221147647,0.651192778852353,0,0.833530459632746,0.286266924564798,5471.73866322802,2546
B_C07_015,C07,focused_scan,reasonable_extension_range,0.5,0.82,0.390070921985816,0.609929078014184,0,0.830673058440919,0.368794326241136,5106.3829787234,2376
B_C07_016,C07,focused_scan,reasonable_extension_range,0.5,1,0.415215989684075,0.584784010315925,0,0.834294217638489,0.419084461637654,4951.64410058027,2304
B_C07_017,C07,focused_scan,reasonable_extension_range,0.82,0.4,0.384912959381044,0.615087040618955,0,0.840640054484444,0.358478401031593,5609.28433268859,2610
B_C07_018,C07,focused_scan,reasonable_extension_range,0.82,0.64,0.493874919406834,0.506125080593166,0,0.83620373396233,0.576402321083172,4401.46142273802,2048
B_C07_019,C07,focused_scan,reasonable_extension_range,0.82,0.82,0.49645390070922,0.50354609929078,0,0.833696814262652,0.581560283687944,4319.79368149581,2010
B_C07_020,C07,focused_scan,reasonable_extension_range,0.82,1,0.562217923920052,0.437782076079948,0,0.842722196819775,0.713088330109608,3993.12271652697,1858
B_C07_021,C07,focused_scan,reasonable_extension_range,1,0.4,0.417150225660864,0.582849774339136,0,0.843166023855321,0.422952933591232,5433.05394369224,2528
B_C07_022,C07,focused_scan,reasonable_extension_range,1,0.82,0.516441005802708,0.483558994197292,0,0.833918873196374,0.62153449387492,4173.65140769396,1942
B_C08_001,C08,focused_scan,reasonable_extension_range,0.01,0.01125,0.00124843945068664,0.230961298377029,0.767790262172285,0.730252299128033,1.42322097378277,12534.3320848939,3012
B_C08_002,C08,focused_scan,reasonable_extension_range,0.025,0,0.00124843945068664,0.217228464419476,0.781523096129838,0.730219715623154,1.45068664169788,12567.6238035789,3020
B_C08_003,C08,focused_scan,reasonable_extension_range,0.025,0.01125,0.00124843945068664,0.294631710362047,0.704119850187266,0.730274731253462,1.29588014981273,12317.9359134415,2960
B_C08_004,C08,focused_scan,reasonable_extension_range,0.1,0.1,0.00124843945068664,0.757802746566791,0.240948813982522,0.731388963277573,0.369538077403246,10786.5168539326,2592
B_C08_005,C08,focused_scan,reasonable_extension_range,0.1,0.16,0.00124843945068664,0.799001248439451,0.199750312109863,0.73106851817045,0.287141073657927,10628.3811901789,2554
B_C08_006,C08,focused_scan,reasonable_extension_range,0.1,0.4,0.00374531835205993,0.82521847690387,0.17103620474407,0.719034882474922,0.234706616729088,9504.78568456097,2284
B_C08_007,C08,focused_scan,reasonable_extension_range,0.16,0.1,0.00124843945068664,0.935081148564295,0.0636704119850187,0.731831979671632,0.0149812734082388,10178.9429879318,2446
B_C08_008,C08,focused_scan,reasonable_extension_range,0.16,0.4,0.0299625468164794,0.897627965043695,0.0724094881398252,0.726526052395129,0.089887640449438,9612.98377028714,2310
B_C08_009,C08,focused_scan,reasonable_extension_range,0.26,0.1,0.00124843945068664,0.98501872659176,0.0137328339575531,0.730265747841204,0.0848938826466918,9612.98377028714,2310
B_C08_010,C08,focused_scan,reasonable_extension_range,0.26,0.16,0.00124843945068664,0.98876404494382,0.00998751560549313,0.72913927581838,0.0923845193508117,9454.8481065335,2272
B_C08_011,C08,focused_scan,reasonable_extension_range,0.26,0.4,0.139825218476904,0.808988764044944,0.0511860174781523,0.729791606655802,0.277153558052434,8131.50228880566,1954
B_C08_012,C08,focused_scan,reasonable_extension_range,0.5,0.82,0.230961298377029,0.769038701622971,0,0.726658040132835,0.459425717852684,6974.6150645027,1676
B_C08_013,C08,focused_scan,reasonable_extension_range,0.5,1,0.240948813982522,0.759051186017478,0,0.726901696009643,0.47940074906367,6899.70869746151,1658
B_C08_014,C08,focused_scan,reasonable_extension_range,0.64,0.82,0.270911360799001,0.729088639200999,0,0.724584992887641,0.539325842696628,6625.05201831044,1592
B_C08_015,C08,focused_scan,reasonable_extension_range,0.82,0.4,0.249687890137328,0.750312109862672,0,0.723871537677536,0.496878901373282,6849.77111943404,1646
B_C08_016,C08,focused_scan,reasonable_extension_range,0.82,0.64,0.249687890137328,0.750312109862672,0,0.714320097847102,0.496878901373282,6650.02080732418,1598
B_C08_017,C08,focused_scan,reasonable_extension_range,0.82,0.82,0.283395755305868,0.716604244694132,0,0.721212215514461,0.564294631710362,6441.94756554307,1548
B_C08_018,C08,focused_scan,reasonable_extension_range,0.82,1,0.324594257178527,0.675405742821473,0,0.723343529820677,0.64669163545568,6225.55139409072,1496
B_C08_019,C08,focused_scan,reasonable_extension_range,1,0.4,0.283395755305868,0.716604244694132,0,0.715968755207461,0.564294631710362,6483.56221389929,1558
B_C08_020,C08,focused_scan,reasonable_extension_range,1,0.82,0.268414481897628,0.731585518102372,0,0.695355666389789,0.534332084893882,6208.90553474823,1492
B_C09_001,C09,focused_scan,reasonable_extension_range,0.01,0.01125,0.000644745325596389,0.325596389426177,0.673758865248227,0.821865476597272,1.33333333333333,12202.8798624543,5678
B_C09_002,C09,focused_scan,reasonable_extension_range,0.025,0,0.000644745325596389,0.327530625402966,0.671824629271438,0.821806342083933,1.32946486137975,12189.9849559424,5672
B_C09_003,C09,focused_scan,reasonable_extension_range,0.025,0.01125,0.000644745325596389,0.449387491940683,0.54996776273372,0.822152041914617,1.08575112830432,11777.3479475607,5480
B_C09_004,C09,focused_scan,reasonable_extension_range,0.1,0.1,0.000644745325596389,0.99290780141844,0.00644745325596389,0.820841535318011,0.404900064474533,9383.19363851279,4366
B_C09_005,C09,focused_scan,reasonable_extension_range,0.1,0.16,0.168278529980658,0.792392005157963,0.0393294648613798,0.819858217086019,0.0683430045132175,7844.40146142274,3650
B_C09_006,C09,focused_scan,reasonable_extension_range,0.1,0.4,0.166344294003868,0.820760799484204,0.0128949065119278,0.821015044873779,0.0722114764667965,7711.15409413282,3588
B_C09_007,C09,focused_scan,reasonable_extension_range,0.16,0.1,0.000644745325596389,0.996131528046422,0.00322372662798195,0.821111852548361,0.411347517730497,9408.98345153664,4378
B_C09_008,C09,focused_scan,reasonable_extension_range,0.16,0.4,0.192134107027724,0.806576402321083,0.00128949065119278,0.819206813937886,0.0322372662798194,7307.11369009241,3400
B_C09_009,C09,focused_scan,reasonable_extension_range,0.26,0.1,0.000644745325596389,0.998065764023211,0.00128949065119278,0.820865811751345,0.415215989684075,9340.21061680636,4346
B_C09_010,C09,focused_scan,reasonable_extension_range,0.26,0.16,0.315925209542231,0.683430045132173,0.000644745325596389,0.820557491237763,0.226950354609929,6404.47023425747,2980
B_C09_011,C09,focused_scan,reasonable_extension_range,0.26,0.4,0.277240490006447,0.722114764667956,0.000644745325596389,0.812787785569004,0.149580915538362,6292.71437782076,2928
B_C09_012,C09,focused_scan,reasonable_extension_range,0.82,0.4,0.39651837524178,0.603481624758221,0,0.815973957041051,0.388136686009026,5510.42338276381,2564
B_C09_013,C09,focused_scan,reasonable_extension_range,0.82,0.64,0.488072211476467,0.511927788523533,0,0.81223476784815,0.571244358478401,4564.79690522244,2124
B_C09_014,C09,focused_scan,reasonable_extension_range,0.82,0.82,0.480980012894906,0.519019987105093,0,0.810576850071164,0.55705996131528,4521.81388351601,2104
B_C09_015,C09,focused_scan,reasonable_extension_range,0.82,1,0.540296582849774,0.459703417150226,0,0.822531556236834,0.675693101225015,4259.61745110681,1982
B_C09_016,C09,focused_scan,reasonable_extension_range,1,0.4,0.4107027724049,0.5892972275951,0,0.820510143254626,0.416505480335267,5510.42338276381,2564
B_C09_017,C09,focused_scan,reasonable_extension_range,1,0.82,0.52675693101225,0.47324306898775,0,0.817261267187172,0.648613797549967,4294.00386847195,1998
B_C10_001,C10,focused_scan,reasonable_extension_range,0.01,0.01125,0.00124843945068664,0.204744069912609,0.794007490636704,0.678641277105286,1.33832709113608,12617.5613816063,3032
B_C10_002,C10,focused_scan,reasonable_extension_range,0.025,0,0.00124843945068664,0.214731585518102,0.784019975031211,0.678751347679056,1.31835205992509,12575.9467332501,3022
B_C10_003,C10,focused_scan,reasonable_extension_range,0.025,0.01125,0.00124843945068664,0.255930087390762,0.742821473158552,0.678391087074272,1.23595505617977,12434.456928839,2988
B_C10_004,C10,focused_scan,reasonable_extension_range,0.1,0.1,0.00124843945068664,0.660424469413233,0.33832709113608,0.679420668540755,0.426966292134832,11086.1423220974,2664
B_C10_005,C10,focused_scan,reasonable_extension_range,0.1,0.16,0.00124843945068664,0.806491885143571,0.192259675405743,0.680839116558504,0.134831460674157,10611.7353308365,2550
B_C10_006,C10,focused_scan,reasonable_extension_range,0.1,0.4,0.00124843945068664,0.772784019975031,0.225967540574282,0.676066777355273,0.202247191011236,10212.2347066167,2454
B_C10_007,C10,focused_scan,reasonable_extension_range,0.16,0.1,0.00124843945068664,0.873907615480649,0.124843945068664,0.679910520978001,0,10353.7245110279,2488
B_C10_008,C10,focused_scan,reasonable_extension_range,0.16,0.4,0.0399500624219725,0.858926342072409,0.101123595505618,0.679955932791029,0.0774032459425718,9662.92134831461,2322
B_C10_009,C10,focused_scan,reasonable_extension_range,0.26,0.1,0.00124843945068664,0.987515605493134,0.0112359550561798,0.679977045383993,0.227215980024969,9687.89013732834,2328
B_C10_010,C10,focused_scan,reasonable_extension_range,0.26,0.16,0.00124843945068664,0.98501872659176,0.0137328339575531,0.678544075290015,0.222222222222222,9571.36912193092,2300
B_C10_011,C10,focused_scan,reasonable_extension_range,0.26,0.4,0.00873907615480649,0.976279650436954,0.0149812734082397,0.676823697244928,0.219725343320849,9271.74365376613,2228
B_C10_012,C10,focused_scan,reasonable_extension_range,0.26,0.82,0.15605493133583,0.811485642946317,0.0324594257178527,0.673517790660248,0.309612983770287,7865.16853932584,1890
B_C10_013,C10,focused_scan,reasonable_extension_range,0.26,1,0.16729088639201,0.811485642946317,0.0212234706616729,0.674956131329348,0.332084893882647,7690.38701622971,1848
B_C10_014,C10,focused_scan,reasonable_extension_range,0.36,0.82,0.161048689138577,0.826466916354557,0.0124843945068664,0.678030150719842,0.31960049937578,7781.9392426134,1870
B_C10_015,C10,focused_scan,reasonable_extension_range,0.5,0.82,0.247191011235955,0.750312109862672,0.00249687890137328,0.679366180494604,0.491885143570536,7116.10486891386,1710
B_C10_016,C10,focused_scan,reasonable_extension_range,0.5,1,0.240948813982522,0.759051186017478,0,0.678721197338018,0.47940074906367,7024.55264253017,1688
B_C10_017,C10,focused_scan,reasonable_extension_range,0.82,0.4,0.0823970037453183,0.916354556803995,0.00124843945068664,0.678431631080488,0.247191011235955,8805.65959217645,2116
B_C10_018,C10,focused_scan,reasonable_extension_range,0.82,0.64,0.297128589263421,0.702871410736579,0,0.677505510643918,0.591760299625468,6591.76029962547,1584
B_C10_019,C10,focused_scan,reasonable_extension_range,0.82,0.82,0.285892634207241,0.714107365792759,0,0.670939470730379,0.569288389513108,6408.65584685809,1540
B_C10_020,C10,focused_scan,reasonable_extension_range,0.82,1,0.300873907615481,0.699126092384519,0,0.669824076484059,0.599250936329588,6358.71826883063,1528
B_C10_021,C10,focused_scan,reasonable_extension_range,1,0.4,0.0823970037453183,0.917602996254682,0,0.675682309895238,0.249687890137329,8872.2430295464,2132
B_C10_022,C10,focused_scan,reasonable_extension_range,1,0.82,0.303370786516854,0.696629213483146,0,0.657970853042899,0.604244694132334,6109.0303786933,1468
B_C11_001,C11,focused_scan,reasonable_extension_range,0.01,0.01125,0.000644745325596389,0.33397807865893,0.665377176015474,0.839800215546709,1.3036750483559,12172.7917472598,5664
B_C11_002,C11,focused_scan,reasonable_extension_range,0.025,0,0.000644745325596389,0.328175370728562,0.671179883945841,0.83962587332622,1.31528046421663,12185.6866537718,5670
B_C11_003,C11,focused_scan,reasonable_extension_range,0.025,0.01125,0.000644745325596389,0.462927143778208,0.536428110896196,0.839821788889762,1.04577691811734,11725.768321513,5456
B_C11_004,C11,focused_scan,reasonable_extension_range,0.1,0.1,0.0941328175370729,0.878143133462282,0.0277240490006447,0.836645245038008,0.184397163120568,8433.26885880077,3924
B_C11_005,C11,focused_scan,reasonable_extension_range,0.1,0.16,0.120567375886525,0.854932301740812,0.0245003223726628,0.837558554558162,0.131528046421664,8192.56393724479,3812
B_C11_006,C11,focused_scan,reasonable_extension_range,0.1,0.4,0.199226305609284,0.780786589297228,0.0199871050934881,0.836890386825737,0.0386847195357819,7362.99161831077,3426
B_C11_007,C11,focused_scan,reasonable_extension_range,0.16,0.1,0.168278529980658,0.825274016763378,0.00644745325596389,0.837699428216396,0.0502901353965183,7758.43541800989,3610
B_C11_008,C11,focused_scan,reasonable_extension_range,0.16,0.4,0.259187620889749,0.72856221792392,0.0122501611863314,0.836912222000128,0.145712443584784,6761.2293144208,3146
B_C11_009,C11,focused_scan,reasonable_extension_range,0.26,0.1,0.20180528691167,0.794326241134752,0.00386847195357834,0.83299076940299,0.0309477756286258,7268.42897055663,3382
B_C11_010,C11,focused_scan,reasonable_extension_range,0.26,0.16,0.241779497098646,0.756931012250161,0.00128949065119278,0.833317601118111,0.110896196002578,6825.70384698044,3176
B_C11_011,C11,focused_scan,reasonable_extension_range,0.26,0.4,0.392649903288201,0.60541586073501,0.00193423597678917,0.834028912787006,0.412637008381688,5458.8437567161,2540
B_C11_012,C11,focused_scan,reasonable_extension_range,0.82,0.4,0.49645390070922,0.50354609929078,0,0.832352624492442,0.620245003223726,4547.60369653987,2116
B_C11_013,C11,focused_scan,reasonable_extension_range,0.82,0.64,0.476466795615732,0.522888459058672,0.000644745325596389,0.829629762576736,0.58027079303675,4543.30539436922,2114
B_C11_014,C11,focused_scan,reasonable_extension_range,0.82,0.82,0.517085751128304,0.482914248871696,0,0.831779251063033,0.661508704061894,4311.19707715452,2006
B_C11_015,C11,focused_scan,reasonable_extension_range,0.82,1,0.557704706640877,0.442295293359123,0,0.833418263215505,0.74274661508704,3980.22781001504,1852
B_C11_016,C11,focused_scan,reasonable_extension_range,1,0.4,0.509348807221148,0.490651192778852,0,0.830162133339184,0.646034816247582,4401.46142273802,2048
B_C11_017,C11,focused_scan,reasonable_extension_range,1,0.82,0.575112830431979,0.424887169568021,0,0.838916464957469,0.777562862669244,3975.9295078444,1850
