cohort_type,cohort,predictor,causality_class,ranking_valid,sample_count,candidate_bank_semantics,top1_flip_vs_P0_rate,top3_flip_vs_P0_rate,mode_flip_vs_P0_rate,feasibility_flip_vs_P0_rate,top1_agreement_with_P5_rate,top1_recovery_eligible_count,top1_recovered_count,top1_recovery_rate,top1_new_error_count,mode_recovery_eligible_count,mode_recovered_count,mode_recovery_rate,mode_new_error_count,top3_jaccard_vs_P5,S2_changed_command_rate,diagnostic_top1_voltage_changed_rate
aggregate,REPRODUCTION_ALL,P0,causal_original,1,24153,offline_diagnostic_candidate_bank_not_native_Zhou_candidates,0,0,0,0,0.988655653542003,274,0,0,0,227,0,0,0,0.968989359499855,0,0.0386287417712085
aggregate,REPRODUCTION_ALL,P1,causal_original,1,24153,offline_diagnostic_candidate_bank_not_native_Zhou_candidates,0.0941083923322155,0.165403883575539,0.0577982031217654,0.176458410963441,0.902952014242537,274,83,0.302919708029197,2153,227,70,0.308370044052863,1289,0.912710636359872,0,0.110669482051919
aggregate,REPRODUCTION_ALL,P2a,causal_previous_period_oracle,1,24129,offline_diagnostic_candidate_bank_not_native_Zhou_candidates,0.0150026938538688,0.0460441792034481,0.00770856645530275,0.0268556508765386,0.976542749388702,274,35,0.127737226277372,327,227,22,0.0969162995594714,164,0.959737245638029,0,0.0491939160346471
aggregate,REPRODUCTION_ALL,P2b,offline_physical_parameter_oracle,1,24153,offline_diagnostic_candidate_bank_not_native_Zhou_candidates,0.143750258767027,0.212147559309403,0.0642570281124498,0.193392125201838,0.855752908541382,274,130,0.474452554744526,3340,227,113,0.497797356828194,1437,0.895424998964932,0,0.163085331014781
aggregate,REPRODUCTION_ALL,P2c,noncausal_future_endpoint_oracle,0,24153,offline_diagnostic_candidate_bank_not_native_Zhou_candidates,0.0160642570281124,0.0447977476917981,0.0130418581542666,0.0275328116590072,NaN,0,0,NaN,0,0,0,NaN,0,NaN,0,0.0445079286217033
aggregate,REPRODUCTION_ALL,P3a,causal_previous_period_oracle,1,24129,offline_diagnostic_candidate_bank_not_native_Zhou_candidates,0.00998798126735463,0.0537941895644245,0.00949065439927059,0.0247005677815077,0.996145716772349,274,211,0.77007299270073,30,227,199,0.876651982378855,30,0.988354262505699,0,0.0392888225786398
aggregate,REPRODUCTION_ALL,P3b,offline_physical_parameter_oracle,1,24153,offline_diagnostic_candidate_bank_not_native_Zhou_candidates,0.0101850701776177,0.0591230902993417,0.00948122386453029,0.0304724050842545,0.996025338467271,274,212,0.773722627737226,34,227,195,0.859030837004405,34,0.987496377261624,0,0.0402020452945804
aggregate,REPRODUCTION_ALL,P3c,noncausal_future_endpoint_oracle,0,24153,offline_diagnostic_candidate_bank_not_native_Zhou_candidates,0.0108889164907051,0.0551898314909121,0.00919140479443547,0.0267875626216205,NaN,0,0,NaN,0,0,0,NaN,0,NaN,0,0.0409058916076678
aggregate,REPRODUCTION_ALL,P4,offline_physical_parameter_oracle,1,24153,offline_diagnostic_candidate_bank_not_native_Zhou_candidates,0.0108889164907051,0.0556866641825032,0.00919140479443547,0.0267875626216205,0.998054071957935,274,245,0.894160583941606,18,227,204,0.898678414096916,18,0.99051877613547,0,0.0409058916076678
aggregate,REPRODUCTION_ALL,P5,offline_plant_replay_oracle,1,24153,offline_diagnostic_candidate_bank_not_native_Zhou_candidates,0.0113443464579969,0.0620212810002898,0.00939841841593177,0.0305966132571523,1,274,274,1,0,227,227,1,0,1,0,0.0411129052291641
aggregate,ENGINEERING_PRIMARY,P0,causal_original,1,23699,offline_diagnostic_candidate_bank_not_native_Zhou_candidates,0,0,0,0,0.988522722477742,272,0,0,0,226,0,0,0,0.969070424912444,0,0.0389889868770834
aggregate,ENGINEERING_PRIMARY,P1,causal_original,1,23699,offline_diagnostic_candidate_bank_not_native_Zhou_candidates,0.0959112198826955,0.168572513608169,0.0589054390480611,0.179838811764209,0.901177264863496,272,83,0.305147058823529,2153,226,70,0.309734513274336,1289,0.911713574412422,0,0.112409806320942
aggregate,ENGINEERING_PRIMARY,P2a,causal_previous_period_oracle,1,23677,offline_diagnostic_candidate_bank_not_native_Zhou_candidates,0.0152046289648182,0.0462051780208641,0.00781348988469823,0.0272838619757571,0.976094944460869,272,33,0.121323529411765,327,226,21,0.0929203539823009,164,0.959961143725979,0,0.0497529247793217
aggregate,ENGINEERING_PRIMARY,P2b,offline_physical_parameter_oracle,1,23699,offline_diagnostic_candidate_bank_not_native_Zhou_candidates,0.146419680155281,0.215452128781805,0.0654457994008186,0.196632769315161,0.852989577619309,272,128,0.470588235294118,3340,226,112,0.495575221238938,1437,0.894392168445926,0,0.165829781847335
aggregate,ENGINEERING_PRIMARY,P2c,noncausal_future_endpoint_oracle,0,23699,offline_diagnostic_candidate_bank_not_native_Zhou_candidates,0.0162876070720284,0.0447698215114562,0.0132495041984894,0.0275961011013123,NaN,0,0,NaN,0,0,0,NaN,0,NaN,0,0.0449808008776742
aggregate,ENGINEERING_PRIMARY,P3a,causal_previous_period_oracle,1,23677,offline_diagnostic_candidate_bank_not_native_Zhou_candidates,0.010094184229421,0.054103138066478,0.00962959834438485,0.02508763779195,0.996072137517422,272,209,0.768382352941177,30,226,198,0.876106194690266,30,0.989124466782109,0,0.0396587405499007
aggregate,ENGINEERING_PRIMARY,P3b,offline_physical_parameter_oracle,1,23699,offline_diagnostic_candidate_bank_not_native_Zhou_candidates,0.0102957930714376,0.0594961812734715,0.00962065909954007,0.0305920081016077,0.995949196168615,272,210,0.772058823529412,34,226,194,0.858407079646018,34,0.988227351365036,0,0.0405924300603401
aggregate,ENGINEERING_PRIMARY,P3c,noncausal_future_endpoint_oracle,0,23699,offline_diagnostic_candidate_bank_not_native_Zhou_candidates,0.0110131229165788,0.055360985695599,0.00932528798683489,0.0268365753829275,NaN,0,0,NaN,0,0,0,NaN,0,NaN,0,0.0413097599054812
aggregate,ENGINEERING_PRIMARY,P4,offline_physical_parameter_oracle,1,23699,offline_diagnostic_candidate_bank_not_native_Zhou_candidates,0.0110131229165788,0.0558673361745221,0.00932528798683489,0.0268365753829275,0.998016793957551,272,243,0.893382352941177,18,226,203,0.898230088495575,18,0.990906789316005,0,0.0413097599054812
aggregate,ENGINEERING_PRIMARY,P5,offline_plant_replay_oracle,1,23699,offline_diagnostic_candidate_bank_not_native_Zhou_candidates,0.0114772775222583,0.0618591501751129,0.00953626735305287,0.0302966369889025,1,272,272,1,0,226,226,1,0,1,0,0.0415207392716992
range,normal,P0,causal_original,1,9323,offline_diagnostic_candidate_bank_not_native_Zhou_candidates,0,0,0,0,0.996567628445779,32,0,0,0,18,0,0,0,0.994583288640995,0,0.00911723694089885
range,normal,P1,causal_original,1,9323,offline_diagnostic_candidate_bank_not_native_Zhou_candidates,0,0,0,0,0.996567628445779,32,0,0,0,18,0,0,0,0.994583288640995,0,0.00911723694089885
range,normal,P2a,causal_previous_period_oracle,1,9313,offline_diagnostic_candidate_bank_not_native_Zhou_candidates,0.00225491248792011,0.00665736067862128,0.00214753570278106,0.0104155481584881,0.997100826801246,32,13,0.40625,8,18,12,0.666666666666667,8,0.994577472350478,0,0.0109524320841834
range,normal,P2b,offline_physical_parameter_oracle,1,9323,offline_diagnostic_candidate_bank_not_native_Zhou_candidates,0.00246701705459616,0.0122278236619114,0.00214523222138797,0.0165182881046873,0.997318459723265,32,15,0.46875,8,18,12,0.666666666666667,8,0.99383245736351,0,0.0111552075512174
range,normal,P2c,noncausal_future_endpoint_oracle,0,9323,offline_diagnostic_candidate_bank_not_native_Zhou_candidates,0.00300332510994315,0.0101898530515928,0.00171618577711037,0.0127641317172584,NaN,0,0,NaN,0,0,0,NaN,0,NaN,0,0.0114769923844256
range,normal,P3a,causal_previous_period_oracle,1,9313,offline_diagnostic_candidate_bank_not_native_Zhou_candidates,0.00225491248792011,0.00665736067862128,0.00214753570278106,0.0104155481584881,0.997100826801246,32,13,0.40625,8,18,12,0.666666666666667,8,0.994577472350478,0,0.0109524320841834
range,normal,P3b,offline_physical_parameter_oracle,1,9323,offline_diagnostic_candidate_bank_not_native_Zhou_candidates,0.00246701705459616,0.0122278236619114,0.00214523222138797,0.0165182881046873,0.997318459723265,32,15,0.46875,8,18,12,0.666666666666667,8,0.99383245736351,0,0.0111552075512174
range,normal,P3c,noncausal_future_endpoint_oracle,0,9323,offline_diagnostic_candidate_bank_not_native_Zhou_candidates,0.00300332510994315,0.0101898530515928,0.00171618577711037,0.0127641317172584,NaN,0,0,NaN,0,0,0,NaN,0,NaN,0,0.0114769923844256
range,normal,P4,offline_physical_parameter_oracle,1,9323,offline_diagnostic_candidate_bank_not_native_Zhou_candidates,0.00300332510994315,0.0101898530515928,0.00171618577711037,0.0127641317172584,0.999356430333584,32,27,0.84375,1,18,15,0.833333333333333,1,0.996031320390432,0,0.0114769923844256
range,normal,P5,offline_plant_replay_oracle,1,9323,offline_diagnostic_candidate_bank_not_native_Zhou_candidates,0.00343237155422074,0.0108334227180092,0.00193070899924917,0.0179126890485895,1,32,32,1,0,18,18,1,0,1,0,0.0119060388287032
range,reasonable_extension,P0,causal_original,1,14376,offline_diagnostic_candidate_bank_not_native_Zhou_candidates,0,0,0,0,0.98330550918197,240,0,0,0,208,0,0,0,0.952525041736227,NaN,0.0583611574846967
range,reasonable_extension,P1,causal_original,1,14376,offline_diagnostic_candidate_bank_not_native_Zhou_candidates,0.158110740122426,0.277893711741792,0.0971062882582081,0.29646633277685,0.839315525876461,240,83,0.345833333333333,2153,208,70,0.336538461538462,1289,0.857971619365609,NaN,0.179396215915415
range,reasonable_extension,P2a,causal_previous_period_oracle,1,14364,offline_diagnostic_candidate_bank_not_native_Zhou_candidates,0.0236006683375104,0.0718462823725982,0.0114870509607352,0.0382205513784461,0.962475633528265,240,20,0.0833333333333333,319,208,9,0.0432692307692308,156,0.937517404622668,NaN,0.0749094959621275
range,reasonable_extension,P2b,offline_physical_parameter_oracle,1,14376,offline_diagnostic_candidate_bank_not_native_Zhou_candidates,0.239774624373957,0.347245409015025,0.10649693934335,0.313439065108514,0.759390651085142,240,113,0.470833333333333,3332,208,100,0.480769230769231,1429,0.829904006677796,NaN,0.266138007790762
range,reasonable_extension,P2c,noncausal_future_endpoint_oracle,0,14376,offline_diagnostic_candidate_bank_not_native_Zhou_candidates,0.0249026154702282,0.0671953255425709,0.0207289927657206,0.0372148024485253,NaN,0,0,NaN,0,0,0,NaN,0,NaN,NaN,0.0667084028937117
range,reasonable_extension,P3a,causal_previous_period_oracle,1,14364,offline_diagnostic_candidate_bank_not_native_Zhou_candidates,0.0151768309663046,0.084864940128098,0.0144806460595934,0.0346003898635478,0.995405179615706,240,196,0.816666666666667,22,208,186,0.894230769230769,22,0.985588972431078,NaN,0.0582706766917293
range,reasonable_extension,P3b,offline_physical_parameter_oracle,1,14376,offline_diagnostic_candidate_bank_not_native_Zhou_candidates,0.0153728436282693,0.0901502504173623,0.0144685587089594,0.0397189760712298,0.995061213132999,240,195,0.8125,26,208,182,0.875,26,0.984592376182526,NaN,0.0596828046744574
range,reasonable_extension,P3c,noncausal_future_endpoint_oracle,0,14376,offline_diagnostic_candidate_bank_not_native_Zhou_candidates,0.0162075681691708,0.084654980523094,0.014259877573734,0.0359627156371731,NaN,0,0,NaN,0,0,0,NaN,0,NaN,NaN,0.0606566499721758
range,reasonable_extension,P4,offline_physical_parameter_oracle,1,14376,offline_diagnostic_candidate_bank_not_native_Zhou_candidates,0.0162075681691708,0.0854897050639955,0.014259877573734,0.0359627156371731,0.997148024485253,240,216,0.9,17,208,188,0.903846153846154,17,0.98758347245409,NaN,0.0606566499721758
range,reasonable_extension,P5,offline_plant_replay_oracle,1,14376,offline_diagnostic_candidate_bank_not_native_Zhou_candidates,0.01669449081803,0.0949499165275459,0.0144685587089594,0.0383277685030607,1,240,240,1,0,208,208,1,0,1,NaN,0.0607262103505843
range,stress_test,P0,causal_original,1,454,offline_diagnostic_candidate_bank_not_native_Zhou_candidates,0,0,0,0,0.995594713656388,2,0,0,0,1,0,0,0,0.964757709251101,0,0.0198237885462555
range,stress_test,P1,causal_original,1,454,offline_diagnostic_candidate_bank_not_native_Zhou_candidates,0,0,0,0,0.995594713656388,2,0,0,0,1,0,0,0,0.964757709251101,0,0.0198237885462555
range,stress_test,P2a,causal_previous_period_oracle,1,452,offline_diagnostic_candidate_bank_not_native_Zhou_candidates,0.00442477876106195,0.0376106194690266,0.00221238938053097,0.00442477876106195,1,2,2,1,0,1,1,1,0,0.948008849557522,0,0.0199115044247788
range,stress_test,P2b,offline_physical_parameter_oracle,1,454,offline_diagnostic_candidate_bank_not_native_Zhou_candidates,0.00440528634361234,0.039647577092511,0.00220264317180617,0.0242290748898678,1,2,2,1,0,1,1,1,0,0.949339207048458,0,0.0198237885462555
range,stress_test,P2c,noncausal_future_endpoint_oracle,0,454,offline_diagnostic_candidate_bank_not_native_Zhou_candidates,0.00440528634361234,0.0462555066079295,0.00220264317180617,0.0242290748898678,NaN,0,0,NaN,0,0,0,NaN,0,NaN,0,0.0198237885462555
range,stress_test,P3a,causal_previous_period_oracle,1,452,offline_diagnostic_candidate_bank_not_native_Zhou_candidates,0.00442477876106195,0.0376106194690266,0.00221238938053097,0.00442477876106195,1,2,2,1,0,1,1,1,0,0.948008849557522,0,0.0199115044247788
range,stress_test,P3b,offline_physical_parameter_oracle,1,454,offline_diagnostic_candidate_bank_not_native_Zhou_candidates,0.00440528634361234,0.039647577092511,0.00220264317180617,0.0242290748898678,1,2,2,1,0,1,1,1,0,0.949339207048458,0,0.0198237885462555
range,stress_test,P3c,noncausal_future_endpoint_oracle,0,454,offline_diagnostic_candidate_bank_not_native_Zhou_candidates,0.00440528634361234,0.0462555066079295,0.00220264317180617,0.0242290748898678,NaN,0,0,NaN,0,0,0,NaN,0,NaN,0,0.0198237885462555
range,stress_test,P4,offline_physical_parameter_oracle,1,454,offline_diagnostic_candidate_bank_not_native_Zhou_candidates,0.00440528634361234,0.0462555066079295,0.00220264317180617,0.0242290748898678,1,2,2,1,0,1,1,1,0,0.970264317180617,0,0.0198237885462555
range,stress_test,P5,offline_plant_replay_oracle,1,454,offline_diagnostic_candidate_bank_not_native_Zhou_candidates,0.00440528634361234,0.0704845814977974,0.00220264317180617,0.0462555066079295,1,2,2,1,0,1,1,1,0,1,0,0.0198237885462555
category,boundary,P0,causal_original,1,454,offline_diagnostic_candidate_bank_not_native_Zhou_candidates,0,0,0,0,0.995594713656388,2,0,0,0,1,0,0,0,0.964757709251101,0,0.0198237885462555
category,boundary,P1,causal_original,1,454,offline_diagnostic_candidate_bank_not_native_Zhou_candidates,0,0,0,0,0.995594713656388,2,0,0,0,1,0,0,0,0.964757709251101,0,0.0198237885462555
category,boundary,P2a,causal_previous_period_oracle,1,452,offline_diagnostic_candidate_bank_not_native_Zhou_candidates,0.00442477876106195,0.0376106194690266,0.00221238938053097,0.00442477876106195,1,2,2,1,0,1,1,1,0,0.948008849557522,0,0.0199115044247788
category,boundary,P2b,offline_physical_parameter_oracle,1,454,offline_diagnostic_candidate_bank_not_native_Zhou_candidates,0.00440528634361234,0.039647577092511,0.00220264317180617,0.0242290748898678,1,2,2,1,0,1,1,1,0,0.949339207048458,0,0.0198237885462555
category,boundary,P2c,noncausal_future_endpoint_oracle,0,454,offline_diagnostic_candidate_bank_not_native_Zhou_candidates,0.00440528634361234,0.0462555066079295,0.00220264317180617,0.0242290748898678,NaN,0,0,NaN,0,0,0,NaN,0,NaN,0,0.0198237885462555
category,boundary,P3a,causal_previous_period_oracle,1,452,offline_diagnostic_candidate_bank_not_native_Zhou_candidates,0.00442477876106195,0.0376106194690266,0.00221238938053097,0.00442477876106195,1,2,2,1,0,1,1,1,0,0.948008849557522,0,0.0199115044247788
category,boundary,P3b,offline_physical_parameter_oracle,1,454,offline_diagnostic_candidate_bank_not_native_Zhou_candidates,0.00440528634361234,0.039647577092511,0.00220264317180617,0.0242290748898678,1,2,2,1,0,1,1,1,0,0.949339207048458,0,0.0198237885462555
category,boundary,P3c,noncausal_future_endpoint_oracle,0,454,offline_diagnostic_candidate_bank_not_native_Zhou_candidates,0.00440528634361234,0.0462555066079295,0.00220264317180617,0.0242290748898678,NaN,0,0,NaN,0,0,0,NaN,0,NaN,0,0.0198237885462555
category,boundary,P4,offline_physical_parameter_oracle,1,454,offline_diagnostic_candidate_bank_not_native_Zhou_candidates,0.00440528634361234,0.0462555066079295,0.00220264317180617,0.0242290748898678,1,2,2,1,0,1,1,1,0,0.970264317180617,0,0.0198237885462555
category,boundary,P5,offline_plant_replay_oracle,1,454,offline_diagnostic_candidate_bank_not_native_Zhou_candidates,0.00440528634361234,0.0704845814977974,0.00220264317180617,0.0462555066079295,1,2,2,1,0,1,1,1,0,1,0,0.0198237885462555
category,core,P0,causal_original,1,9613,offline_diagnostic_candidate_bank_not_native_Zhou_candidates,0,0,0,0,0.99791948403204,20,0,0,0,17,0,0,0,0.996255071257672,0,0.0237178820347446
category,core,P1,causal_original,1,9613,offline_diagnostic_candidate_bank_not_native_Zhou_candidates,0,0,0,0,0.99791948403204,20,0,0,0,17,0,0,0,0.996255071257672,0,0.0237178820347446
category,core,P2a,causal_previous_period_oracle,1,9604,offline_diagnostic_candidate_bank_not_native_Zhou_candidates,0.000104123281965848,0.00749687630154102,0.000104123281965848,0.00760099958350687,0.998021657642649,20,1,0.05,0,17,1,0.0588235294117647,0,0.993648479800083,0,0.0236359850062474
category,core,P2b,offline_physical_parameter_oracle,1,9613,offline_diagnostic_candidate_bank_not_native_Zhou_candidates,0.000624154790388016,0.0111307604285863,0.000624154790388016,0.0157078955580984,0.997711432435244,20,2,0.1,4,17,2,0.117647058823529,4,0.992666181212941,0,0.0239259336315406
category,core,P2c,noncausal_future_endpoint_oracle,0,9613,offline_diagnostic_candidate_bank_not_native_Zhou_candidates,0.000416103193592011,0.00873816706543223,0.000312077395194008,0.00967439925101425,NaN,0,0,NaN,0,0,0,NaN,0,NaN,0,0.0237178820347446
category,core,P3a,causal_previous_period_oracle,1,9604,offline_diagnostic_candidate_bank_not_native_Zhou_candidates,0.000104123281965848,0.00749687630154102,0.000104123281965848,0.00760099958350687,0.998021657642649,20,1,0.05,0,17,1,0.0588235294117647,0,0.993648479800083,0,0.0236359850062474
category,core,P3b,offline_physical_parameter_oracle,1,9613,offline_diagnostic_candidate_bank_not_native_Zhou_candidates,0.000624154790388016,0.0111307604285863,0.000624154790388016,0.0157078955580984,0.997711432435244,20,2,0.1,4,17,2,0.117647058823529,4,0.992666181212941,0,0.0239259336315406
category,core,P3c,noncausal_future_endpoint_oracle,0,9613,offline_diagnostic_candidate_bank_not_native_Zhou_candidates,0.000416103193592011,0.00873816706543223,0.000312077395194008,0.00967439925101425,NaN,0,0,NaN,0,0,0,NaN,0,NaN,0,0.0237178820347446
category,core,P4,offline_physical_parameter_oracle,1,9613,offline_diagnostic_candidate_bank_not_native_Zhou_candidates,0.000416103193592011,0.00873816706543223,0.000312077395194008,0.00967439925101425,0.998335587225632,20,4,0.2,0,17,3,0.176470588235294,0,0.995006761676896,0,0.0237178820347446
category,core,P5,offline_plant_replay_oracle,1,9613,offline_diagnostic_candidate_bank_not_native_Zhou_candidates,0.00208051596796005,0.00748985748465619,0.00176843857276605,0.0114428378237803,1,20,20,1,0,17,17,1,0,1,0,0.0253822948091127
category,dynamic,P0,causal_original,1,4502,offline_diagnostic_candidate_bank_not_native_Zhou_candidates,0,0,0,0,0.992225677476677,35,0,0,0,21,0,0,0,0.989671257219014,NaN,0.0339848956019547
category,dynamic,P1,causal_original,1,4502,offline_diagnostic_candidate_bank_not_native_Zhou_candidates,0,0,0,0,0.992225677476677,35,0,0,0,21,0,0,0,0.989671257219014,NaN,0.0339848956019547
category,dynamic,P2a,causal_previous_period_oracle,1,4497,offline_diagnostic_candidate_bank_not_native_Zhou_candidates,0.00689348454525239,0.012897487213698,0.00644874360684901,0.0195686012897487,0.993773626862353,35,19,0.542857142857143,12,21,17,0.80952380952381,12,0.990993995997332,NaN,0.0373582388258839
category,dynamic,P2b,offline_physical_parameter_oracle,1,4502,offline_diagnostic_candidate_bank_not_native_Zhou_candidates,0.00644158151932474,0.0242114615726344,0.00555308751665926,0.0288760550866282,0.993780541981342,35,18,0.514285714285714,11,21,14,0.666666666666667,11,0.988893824966681,NaN,0.0382052421146157
category,dynamic,P2c,noncausal_future_endpoint_oracle,0,4502,offline_diagnostic_candidate_bank_not_native_Zhou_candidates,0.00821856952465571,0.0206574855619725,0.00533096401599289,0.0242114615726344,NaN,0,0,NaN,0,0,0,NaN,0,NaN,NaN,0.0382052421146157
category,dynamic,P3a,causal_previous_period_oracle,1,4497,offline_diagnostic_candidate_bank_not_native_Zhou_candidates,0.00689348454525239,0.012897487213698,0.00644874360684901,0.0195686012897487,0.993773626862353,35,19,0.542857142857143,12,21,17,0.80952380952381,12,0.990993995997332,NaN,0.0373582388258839
category,dynamic,P3b,offline_physical_parameter_oracle,1,4502,offline_diagnostic_candidate_bank_not_native_Zhou_candidates,0.00644158151932474,0.0242114615726344,0.00555308751665926,0.0288760550866282,0.993780541981342,35,18,0.514285714285714,11,21,14,0.666666666666667,11,0.988893824966681,NaN,0.0382052421146157
category,dynamic,P3c,noncausal_future_endpoint_oracle,0,4502,offline_diagnostic_candidate_bank_not_native_Zhou_candidates,0.00821856952465571,0.0206574855619725,0.00533096401599289,0.0242114615726344,NaN,0,0,NaN,0,0,0,NaN,0,NaN,NaN,0.0382052421146157
category,dynamic,P4,offline_physical_parameter_oracle,1,4502,offline_diagnostic_candidate_bank_not_native_Zhou_candidates,0.00821856952465571,0.0213238560639716,0.00533096401599289,0.0242114615726344,0.998667258996002,35,33,0.942857142857143,4,21,20,0.952380952380952,4,0.992114615726344,NaN,0.0382052421146157
category,dynamic,P5,offline_plant_replay_oracle,1,4502,offline_diagnostic_candidate_bank_not_native_Zhou_candidates,0.00777432252332297,0.0206574855619725,0.00466459351399378,0.0322079075966237,1,35,35,1,0,21,21,1,0,1,NaN,0.0390937361172812
category,parameter,P0,causal_original,1,9584,offline_diagnostic_candidate_bank_not_native_Zhou_candidates,0,0,0,0,0.977358096828047,217,0,0,0,188,0,0,0,0.932126460767947,NaN,0.0566569282136895
category,parameter,P1,causal_original,1,9584,offline_diagnostic_candidate_bank_not_native_Zhou_candidates,0.237166110183639,0.416840567612688,0.145659432387312,0.444699499165275,0.761373121869783,217,83,0.382488479262673,2153,188,70,0.372340425531915,1289,0.79029632721202,NaN,0.238209515859766
category,parameter,P2a,causal_previous_period_oracle,1,9576,offline_diagnostic_candidate_bank_not_native_Zhou_candidates,0.0342522974101921,0.100668337510443,0.0161862990810359,0.0506474519632414,0.945802005012531,217,13,0.0599078341013825,315,188,3,0.0159574468085106,152,0.911601921470342,NaN,0.0817669172932331
category,parameter,P2b,offline_physical_parameter_oracle,1,9584,offline_diagnostic_candidate_bank_not_native_Zhou_candidates,0.358409849749583,0.510225375626043,0.158597662771285,0.45690734557596,0.64169449081803,217,108,0.497695852534562,3325,188,96,0.51063829787234,1422,0.751429465776294,NaN,0.368113522537563
category,parameter,P2c,noncausal_future_endpoint_oracle,0,9584,offline_diagnostic_candidate_bank_not_native_Zhou_candidates,0.0359974958263773,0.092237061769616,0.0299457429048414,0.0471619365609349,NaN,0,0,NaN,0,0,0,NaN,0,NaN,NaN,0.0694908180300501
category,parameter,P3a,causal_previous_period_oracle,1,9576,offline_diagnostic_candidate_bank_not_native_Zhou_candidates,0.0216165413533835,0.120196324143693,0.0206766917293233,0.0452172096908939,0.995196324143693,217,189,0.870967741935484,18,188,180,0.957446808510638,18,0.983709273182957,NaN,0.0568086883876358
category,parameter,P3b,offline_physical_parameter_oracle,1,9584,offline_diagnostic_candidate_bank_not_native_Zhou_candidates,0.0218071786310518,0.124582637729549,0.0205550918196995,0.0463272120200334,0.995200333889816,217,190,0.875576036866359,19,188,178,0.946808510638298,19,0.983462020033389,NaN,0.0584307178631052
category,parameter,P3c,noncausal_future_endpoint_oracle,0,9584,offline_diagnostic_candidate_bank_not_native_Zhou_candidates,0.0229549248747913,0.118426544240401,0.0202420701168614,0.0452838063439065,NaN,0,0,NaN,0,0,0,NaN,0,NaN,NaN,0.0604131886477462
category,parameter,P4,offline_physical_parameter_oracle,1,9584,offline_diagnostic_candidate_bank_not_native_Zhou_candidates,0.0229549248747913,0.119365609348915,0.0202420701168614,0.0452838063439065,0.997391485809683,217,206,0.949308755760369,14,188,180,0.957446808510638,14,0.986227045075125,NaN,0.0604131886477462
category,parameter,P5,offline_plant_replay_oracle,1,9584,offline_diagnostic_candidate_bank_not_native_Zhou_candidates,0.0226419031719533,0.135747078464107,0.0196160267111853,0.0483096828046745,1,217,217,1,0,188,188,1,0,1,NaN,0.0588480801335559
phase,dynamic,P0,causal_original,1,12791,offline_diagnostic_candidate_bank_not_native_Zhou_candidates,0,0,0,0,0.987334844812759,162,0,0,0,124,0,0,0,0.968493471972481,0,0.037604565710265
phase,dynamic,P1,causal_original,1,12791,offline_diagnostic_candidate_bank_not_native_Zhou_candidates,0.088499726370104,0.153780001563599,0.0540223594715034,0.166523336721132,0.907122195293566,162,44,0.271604938271605,1070,124,36,0.290322580645161,637,0.916949417559221,0,0.105542959893675
phase,dynamic,P2a,causal_previous_period_oracle,1,12767,offline_diagnostic_candidate_bank_not_native_Zhou_candidates,0.0148037910237331,0.0452729693741678,0.0075977128534503,0.0281193702514295,0.976893553693115,162,28,0.172839506172839,161,124,15,0.120967741935484,82,0.960719041278296,0,0.047152815853372
phase,dynamic,P2b,offline_physical_parameter_oracle,1,12791,offline_diagnostic_candidate_bank_not_native_Zhou_candidates,0.135720428426237,0.200844343679149,0.0605112970057071,0.185051989680244,0.86365413181143,162,76,0.469135802469136,1658,124,59,0.475806451612903,713,0.900336173872254,0,0.154718161207099
phase,dynamic,P2c,noncausal_future_endpoint_oracle,0,12791,offline_diagnostic_candidate_bank_not_native_Zhou_candidates,0.0166523336721132,0.0455789226800094,0.0127433351575326,0.0299429286216871,NaN,0,0,NaN,0,0,0,NaN,0,NaN,0,0.0434680634821359
phase,dynamic,P3a,causal_previous_period_oracle,1,12767,offline_diagnostic_candidate_bank_not_native_Zhou_candidates,0.0100258478890891,0.0527923552909846,0.00908592464948696,0.0262395237722253,0.994830422182188,162,112,0.691358024691358,16,124,100,0.806451612903226,16,0.987232709328738,0,0.0379885642672515
phase,dynamic,P3b,offline_physical_parameter_oracle,1,12791,offline_diagnostic_candidate_bank_not_native_Zhou_candidates,0.0104761160190759,0.0584004378078336,0.00914705652411852,0.0318974278789774,0.99515284184192,162,117,0.722222222222222,17,124,100,0.806451612903226,17,0.986553045109843,0,0.0391681651160973
phase,dynamic,P3c,noncausal_future_endpoint_oracle,0,12791,offline_diagnostic_candidate_bank_not_native_Zhou_candidates,0.0116488155734501,0.0555859588773356,0.00914705652411852,0.029161128918771,NaN,0,0,NaN,0,0,0,NaN,0,NaN,0,0.040028144789305
phase,dynamic,P4,offline_physical_parameter_oracle,1,12791,offline_diagnostic_candidate_bank_not_native_Zhou_candidates,0.0116488155734501,0.0558986787585021,0.00914705652411852,0.029161128918771,0.997420060980377,162,139,0.858024691358025,10,124,107,0.862903225806452,10,0.990422953639278,0,0.040028144789305
phase,dynamic,P5,offline_plant_replay_oracle,1,12791,offline_diagnostic_candidate_bank_not_native_Zhou_candidates,0.012665155187241,0.0630130560550387,0.0096943163161598,0.0340864670471425,1,162,162,1,0,124,124,1,0,1,0,0.0408881244625127
phase,steady,P0,causal_original,1,11362,offline_diagnostic_candidate_bank_not_native_Zhou_candidates,0,0,0,0,0.990142580531597,112,0,0,0,103,0,0,0,0.969547614856539,NaN,0.0397817285689139
phase,steady,P1,causal_original,1,11362,offline_diagnostic_candidate_bank_not_native_Zhou_candidates,0.10042246083436,0.178489702517162,0.0620489350466467,0.187643020594966,0.898257349058264,112,39,0.348214285714286,1083,103,34,0.330097087378641,652,0.907938743179018,NaN,0.116440767470516
phase,steady,P2a,causal_previous_period_oracle,1,11362,offline_diagnostic_candidate_bank_not_native_Zhou_candidates,0.0152261925717303,0.0469107551487414,0.00783312797042774,0.0254356627354339,0.976148565393417,112,7,0.0625,166,103,7,0.0679611650485437,82,0.958634043302236,NaN,0.051487414187643
phase,steady,P2b,offline_physical_parameter_oracle,1,11362,offline_diagnostic_candidate_bank_not_native_Zhou_candidates,0.152790001760253,0.224872381622954,0.068473860235874,0.202781200492871,0.846857947544446,112,54,0.482142857142857,1682,103,54,0.524271844660194,724,0.889896145044886,NaN,0.17250484069706
phase,steady,P2c,noncausal_future_endpoint_oracle,0,11362,offline_diagnostic_candidate_bank_not_native_Zhou_candidates,0.0154022179193804,0.0439183242386904,0.0133779264214047,0.0248195740186587,NaN,0,0,NaN,0,0,0,NaN,0,NaN,NaN,0.045678577715191
phase,steady,P3a,causal_previous_period_oracle,1,11362,offline_diagnostic_candidate_bank_not_native_Zhou_candidates,0.00994543214222848,0.0549199084668192,0.00994543214222848,0.022971307868333,0.997623657806724,112,99,0.883928571428571,14,103,99,0.961165048543689,14,0.989614504488646,NaN,0.0407498679809893
phase,steady,P3b,offline_physical_parameter_oracle,1,11362,offline_diagnostic_candidate_bank_not_native_Zhou_candidates,0.00985741946840345,0.059936630874846,0.00985741946840345,0.0288681570146101,0.997007569089949,112,95,0.848214285714286,17,103,95,0.922330097087379,17,0.988558352402746,NaN,0.0413659566977645
phase,steady,P3c,noncausal_future_endpoint_oracle,0,11362,offline_diagnostic_candidate_bank_not_native_Zhou_candidates,0.0100334448160535,0.0547438831191692,0.00924133075162823,0.0241154726280584,NaN,0,0,NaN,0,0,0,NaN,0,NaN,NaN,0.0418940327407147
phase,steady,P4,offline_physical_parameter_oracle,1,11362,offline_diagnostic_candidate_bank_not_native_Zhou_candidates,0.0100334448160535,0.0554479845097694,0.00924133075162823,0.0241154726280584,0.99876782256645,112,106,0.946428571428571,8,103,97,0.941747572815534,8,0.990626650237634,NaN,0.0418940327407147
phase,steady,P5,offline_plant_replay_oracle,1,11362,offline_diagnostic_candidate_bank_not_native_Zhou_candidates,0.00985741946840345,0.0609047702869213,0.00906530540397817,0.0266678401689843,1,112,112,1,0,103,103,1,0,1,NaN,0.0413659566977645
case,C01_nominal_100rpm_10A,P0,causal_original,1,1198,offline_diagnostic_candidate_bank_not_native_Zhou_candidates,0,0,0,0,1,0,0,NaN,0,0,0,NaN,0,0.999165275459099,NaN,0
case,C01_nominal_100rpm_10A,P1,causal_original,1,1198,offline_diagnostic_candidate_bank_not_native_Zhou_candidates,0,0,0,0,1,0,0,NaN,0,0,0,NaN,0,0.999165275459099,NaN,0
case,C01_nominal_100rpm_10A,P2a,causal_previous_period_oracle,1,1197,offline_diagnostic_candidate_bank_not_native_Zhou_candidates,0,0,0,0.00417710944026733,1,0,0,NaN,0,0,0,NaN,0,0.999164578111946,NaN,0
case,C01_nominal_100rpm_10A,P2b,offline_physical_parameter_oracle,1,1198,offline_diagnostic_candidate_bank_not_native_Zhou_candidates,0,0.00500834724540901,0,0.00417362270450751,1,0,0,NaN,0,0,0,NaN,0,0.996661101836394,NaN,0
case,C01_nominal_100rpm_10A,P2c,noncausal_future_endpoint_oracle,0,1198,offline_diagnostic_candidate_bank_not_native_Zhou_candidates,0,0.00166944908180301,0,0.00417362270450751,NaN,0,0,NaN,0,0,0,NaN,0,NaN,NaN,0
case,C01_nominal_100rpm_10A,P3a,causal_previous_period_oracle,1,1197,offline_diagnostic_candidate_bank_not_native_Zhou_candidates,0,0,0,0.00417710944026733,1,0,0,NaN,0,0,0,NaN,0,0.999164578111946,NaN,0
case,C01_nominal_100rpm_10A,P3b,offline_physical_parameter_oracle,1,1198,offline_diagnostic_candidate_bank_not_native_Zhou_candidates,0,0.00500834724540901,0,0.00417362270450751,1,0,0,NaN,0,0,0,NaN,0,0.996661101836394,NaN,0
case,C01_nominal_100rpm_10A,P3c,noncausal_future_endpoint_oracle,0,1198,offline_diagnostic_candidate_bank_not_native_Zhou_candidates,0,0.00166944908180301,0,0.00417362270450751,NaN,0,0,NaN,0,0,0,NaN,0,NaN,NaN,0
case,C01_nominal_100rpm_10A,P4,offline_physical_parameter_oracle,1,1198,offline_diagnostic_candidate_bank_not_native_Zhou_candidates,0,0.00166944908180301,0,0.00417362270450751,1,0,0,NaN,0,0,0,NaN,0,0.998330550918197,NaN,0
case,C01_nominal_100rpm_10A,P5,offline_plant_replay_oracle,1,1198,offline_diagnostic_candidate_bank_not_native_Zhou_candidates,0,0.00166944908180301,0,0.00250417362270451,1,0,0,NaN,0,0,0,NaN,0,1,NaN,0
case,C02_light_100rpm_4A,P0,causal_original,1,1198,offline_diagnostic_candidate_bank_not_native_Zhou_candidates,0,0,0,0,1,0,0,NaN,0,0,0,NaN,0,0.992070116861436,NaN,0
case,C02_light_100rpm_4A,P1,causal_original,1,1198,offline_diagnostic_candidate_bank_not_native_Zhou_candidates,0,0,0,0,1,0,0,NaN,0,0,0,NaN,0,0.992070116861436,NaN,0
case,C02_light_100rpm_4A,P2a,causal_previous_period_oracle,1,1197,offline_diagnostic_candidate_bank_not_native_Zhou_candidates,0,0.00417710944026733,0,0.00417710944026733,1,0,0,NaN,0,0,0,NaN,0,0.990810359231412,NaN,0
case,C02_light_100rpm_4A,P2b,offline_physical_parameter_oracle,1,1198,offline_diagnostic_candidate_bank_not_native_Zhou_candidates,0,0.010016694490818,0,0.013355592654424,1,0,0,NaN,0,0,0,NaN,0,0.992904841402337,NaN,0
case,C02_light_100rpm_4A,P2c,noncausal_future_endpoint_oracle,0,1198,offline_diagnostic_candidate_bank_not_native_Zhou_candidates,0,0.0108514190317195,0,0.00250417362270451,NaN,0,0,NaN,0,0,0,NaN,0,NaN,NaN,0
case,C02_light_100rpm_4A,P3a,causal_previous_period_oracle,1,1197,offline_diagnostic_candidate_bank_not_native_Zhou_candidates,0,0.00417710944026733,0,0.00417710944026733,1,0,0,NaN,0,0,0,NaN,0,0.990810359231412,NaN,0
case,C02_light_100rpm_4A,P3b,offline_physical_parameter_oracle,1,1198,offline_diagnostic_candidate_bank_not_native_Zhou_candidates,0,0.010016694490818,0,0.013355592654424,1,0,0,NaN,0,0,0,NaN,0,0.992904841402337,NaN,0
case,C02_light_100rpm_4A,P3c,noncausal_future_endpoint_oracle,0,1198,offline_diagnostic_candidate_bank_not_native_Zhou_candidates,0,0.0108514190317195,0,0.00250417362270451,NaN,0,0,NaN,0,0,0,NaN,0,NaN,NaN,0
case,C02_light_100rpm_4A,P4,offline_physical_parameter_oracle,1,1198,offline_diagnostic_candidate_bank_not_native_Zhou_candidates,0,0.0108514190317195,0,0.00250417362270451,1,0,0,NaN,0,0,0,NaN,0,0.993322203672788,NaN,0
case,C02_light_100rpm_4A,P5,offline_plant_replay_oracle,1,1198,offline_diagnostic_candidate_bank_not_native_Zhou_candidates,0,0.0158597662771285,0,0.000834724540901503,1,0,0,NaN,0,0,0,NaN,0,1,NaN,0
case,C03_light_200rpm_6A,P0,causal_original,1,1198,offline_diagnostic_candidate_bank_not_native_Zhou_candidates,0,0,0,0,1,0,0,NaN,0,0,0,NaN,0,1,NaN,0
case,C03_light_200rpm_6A,P1,causal_original,1,1198,offline_diagnostic_candidate_bank_not_native_Zhou_candidates,0,0,0,0,1,0,0,NaN,0,0,0,NaN,0,1,NaN,0
case,C03_light_200rpm_6A,P2a,causal_previous_period_oracle,1,1197,offline_diagnostic_candidate_bank_not_native_Zhou_candidates,0,0.000835421888053467,0,0.012531328320802,1,0,0,NaN,0,0,0,NaN,0,0.999582289055973,NaN,0
case,C03_light_200rpm_6A,P2b,offline_physical_parameter_oracle,1,1198,offline_diagnostic_candidate_bank_not_native_Zhou_candidates,0,0.00500834724540901,0,0.0317195325542571,1,0,0,NaN,0,0,0,NaN,0,0.997495826377296,NaN,0
case,C03_light_200rpm_6A,P2c,noncausal_future_endpoint_oracle,0,1198,offline_diagnostic_candidate_bank_not_native_Zhou_candidates,0,0,0,0.0208681135225376,NaN,0,0,NaN,0,0,0,NaN,0,NaN,NaN,0
case,C03_light_200rpm_6A,P3a,causal_previous_period_oracle,1,1197,offline_diagnostic_candidate_bank_not_native_Zhou_candidates,0,0.000835421888053467,0,0.012531328320802,1,0,0,NaN,0,0,0,NaN,0,0.999582289055973,NaN,0
case,C03_light_200rpm_6A,P3b,offline_physical_parameter_oracle,1,1198,offline_diagnostic_candidate_bank_not_native_Zhou_candidates,0,0.00500834724540901,0,0.0317195325542571,1,0,0,NaN,0,0,0,NaN,0,0.997495826377296,NaN,0
case,C03_light_200rpm_6A,P3c,noncausal_future_endpoint_oracle,0,1198,offline_diagnostic_candidate_bank_not_native_Zhou_candidates,0,0,0,0.0208681135225376,NaN,0,0,NaN,0,0,0,NaN,0,NaN,NaN,0
case,C03_light_200rpm_6A,P4,offline_physical_parameter_oracle,1,1198,offline_diagnostic_candidate_bank_not_native_Zhou_candidates,0,0,0,0.0208681135225376,1,0,0,NaN,0,0,0,NaN,0,1,NaN,0
case,C03_light_200rpm_6A,P5,offline_plant_replay_oracle,1,1198,offline_diagnostic_candidate_bank_not_native_Zhou_candidates,0,0,0,0.00500834724540901,1,0,0,NaN,0,0,0,NaN,0,1,NaN,0
case,C04_high_200rpm_18A,P0,causal_original,1,1198,offline_diagnostic_candidate_bank_not_native_Zhou_candidates,0,0,0,0,0.999165275459099,1,0,0,0,0,0,NaN,0,0.997913188647746,NaN,0.0158597662771285
case,C04_high_200rpm_18A,P1,causal_original,1,1198,offline_diagnostic_candidate_bank_not_native_Zhou_candidates,0,0,0,0,0.999165275459099,1,0,0,0,0,0,NaN,0,0.997913188647746,NaN,0.0158597662771285
case,C04_high_200rpm_18A,P2a,causal_previous_period_oracle,1,1197,offline_diagnostic_candidate_bank_not_native_Zhou_candidates,0,0.00334168755221387,0,0.0108604845446951,0.999164578111946,1,0,0,0,0,0,NaN,0,0.996240601503759,NaN,0.0158730158730159
case,C04_high_200rpm_18A,P2b,offline_physical_parameter_oracle,1,1198,offline_diagnostic_candidate_bank_not_native_Zhou_candidates,0,0.00333889816360601,0,0.0225375626043406,0.999165275459099,1,0,0,0,0,0,NaN,0,0.996243739565943,NaN,0.0158597662771285
case,C04_high_200rpm_18A,P2c,noncausal_future_endpoint_oracle,0,1198,offline_diagnostic_candidate_bank_not_native_Zhou_candidates,0,0,0,0.0141903171953255,NaN,0,0,NaN,0,0,0,NaN,0,NaN,NaN,0.0158597662771285
case,C04_high_200rpm_18A,P3a,causal_previous_period_oracle,1,1197,offline_diagnostic_candidate_bank_not_native_Zhou_candidates,0,0.00334168755221387,0,0.0108604845446951,0.999164578111946,1,0,0,0,0,0,NaN,0,0.996240601503759,NaN,0.0158730158730159
case,C04_high_200rpm_18A,P3b,offline_physical_parameter_oracle,1,1198,offline_diagnostic_candidate_bank_not_native_Zhou_candidates,0,0.00333889816360601,0,0.0225375626043406,0.999165275459099,1,0,0,0,0,0,NaN,0,0.996243739565943,NaN,0.0158597662771285
case,C04_high_200rpm_18A,P3c,noncausal_future_endpoint_oracle,0,1198,offline_diagnostic_candidate_bank_not_native_Zhou_candidates,0,0,0,0.0141903171953255,NaN,0,0,NaN,0,0,0,NaN,0,NaN,NaN,0.0158597662771285
case,C04_high_200rpm_18A,P4,offline_physical_parameter_oracle,1,1198,offline_diagnostic_candidate_bank_not_native_Zhou_candidates,0,0,0,0.0141903171953255,0.999165275459099,1,0,0,0,0,0,NaN,0,0.997913188647746,NaN,0.0158597662771285
case,C04_high_200rpm_18A,P5,offline_plant_replay_oracle,1,1198,offline_diagnostic_candidate_bank_not_native_Zhou_candidates,0.000834724540901503,0.00417362270450751,0,0.011686143572621,1,1,1,1,0,0,0,NaN,0,1,NaN,0.01669449081803
case,C05_negative_id,P0,causal_original,1,1198,offline_diagnostic_candidate_bank_not_native_Zhou_candidates,0,0,0,0,0.989983305509182,12,0,0,0,11,0,0,0,0.995409015025042,NaN,0.0517529215358932
case,C05_negative_id,P1,causal_original,1,1198,offline_diagnostic_candidate_bank_not_native_Zhou_candidates,0,0,0,0,0.989983305509182,12,0,0,0,11,0,0,0,0.995409015025042,NaN,0.0517529215358932
case,C05_negative_id,P2a,causal_previous_period_oracle,1,1197,offline_diagnostic_candidate_bank_not_native_Zhou_candidates,0,0.00584795321637427,0,0.00918964076858814,0.989974937343358,12,0,0,0,11,0,0,0,0.994152046783626,NaN,0.051796157059315
case,C05_negative_id,P2b,offline_physical_parameter_oracle,1,1198,offline_diagnostic_candidate_bank_not_native_Zhou_candidates,0.000834724540901503,0.00918196994991653,0.000834724540901503,0.0258764607679466,0.990818030050084,12,1,0.0833333333333333,0,11,1,0.0909090909090909,0,0.991652754590985,NaN,0.0509181969949917
case,C05_negative_id,P2c,noncausal_future_endpoint_oracle,0,1198,offline_diagnostic_candidate_bank_not_native_Zhou_candidates,0.000834724540901503,0.0125208681135225,0.000834724540901503,0.0108514190317195,NaN,0,0,NaN,0,0,0,NaN,0,NaN,NaN,0.0509181969949917
case,C05_negative_id,P3a,causal_previous_period_oracle,1,1197,offline_diagnostic_candidate_bank_not_native_Zhou_candidates,0,0.00584795321637427,0,0.00918964076858814,0.989974937343358,12,0,0,0,11,0,0,0,0.994152046783626,NaN,0.051796157059315
case,C05_negative_id,P3b,offline_physical_parameter_oracle,1,1198,offline_diagnostic_candidate_bank_not_native_Zhou_candidates,0.000834724540901503,0.00918196994991653,0.000834724540901503,0.0258764607679466,0.990818030050084,12,1,0.0833333333333333,0,11,1,0.0909090909090909,0,0.991652754590985,NaN,0.0509181969949917
case,C05_negative_id,P3c,noncausal_future_endpoint_oracle,0,1198,offline_diagnostic_candidate_bank_not_native_Zhou_candidates,0.000834724540901503,0.0125208681135225,0.000834724540901503,0.0108514190317195,NaN,0,0,NaN,0,0,0,NaN,0,NaN,NaN,0.0509181969949917
case,C05_negative_id,P4,offline_physical_parameter_oracle,1,1198,offline_diagnostic_candidate_bank_not_native_Zhou_candidates,0.000834724540901503,0.0125208681135225,0.000834724540901503,0.0108514190317195,0.990818030050084,12,1,0.0833333333333333,0,11,1,0.0909090909090909,0,0.993322203672788,NaN,0.0509181969949917
case,C05_negative_id,P5,offline_plant_replay_oracle,1,1198,offline_diagnostic_candidate_bank_not_native_Zhou_candidates,0.010016694490818,0.00918196994991653,0.00918196994991653,0.0108514190317195,1,12,12,1,0,11,11,1,0,1,NaN,0.0601001669449082
case,C06_low_bus_43p2V,P0,causal_original,1,1198,offline_diagnostic_candidate_bank_not_native_Zhou_candidates,0,0,0,0,0.996661101836394,4,0,0,0,3,0,0,0,0.991235392320534,NaN,0.122704507512521
case,C06_low_bus_43p2V,P1,causal_original,1,1198,offline_diagnostic_candidate_bank_not_native_Zhou_candidates,0,0,0,0,0.996661101836394,4,0,0,0,3,0,0,0,0.991235392320534,NaN,0.122704507512521
case,C06_low_bus_43p2V,P2a,causal_previous_period_oracle,1,1197,offline_diagnostic_candidate_bank_not_native_Zhou_candidates,0.000835421888053467,0.0325814536340852,0.000835421888053467,0.0100250626566416,0.99749373433584,4,1,0.25,0,3,1,0.333333333333333,0,0.977443609022556,NaN,0.121971595655806
case,C06_low_bus_43p2V,P2b,offline_physical_parameter_oracle,1,1198,offline_diagnostic_candidate_bank_not_native_Zhou_candidates,0.00417362270450751,0.0450751252086811,0.00417362270450751,0.0175292153589316,0.99415692821369,4,1,0.25,4,3,1,0.333333333333333,4,0.971202003338898,NaN,0.125208681135225
case,C06_low_bus_43p2V,P2c,noncausal_future_endpoint_oracle,0,1198,offline_diagnostic_candidate_bank_not_native_Zhou_candidates,0.00166944908180301,0.0350584307178631,0.000834724540901503,0.0108514190317195,NaN,0,0,NaN,0,0,0,NaN,0,NaN,NaN,0.122704507512521
case,C06_low_bus_43p2V,P3a,causal_previous_period_oracle,1,1197,offline_diagnostic_candidate_bank_not_native_Zhou_candidates,0.000835421888053467,0.0325814536340852,0.000835421888053467,0.0100250626566416,0.99749373433584,4,1,0.25,0,3,1,0.333333333333333,0,0.977443609022556,NaN,0.121971595655806
case,C06_low_bus_43p2V,P3b,offline_physical_parameter_oracle,1,1198,offline_diagnostic_candidate_bank_not_native_Zhou_candidates,0.00417362270450751,0.0450751252086811,0.00417362270450751,0.0175292153589316,0.99415692821369,4,1,0.25,4,3,1,0.333333333333333,4,0.971202003338898,NaN,0.125208681135225
case,C06_low_bus_43p2V,P3c,noncausal_future_endpoint_oracle,0,1198,offline_diagnostic_candidate_bank_not_native_Zhou_candidates,0.00166944908180301,0.0350584307178631,0.000834724540901503,0.0108514190317195,NaN,0,0,NaN,0,0,0,NaN,0,NaN,NaN,0.122704507512521
case,C06_low_bus_43p2V,P4,offline_physical_parameter_oracle,1,1198,offline_diagnostic_candidate_bank_not_native_Zhou_candidates,0.00166944908180301,0.0350584307178631,0.000834724540901503,0.0108514190317195,0.998330550918197,4,2,0.5,0,3,1,0.333333333333333,0,0.979549248747913,NaN,0.122704507512521
case,C06_low_bus_43p2V,P5,offline_plant_replay_oracle,1,1198,offline_diagnostic_candidate_bank_not_native_Zhou_candidates,0.00333889816360601,0.0175292153589316,0.00250417362270451,0.0183639398998331,1,4,4,1,0,3,3,1,0,1,NaN,0.124373956594324
case,C07_known_false_safe,P0,causal_original,1,29,offline_diagnostic_candidate_bank_not_native_Zhou_candidates,0,0,0,0,0.931034482758621,2,0,0,0,2,0,0,0,0.931034482758621,0,0
case,C07_known_false_safe,P1,causal_original,1,29,offline_diagnostic_candidate_bank_not_native_Zhou_candidates,0,0,0,0,0.931034482758621,2,0,0,0,2,0,0,0,0.931034482758621,0,0
case,C07_known_false_safe,P2a,causal_previous_period_oracle,1,28,offline_diagnostic_candidate_bank_not_native_Zhou_candidates,0,0.107142857142857,0,0.0357142857142857,0.928571428571429,2,0,0,0,2,0,0,0,0.982142857142857,0,0
case,C07_known_false_safe,P2b,offline_physical_parameter_oracle,1,29,offline_diagnostic_candidate_bank_not_native_Zhou_candidates,0,0.137931034482759,0,0.0689655172413793,0.931034482758621,2,0,0,0,2,0,0,0,1,0,0
case,C07_known_false_safe,P2c,noncausal_future_endpoint_oracle,0,29,offline_diagnostic_candidate_bank_not_native_Zhou_candidates,0.0344827586206897,0.137931034482759,0.0344827586206897,0.206896551724138,NaN,0,0,NaN,0,0,0,NaN,0,NaN,0,0.0344827586206897
case,C07_known_false_safe,P3a,causal_previous_period_oracle,1,28,offline_diagnostic_candidate_bank_not_native_Zhou_candidates,0,0.107142857142857,0,0.0357142857142857,0.928571428571429,2,0,0,0,2,0,0,0,0.982142857142857,0,0
case,C07_known_false_safe,P3b,offline_physical_parameter_oracle,1,29,offline_diagnostic_candidate_bank_not_native_Zhou_candidates,0,0.137931034482759,0,0.0689655172413793,0.931034482758621,2,0,0,0,2,0,0,0,1,0,0
case,C07_known_false_safe,P3c,noncausal_future_endpoint_oracle,0,29,offline_diagnostic_candidate_bank_not_native_Zhou_candidates,0.0344827586206897,0.137931034482759,0.0344827586206897,0.206896551724138,NaN,0,0,NaN,0,0,0,NaN,0,NaN,0,0.0344827586206897
case,C07_known_false_safe,P4,offline_physical_parameter_oracle,1,29,offline_diagnostic_candidate_bank_not_native_Zhou_candidates,0.0344827586206897,0.137931034482759,0.0344827586206897,0.206896551724138,0.96551724137931,2,1,0.5,0,2,1,0.5,0,1,0,0.0344827586206897
case,C07_known_false_safe,P5,offline_plant_replay_oracle,1,29,offline_diagnostic_candidate_bank_not_native_Zhou_candidates,0.0689655172413793,0.137931034482759,0.0689655172413793,0.655172413793103,1,2,2,1,0,2,2,1,0,1,0,0.0689655172413793
case,C08_S2_nontrigger,P0,causal_original,1,1198,offline_diagnostic_candidate_bank_not_native_Zhou_candidates,0,0,0,0,1,0,0,NaN,0,0,0,NaN,0,0.998330550918197,NaN,0
case,C08_S2_nontrigger,P1,causal_original,1,1198,offline_diagnostic_candidate_bank_not_native_Zhou_candidates,0,0,0,0,1,0,0,NaN,0,0,0,NaN,0,0.998330550918197,NaN,0
case,C08_S2_nontrigger,P2a,causal_previous_period_oracle,1,1197,offline_diagnostic_candidate_bank_not_native_Zhou_candidates,0,0,0,0.0050125313283208,1,0,0,NaN,0,0,0,NaN,0,0.998329156223893,NaN,0
case,C08_S2_nontrigger,P2b,offline_physical_parameter_oracle,1,1198,offline_diagnostic_candidate_bank_not_native_Zhou_candidates,0,0.00584307178631052,0,0.00500834724540901,1,0,0,NaN,0,0,0,NaN,0,0.996243739565943,NaN,0
case,C08_S2_nontrigger,P2c,noncausal_future_endpoint_oracle,0,1198,offline_diagnostic_candidate_bank_not_native_Zhou_candidates,0,0.00250417362270451,0,0.00500834724540901,NaN,0,0,NaN,0,0,0,NaN,0,NaN,NaN,0
case,C08_S2_nontrigger,P3a,causal_previous_period_oracle,1,1197,offline_diagnostic_candidate_bank_not_native_Zhou_candidates,0,0,0,0.0050125313283208,1,0,0,NaN,0,0,0,NaN,0,0.998329156223893,NaN,0
case,C08_S2_nontrigger,P3b,offline_physical_parameter_oracle,1,1198,offline_diagnostic_candidate_bank_not_native_Zhou_candidates,0,0.00584307178631052,0,0.00500834724540901,1,0,0,NaN,0,0,0,NaN,0,0.996243739565943,NaN,0
case,C08_S2_nontrigger,P3c,noncausal_future_endpoint_oracle,0,1198,offline_diagnostic_candidate_bank_not_native_Zhou_candidates,0,0.00250417362270451,0,0.00500834724540901,NaN,0,0,NaN,0,0,0,NaN,0,NaN,NaN,0
case,C08_S2_nontrigger,P4,offline_physical_parameter_oracle,1,1198,offline_diagnostic_candidate_bank_not_native_Zhou_candidates,0,0.00250417362270451,0,0.00500834724540901,1,0,0,NaN,0,0,0,NaN,0,0.997913188647746,NaN,0
case,C08_S2_nontrigger,P5,offline_plant_replay_oracle,1,1198,offline_diagnostic_candidate_bank_not_native_Zhou_candidates,0,0.00333889816360601,0,0.00333889816360601,1,0,0,NaN,0,0,0,NaN,0,1,NaN,0
case,C09_S2_boundary,P0,causal_original,1,1198,offline_diagnostic_candidate_bank_not_native_Zhou_candidates,0,0,0,0,0.999165275459099,1,0,0,0,1,0,0,0,0.997495826377296,0,0
case,C09_S2_boundary,P1,causal_original,1,1198,offline_diagnostic_candidate_bank_not_native_Zhou_candidates,0,0,0,0,0.999165275459099,1,0,0,0,1,0,0,0,0.997495826377296,0,0
case,C09_S2_boundary,P2a,causal_previous_period_oracle,1,1197,offline_diagnostic_candidate_bank_not_native_Zhou_candidates,0,0.0108604845446951,0,0.00417710944026733,0.999164578111946,1,0,0,0,1,0,0,0,0.993734335839599,0,0
case,C09_S2_boundary,P2b,offline_physical_parameter_oracle,1,1198,offline_diagnostic_candidate_bank_not_native_Zhou_candidates,0,0.00250417362270451,0,0.00417362270450751,0.999165275459099,1,0,0,0,1,0,0,0,0.998747913188648,0,0
case,C09_S2_boundary,P2c,noncausal_future_endpoint_oracle,0,1198,offline_diagnostic_candidate_bank_not_native_Zhou_candidates,0,0.00417362270450751,0,0.00417362270450751,NaN,0,0,NaN,0,0,0,NaN,0,NaN,0,0
case,C09_S2_boundary,P3a,causal_previous_period_oracle,1,1197,offline_diagnostic_candidate_bank_not_native_Zhou_candidates,0,0.0108604845446951,0,0.00417710944026733,0.999164578111946,1,0,0,0,1,0,0,0,0.993734335839599,0,0
case,C09_S2_boundary,P3b,offline_physical_parameter_oracle,1,1198,offline_diagnostic_candidate_bank_not_native_Zhou_candidates,0,0.00250417362270451,0,0.00417362270450751,0.999165275459099,1,0,0,0,1,0,0,0,0.998747913188648,0,0
case,C09_S2_boundary,P3c,noncausal_future_endpoint_oracle,0,1198,offline_diagnostic_candidate_bank_not_native_Zhou_candidates,0,0.00417362270450751,0,0.00417362270450751,NaN,0,0,NaN,0,0,0,NaN,0,NaN,0,0
case,C09_S2_boundary,P4,offline_physical_parameter_oracle,1,1198,offline_diagnostic_candidate_bank_not_native_Zhou_candidates,0,0.00417362270450751,0,0.00417362270450751,0.999165275459099,1,0,0,0,1,0,0,0,0.999582637729549,0,0
case,C09_S2_boundary,P5,offline_plant_replay_oracle,1,1198,offline_diagnostic_candidate_bank_not_native_Zhou_candidates,0.000834724540901503,0.00500834724540901,0.000834724540901503,0.0233722871452421,1,1,1,1,0,1,1,1,0,1,0,0.000834724540901503
case,D01_iq_step,P0,causal_original,1,451,offline_diagnostic_candidate_bank_not_native_Zhou_candidates,0,0,0,0,0.995565410199557,2,0,0,0,2,0,0,0,0.998891352549889,NaN,0.00886917960088692
case,D01_iq_step,P1,causal_original,1,451,offline_diagnostic_candidate_bank_not_native_Zhou_candidates,0,0,0,0,0.995565410199557,2,0,0,0,2,0,0,0,0.998891352549889,NaN,0.00886917960088692
case,D01_iq_step,P2a,causal_previous_period_oracle,1,450,offline_diagnostic_candidate_bank_not_native_Zhou_candidates,0,0.00222222222222222,0,0.0111111111111111,0.995555555555556,2,0,0,0,2,0,0,0,1,NaN,0.00888888888888889
case,D01_iq_step,P2b,offline_physical_parameter_oracle,1,451,offline_diagnostic_candidate_bank_not_native_Zhou_candidates,0,0.00221729490022173,0,0.0110864745011086,0.995565410199557,2,0,0,0,2,0,0,0,1,NaN,0.00886917960088692
case,D01_iq_step,P2c,noncausal_future_endpoint_oracle,0,451,offline_diagnostic_candidate_bank_not_native_Zhou_candidates,0.00221729490022173,0.00221729490022173,0.00221729490022173,0.0199556541019956,NaN,0,0,NaN,0,0,0,NaN,0,NaN,NaN,0.0110864745011086
case,D01_iq_step,P3a,causal_previous_period_oracle,1,450,offline_diagnostic_candidate_bank_not_native_Zhou_candidates,0,0.00222222222222222,0,0.0111111111111111,0.995555555555556,2,0,0,0,2,0,0,0,1,NaN,0.00888888888888889
case,D01_iq_step,P3b,offline_physical_parameter_oracle,1,451,offline_diagnostic_candidate_bank_not_native_Zhou_candidates,0,0.00221729490022173,0,0.0110864745011086,0.995565410199557,2,0,0,0,2,0,0,0,1,NaN,0.00886917960088692
case,D01_iq_step,P3c,noncausal_future_endpoint_oracle,0,451,offline_diagnostic_candidate_bank_not_native_Zhou_candidates,0.00221729490022173,0.00221729490022173,0.00221729490022173,0.0199556541019956,NaN,0,0,NaN,0,0,0,NaN,0,NaN,NaN,0.0110864745011086
case,D01_iq_step,P4,offline_physical_parameter_oracle,1,451,offline_diagnostic_candidate_bank_not_native_Zhou_candidates,0.00221729490022173,0.00221729490022173,0.00221729490022173,0.0199556541019956,0.997782705099778,2,1,0.5,0,2,1,0.5,0,1,NaN,0.0110864745011086
case,D01_iq_step,P5,offline_plant_replay_oracle,1,451,offline_diagnostic_candidate_bank_not_native_Zhou_candidates,0.00443458980044346,0.00221729490022173,0.00443458980044346,0.0332594235033259,1,2,2,1,0,2,2,1,0,1,NaN,0.00886917960088692
case,D02_id_step,P0,causal_original,1,1198,offline_diagnostic_candidate_bank_not_native_Zhou_candidates,0,0,0,0,0.998330550918197,2,0,0,0,2,0,0,0,0.996661101836394,NaN,0.015025041736227
case,D02_id_step,P1,causal_original,1,1198,offline_diagnostic_candidate_bank_not_native_Zhou_candidates,0,0,0,0,0.998330550918197,2,0,0,0,2,0,0,0,0.996661101836394,NaN,0.015025041736227
case,D02_id_step,P2a,causal_previous_period_oracle,1,1197,offline_diagnostic_candidate_bank_not_native_Zhou_candidates,0.00417710944026733,0.00668337510442774,0.00417710944026733,0.0108604845446951,0.995822890559733,2,1,0.5,4,2,1,0.5,4,0.99749373433584,NaN,0.0108604845446951
case,D02_id_step,P2b,offline_physical_parameter_oracle,1,1198,offline_diagnostic_candidate_bank_not_native_Zhou_candidates,0.00333889816360601,0.00751252086811352,0.00333889816360601,0.0283806343906511,0.996661101836394,2,1,0.5,3,2,1,0.5,3,0.997078464106845,NaN,0.015025041736227
case,D02_id_step,P2c,noncausal_future_endpoint_oracle,0,1198,offline_diagnostic_candidate_bank_not_native_Zhou_candidates,0.00417362270450751,0.00667779632721202,0.00417362270450751,0.0217028380634391,NaN,0,0,NaN,0,0,0,NaN,0,NaN,NaN,0.0108514190317195
case,D02_id_step,P3a,causal_previous_period_oracle,1,1197,offline_diagnostic_candidate_bank_not_native_Zhou_candidates,0.00417710944026733,0.00668337510442774,0.00417710944026733,0.0108604845446951,0.995822890559733,2,1,0.5,4,2,1,0.5,4,0.99749373433584,NaN,0.0108604845446951
case,D02_id_step,P3b,offline_physical_parameter_oracle,1,1198,offline_diagnostic_candidate_bank_not_native_Zhou_candidates,0.00333889816360601,0.00751252086811352,0.00333889816360601,0.0283806343906511,0.996661101836394,2,1,0.5,3,2,1,0.5,3,0.997078464106845,NaN,0.015025041736227
case,D02_id_step,P3c,noncausal_future_endpoint_oracle,0,1198,offline_diagnostic_candidate_bank_not_native_Zhou_candidates,0.00417362270450751,0.00667779632721202,0.00417362270450751,0.0217028380634391,NaN,0,0,NaN,0,0,0,NaN,0,NaN,NaN,0.0108514190317195
case,D02_id_step,P4,offline_physical_parameter_oracle,1,1198,offline_diagnostic_candidate_bank_not_native_Zhou_candidates,0.00417362270450751,0.00667779632721202,0.00417362270450751,0.0217028380634391,0.997495826377296,2,2,1,3,2,2,1,3,0.997495826377296,NaN,0.0108514190317195
case,D02_id_step,P5,offline_plant_replay_oracle,1,1198,offline_diagnostic_candidate_bank_not_native_Zhou_candidates,0.00166944908180301,0.00667779632721202,0.00166944908180301,0.0175292153589316,1,2,2,1,0,2,2,1,0,1,NaN,0.013355592654424
case,D03_id_iq_step,P0,causal_original,1,1198,offline_diagnostic_candidate_bank_not_native_Zhou_candidates,0,0,0,0,0.995826377295493,5,0,0,0,4,0,0,0,0.989983305509182,NaN,0.0575959933222037
case,D03_id_iq_step,P1,causal_original,1,1198,offline_diagnostic_candidate_bank_not_native_Zhou_candidates,0,0,0,0,0.995826377295493,5,0,0,0,4,0,0,0,0.989983305509182,NaN,0.0575959933222037
case,D03_id_iq_step,P2a,causal_previous_period_oracle,1,1197,offline_diagnostic_candidate_bank_not_native_Zhou_candidates,0.00417710944026733,0.0116959064327485,0.00334168755221387,0.0233918128654971,1,5,5,1,0,4,4,1,0,0.988304093567251,NaN,0.0601503759398496
case,D03_id_iq_step,P2b,offline_physical_parameter_oracle,1,1198,offline_diagnostic_candidate_bank_not_native_Zhou_candidates,0.00166944908180301,0.0233722871452421,0.000834724540901503,0.0342237061769616,0.997495826377296,5,2,0.4,0,4,1,0.25,0,0.987479131886478,NaN,0.0575959933222037
case,D03_id_iq_step,P2c,noncausal_future_endpoint_oracle,0,1198,offline_diagnostic_candidate_bank_not_native_Zhou_candidates,0.00417362270450751,0.0141903171953255,0.00333889816360601,0.0258764607679466,NaN,0,0,NaN,0,0,0,NaN,0,NaN,NaN,0.0601001669449082
case,D03_id_iq_step,P3a,causal_previous_period_oracle,1,1197,offline_diagnostic_candidate_bank_not_native_Zhou_candidates,0.00417710944026733,0.0116959064327485,0.00334168755221387,0.0233918128654971,1,5,5,1,0,4,4,1,0,0.988304093567251,NaN,0.0601503759398496
case,D03_id_iq_step,P3b,offline_physical_parameter_oracle,1,1198,offline_diagnostic_candidate_bank_not_native_Zhou_candidates,0.00166944908180301,0.0233722871452421,0.000834724540901503,0.0342237061769616,0.997495826377296,5,2,0.4,0,4,1,0.25,0,0.987479131886478,NaN,0.0575959933222037
case,D03_id_iq_step,P3c,noncausal_future_endpoint_oracle,0,1198,offline_diagnostic_candidate_bank_not_native_Zhou_candidates,0.00417362270450751,0.0141903171953255,0.00333889816360601,0.0258764607679466,NaN,0,0,NaN,0,0,0,NaN,0,NaN,NaN,0.0601001669449082
case,D03_id_iq_step,P4,offline_physical_parameter_oracle,1,1198,offline_diagnostic_candidate_bank_not_native_Zhou_candidates,0.00417362270450751,0.01669449081803,0.00333889816360601,0.0258764607679466,1,5,5,1,0,4,4,1,0,0.990818030050084,NaN,0.0601001669449082
case,D03_id_iq_step,P5,offline_plant_replay_oracle,1,1198,offline_diagnostic_candidate_bank_not_native_Zhou_candidates,0.00417362270450751,0.0200333889816361,0.00333889816360601,0.0267111853088481,1,5,5,1,0,4,4,1,0,1,NaN,0.0601001669449082
case,D04_torque_ramp,P0,causal_original,1,1198,offline_diagnostic_candidate_bank_not_native_Zhou_candidates,0,0,0,0,0.98330550918197,20,0,0,0,10,0,0,0,0.979966611018364,NaN,0.0317195325542571
case,D04_torque_ramp,P1,causal_original,1,1198,offline_diagnostic_candidate_bank_not_native_Zhou_candidates,0,0,0,0,0.98330550918197,20,0,0,0,10,0,0,0,0.979966611018364,NaN,0.0317195325542571
case,D04_torque_ramp,P2a,causal_previous_period_oracle,1,1197,offline_diagnostic_candidate_bank_not_native_Zhou_candidates,0.0158730158730159,0.0208855472013367,0.0150375939849624,0.0183792815371763,0.985797827903091,20,11,0.55,8,10,10,1,8,0.986215538847118,NaN,0.0442773600668337
case,D04_torque_ramp,P2b,offline_physical_parameter_oracle,1,1198,offline_diagnostic_candidate_bank_not_native_Zhou_candidates,0.0158597662771285,0.0434056761268781,0.015025041736227,0.0250417362270451,0.985809682804674,20,11,0.55,8,10,10,1,8,0.98330550918197,NaN,0.0442404006677796
case,D04_torque_ramp,P2c,noncausal_future_endpoint_oracle,0,1198,offline_diagnostic_candidate_bank_not_native_Zhou_candidates,0.0175292153589316,0.0442404006677796,0.00918196994991653,0.0191986644407346,NaN,0,0,NaN,0,0,0,NaN,0,NaN,NaN,0.0442404006677796
case,D04_torque_ramp,P3a,causal_previous_period_oracle,1,1197,offline_diagnostic_candidate_bank_not_native_Zhou_candidates,0.0158730158730159,0.0208855472013367,0.0150375939849624,0.0183792815371763,0.985797827903091,20,11,0.55,8,10,10,1,8,0.986215538847118,NaN,0.0442773600668337
case,D04_torque_ramp,P3b,offline_physical_parameter_oracle,1,1198,offline_diagnostic_candidate_bank_not_native_Zhou_candidates,0.0158597662771285,0.0434056761268781,0.015025041736227,0.0250417362270451,0.985809682804674,20,11,0.55,8,10,10,1,8,0.98330550918197,NaN,0.0442404006677796
case,D04_torque_ramp,P3c,noncausal_future_endpoint_oracle,0,1198,offline_diagnostic_candidate_bank_not_native_Zhou_candidates,0.0175292153589316,0.0442404006677796,0.00918196994991653,0.0191986644407346,NaN,0,0,NaN,0,0,0,NaN,0,NaN,NaN,0.0442404006677796
case,D04_torque_ramp,P4,offline_physical_parameter_oracle,1,1198,offline_diagnostic_candidate_bank_not_native_Zhou_candidates,0.0175292153589316,0.0442404006677796,0.00918196994991653,0.0191986644407346,0.999165275459099,20,20,1,1,10,10,1,1,0.983722871452421,NaN,0.0442404006677796
case,D04_torque_ramp,P5,offline_plant_replay_oracle,1,1198,offline_diagnostic_candidate_bank_not_native_Zhou_candidates,0.01669449081803,0.0400667779632721,0.00834724540901502,0.0392320534223706,1,20,20,1,0,10,10,1,0,1,NaN,0.0450751252086811
case,D05_torque_step,P0,causal_original,1,457,offline_diagnostic_candidate_bank_not_native_Zhou_candidates,0,0,0,0,0.986870897155361,6,0,0,0,3,0,0,0,0.986870897155361,NaN,0.0525164113785558
case,D05_torque_step,P1,causal_original,1,457,offline_diagnostic_candidate_bank_not_native_Zhou_candidates,0,0,0,0,0.986870897155361,6,0,0,0,3,0,0,0,0.986870897155361,NaN,0.0525164113785558
case,D05_torque_step,P2a,causal_previous_period_oracle,1,456,offline_diagnostic_candidate_bank_not_native_Zhou_candidates,0.0043859649122807,0.0219298245614035,0.0043859649122807,0.043859649122807,0.991228070175439,6,2,0.333333333333333,0,3,2,0.666666666666667,0,0.984649122807018,NaN,0.0570175438596491
case,D05_torque_step,P2b,offline_physical_parameter_oracle,1,457,offline_diagnostic_candidate_bank_not_native_Zhou_candidates,0.0087527352297593,0.0415754923413567,0.00437636761487965,0.0437636761487965,0.99562363238512,6,4,0.666666666666667,0,3,2,0.666666666666667,0,0.974835886214442,NaN,0.0612691466083151
case,D05_torque_step,P2c,noncausal_future_endpoint_oracle,0,457,offline_diagnostic_candidate_bank_not_native_Zhou_candidates,0.0109409190371991,0.0306345733041575,0.00656455142231947,0.0437636761487965,NaN,0,0,NaN,0,0,0,NaN,0,NaN,NaN,0.0634573304157549
case,D05_torque_step,P3a,causal_previous_period_oracle,1,456,offline_diagnostic_candidate_bank_not_native_Zhou_candidates,0.0043859649122807,0.0219298245614035,0.0043859649122807,0.043859649122807,0.991228070175439,6,2,0.333333333333333,0,3,2,0.666666666666667,0,0.984649122807018,NaN,0.0570175438596491
case,D05_torque_step,P3b,offline_physical_parameter_oracle,1,457,offline_diagnostic_candidate_bank_not_native_Zhou_candidates,0.0087527352297593,0.0415754923413567,0.00437636761487965,0.0437636761487965,0.99562363238512,6,4,0.666666666666667,0,3,2,0.666666666666667,0,0.974835886214442,NaN,0.0612691466083151
case,D05_torque_step,P3c,noncausal_future_endpoint_oracle,0,457,offline_diagnostic_candidate_bank_not_native_Zhou_candidates,0.0109409190371991,0.0306345733041575,0.00656455142231947,0.0437636761487965,NaN,0,0,NaN,0,0,0,NaN,0,NaN,NaN,0.0634573304157549
case,D05_torque_step,P4,offline_physical_parameter_oracle,1,457,offline_diagnostic_candidate_bank_not_native_Zhou_candidates,0.0109409190371991,0.0306345733041575,0.00656455142231947,0.0437636761487965,0.99781181619256,6,5,0.833333333333333,0,3,3,1,0,0.99562363238512,NaN,0.0634573304157549
case,D05_torque_step,P5,offline_plant_replay_oracle,1,457,offline_diagnostic_candidate_bank_not_native_Zhou_candidates,0.0131291028446389,0.0262582056892779,0.00656455142231947,0.0656455142231947,1,6,6,1,0,3,3,1,0,1,NaN,0.0656455142231947
case,P01_Ld_minus10,P0,causal_original,1,1198,offline_diagnostic_candidate_bank_not_native_Zhou_candidates,0,0,0,0,0.979131886477462,25,0,0,0,25,0,0,0,0.963689482470785,NaN,0.0734557595993322
case,P01_Ld_minus10,P1,causal_original,1,1198,offline_diagnostic_candidate_bank_not_native_Zhou_candidates,0.10016694490818,0.2220367278798,0.0717863105175292,0.169449081803005,0.878964941569282,25,0,0,120,25,0,0,86,0.884390651085142,NaN,0.173622704507513
case,P01_Ld_minus10,P2a,causal_previous_period_oracle,1,1197,offline_diagnostic_candidate_bank_not_native_Zhou_candidates,0.012531328320802,0.0401002506265664,0.012531328320802,0.0509607351712615,0.968253968253968,25,1,0.04,14,25,1,0.04,14,0.945279866332498,NaN,0.0843776106934002
case,P01_Ld_minus10,P2b,offline_physical_parameter_oracle,1,1198,offline_diagnostic_candidate_bank_not_native_Zhou_candidates,0.196994991652755,0.570951585976628,0.131886477462437,0.123539232053422,0.823873121869783,25,25,1,211,25,25,1,133,0.707011686143573,NaN,0.146911519198664
case,P01_Ld_minus10,P2c,noncausal_future_endpoint_oracle,0,1198,offline_diagnostic_candidate_bank_not_native_Zhou_candidates,0.0342237061769616,0.0776293823038397,0.0325542570951586,0.0225375626043406,NaN,0,0,NaN,0,0,0,NaN,0,NaN,NaN,0.0592654424040067
case,P01_Ld_minus10,P3a,causal_previous_period_oracle,1,1197,offline_diagnostic_candidate_bank_not_native_Zhou_candidates,0.0192147034252297,0.0601503759398496,0.0192147034252297,0.0417710944026733,0.998329156223893,25,23,0.92,0,25,23,0.92,0,0.990392648287385,NaN,0.0543024227234754
case,P01_Ld_minus10,P3b,offline_physical_parameter_oracle,1,1198,offline_diagnostic_candidate_bank_not_native_Zhou_candidates,0.0191986644407346,0.0542570951585977,0.0191986644407346,0.0425709515859766,0.991652754590985,25,19,0.76,4,25,19,0.76,4,0.98330550918197,NaN,0.0542570951585977
case,P01_Ld_minus10,P3c,noncausal_future_endpoint_oracle,0,1198,offline_diagnostic_candidate_bank_not_native_Zhou_candidates,0.01669449081803,0.0584307178631052,0.01669449081803,0.0459098497495826,NaN,0,0,NaN,0,0,0,NaN,0,NaN,NaN,0.0584307178631052
case,P01_Ld_minus10,P4,offline_physical_parameter_oracle,1,1198,offline_diagnostic_candidate_bank_not_native_Zhou_candidates,0.01669449081803,0.0584307178631052,0.01669449081803,0.0459098497495826,0.995826377295493,25,20,0.8,0,25,20,0.8,0,0.989565943238731,NaN,0.0584307178631052
case,P01_Ld_minus10,P5,offline_plant_replay_oracle,1,1198,offline_diagnostic_candidate_bank_not_native_Zhou_candidates,0.0208681135225376,0.0726210350584307,0.0208681135225376,0.0542570951585977,1,25,25,1,0,25,25,1,0,1,NaN,0.0542570951585977
case,P02_Ld_plus10,P0,causal_original,1,1198,offline_diagnostic_candidate_bank_not_native_Zhou_candidates,0,0,0,0,0.989983305509182,12,0,0,0,11,0,0,0,0.953672787979967,NaN,0.0834724540901502
case,P02_Ld_plus10,P1,causal_original,1,1198,offline_diagnostic_candidate_bank_not_native_Zhou_candidates,0.191986644407346,0.358931552587646,0.13355592654424,0.112687813021703,0.804674457429048,12,4,0.333333333333333,226,11,4,0.363636363636364,156,0.80550918196995,NaN,0.163606010016695
case,P02_Ld_plus10,P2a,causal_previous_period_oracle,1,1197,offline_diagnostic_candidate_bank_not_native_Zhou_candidates,0.0133667502088555,0.0860484544695071,0.0116959064327485,0.00334168755221387,0.979949874686717,12,2,0.166666666666667,14,11,1,0.0909090909090909,13,0.923141186299081,NaN,0.0885547201336675
case,P02_Ld_plus10,P2b,offline_physical_parameter_oracle,1,1198,offline_diagnostic_candidate_bank_not_native_Zhou_candidates,0.0801335559265442,0.290484140233723,0.0801335559265442,0.181969949916528,0.918196994991653,12,5,0.416666666666667,91,11,5,0.454545454545455,91,0.871035058430718,NaN,0.163606010016695
case,P02_Ld_plus10,P2c,noncausal_future_endpoint_oracle,0,1198,offline_diagnostic_candidate_bank_not_native_Zhou_candidates,0.0392320534223706,0.0876460767946578,0.0383973288814691,0.0584307178631052,NaN,0,0,NaN,0,0,0,NaN,0,NaN,NaN,0.104340567612688
case,P02_Ld_plus10,P3a,causal_previous_period_oracle,1,1197,offline_diagnostic_candidate_bank_not_native_Zhou_candidates,0.00835421888053467,0.089390142021721,0.0075187969924812,0.00835421888053467,0.998329156223893,12,10,0.833333333333333,0,11,9,0.818181818181818,0,0.982456140350877,NaN,0.0885547201336675
case,P02_Ld_plus10,P3b,offline_physical_parameter_oracle,1,1198,offline_diagnostic_candidate_bank_not_native_Zhou_candidates,0.010016694490818,0.112687813021703,0.00918196994991653,0.00918196994991653,0.998330550918197,12,11,0.916666666666667,1,11,10,0.909090909090909,1,0.98330550918197,NaN,0.0884808013355593
case,P02_Ld_plus10,P3c,noncausal_future_endpoint_oracle,0,1198,offline_diagnostic_candidate_bank_not_native_Zhou_candidates,0.00918196994991653,0.0918196994991653,0.00834724540901502,0.00834724540901502,NaN,0,0,NaN,0,0,0,NaN,0,NaN,NaN,0.0893155258764608
case,P02_Ld_plus10,P4,offline_physical_parameter_oracle,1,1198,offline_diagnostic_candidate_bank_not_native_Zhou_candidates,0.00918196994991653,0.0918196994991653,0.00834724540901502,0.00834724540901502,0.999165275459099,12,11,0.916666666666667,0,11,10,0.909090909090909,0,0.987061769616027,NaN,0.0893155258764608
case,P02_Ld_plus10,P5,offline_plant_replay_oracle,1,1198,offline_diagnostic_candidate_bank_not_native_Zhou_candidates,0.010016694490818,0.0926544240400668,0.00918196994991653,0.00918196994991653,1,12,12,1,0,11,11,1,0,1,NaN,0.0884808013355593
case,P03_Lq_minus10,P0,causal_original,1,1198,offline_diagnostic_candidate_bank_not_native_Zhou_candidates,0,0,0,0,0.964941569282137,42,0,0,0,42,0,0,0,0.958263772954925,NaN,0.0851419031719533
case,P03_Lq_minus10,P1,causal_original,1,1198,offline_diagnostic_candidate_bank_not_native_Zhou_candidates,0.0893155258764608,0.108514190317195,0.0884808013355593,0.101836393989983,0.945742904841402,42,42,1,65,42,42,1,64,0.912353923205342,NaN,0.00417362270450751
case,P03_Lq_minus10,P2a,causal_previous_period_oracle,1,1197,offline_diagnostic_candidate_bank_not_native_Zhou_candidates,0.0158730158730159,0.0593149540517962,0.0158730158730159,0.075187969924812,0.950710108604845,42,1,0.0238095238095238,18,42,1,0.0238095238095238,18,0.9578111946533,NaN,0.0927318295739348
case,P03_Lq_minus10,P2b,offline_physical_parameter_oracle,1,1198,offline_diagnostic_candidate_bank_not_native_Zhou_candidates,0.225375626043406,0.312186978297162,0.0951585976627713,0.227045075125209,0.739565943238731,42,0,0,270,42,0,0,114,0.871869782971619,NaN,0.310517529215359
case,P03_Lq_minus10,P2c,noncausal_future_endpoint_oracle,0,1198,offline_diagnostic_candidate_bank_not_native_Zhou_candidates,0.0467445742904841,0.0358931552587646,0.0467445742904841,0.0125208681135225,NaN,0,0,NaN,0,0,0,NaN,0,NaN,NaN,0.0617696160267112
case,P03_Lq_minus10,P3a,causal_previous_period_oracle,1,1197,offline_diagnostic_candidate_bank_not_native_Zhou_candidates,0.0350877192982456,0.089390142021721,0.0350877192982456,0.0693400167084378,1,42,42,1,0,42,42,1,0,0.991228070175439,NaN,0.050125313283208
case,P03_Lq_minus10,P3b,offline_physical_parameter_oracle,1,1198,offline_diagnostic_candidate_bank_not_native_Zhou_candidates,0.0350584307178631,0.0918196994991653,0.0350584307178631,0.0676126878130217,1,42,42,1,0,42,42,1,0,0.982470784641068,NaN,0.0500834724540902
case,P03_Lq_minus10,P3c,noncausal_future_endpoint_oracle,0,1198,offline_diagnostic_candidate_bank_not_native_Zhou_candidates,0.0350584307178631,0.0884808013355593,0.0350584307178631,0.0676126878130217,NaN,0,0,NaN,0,0,0,NaN,0,NaN,NaN,0.0500834724540902
case,P03_Lq_minus10,P4,offline_physical_parameter_oracle,1,1198,offline_diagnostic_candidate_bank_not_native_Zhou_candidates,0.0350584307178631,0.0884808013355593,0.0350584307178631,0.0676126878130217,1,42,42,1,0,42,42,1,0,0.991652754590985,NaN,0.0500834724540902
case,P03_Lq_minus10,P5,offline_plant_replay_oracle,1,1198,offline_diagnostic_candidate_bank_not_native_Zhou_candidates,0.0350584307178631,0.0834724540901502,0.0350584307178631,0.0676126878130217,1,42,42,1,0,42,42,1,0,1,NaN,0.0500834724540902
case,P04_Lq_plus10,P0,causal_original,1,1198,offline_diagnostic_candidate_bank_not_native_Zhou_candidates,0,0,0,0,0.992487479131887,9,0,0,0,8,0,0,0,0.924040066777963,NaN,0.0809682804674457
case,P04_Lq_plus10,P1,causal_original,1,1198,offline_diagnostic_candidate_bank_not_native_Zhou_candidates,0.252086811352254,0.297996661101836,0.136894824707846,0.247078464106845,0.748747913188648,9,5,0.555555555555556,297,8,5,0.625,159,0.830968280467446,NaN,0.3330550918197
case,P04_Lq_plus10,P2a,causal_previous_period_oracle,1,1197,offline_diagnostic_candidate_bank_not_native_Zhou_candidates,0.0384294068504595,0.0576441102756892,0.0116959064327485,0.0142021720969089,0.954051796157059,9,0,0,46,8,0,0,14,0.935254803675856,NaN,0.0960735171261487
case,P04_Lq_plus10,P2b,offline_physical_parameter_oracle,1,1198,offline_diagnostic_candidate_bank_not_native_Zhou_candidates,0.110183639398998,0.210350584307179,0.107679465776294,0.0809682804674457,0.887312186978297,9,3,0.333333333333333,129,8,3,0.375,126,0.928213689482471,NaN,0.0292153589315526
case,P04_Lq_plus10,P2c,noncausal_future_endpoint_oracle,0,1198,offline_diagnostic_candidate_bank_not_native_Zhou_candidates,0.0358931552587646,0.106010016694491,0.0350584307178631,0.0567612687813022,NaN,0,0,NaN,0,0,0,NaN,0,NaN,NaN,0.115191986644407
case,P04_Lq_plus10,P3a,causal_previous_period_oracle,1,1197,offline_diagnostic_candidate_bank_not_native_Zhou_candidates,0.00417710944026733,0.121136173767753,0.00417710944026733,0.0075187969924812,0.996658312447786,9,5,0.555555555555556,0,8,5,0.625,0,0.984544695071011,NaN,0.0852130325814536
case,P04_Lq_plus10,P3b,offline_physical_parameter_oracle,1,1198,offline_diagnostic_candidate_bank_not_native_Zhou_candidates,0.00918196994991653,0.126878130217028,0.00918196994991653,0.00834724540901502,0.993322203672788,9,6,0.666666666666667,5,8,6,0.75,5,0.984557595993322,NaN,0.0884808013355593
case,P04_Lq_plus10,P3c,noncausal_future_endpoint_oracle,0,1198,offline_diagnostic_candidate_bank_not_native_Zhou_candidates,0.0108514190317195,0.120200333889816,0.010016694490818,0.0191986644407346,NaN,0,0,NaN,0,0,0,NaN,0,NaN,NaN,0.0884808013355593
case,P04_Lq_plus10,P4,offline_physical_parameter_oracle,1,1198,offline_diagnostic_candidate_bank_not_native_Zhou_candidates,0.0108514190317195,0.120200333889816,0.010016694490818,0.0191986644407346,0.994991652754591,9,8,0.888888888888889,5,8,7,0.875,5,0.984140233722871,NaN,0.0884808013355593
case,P04_Lq_plus10,P5,offline_plant_replay_oracle,1,1198,offline_diagnostic_candidate_bank_not_native_Zhou_candidates,0.00751252086811352,0.151919866444073,0.00667779632721202,0.0267111853088481,1,9,9,1,0,8,8,1,0,1,NaN,0.0851419031719533
case,P05_cross_mismatch,P0,causal_original,1,1198,offline_diagnostic_candidate_bank_not_native_Zhou_candidates,0,0,0,0,0.990818030050084,11,0,0,0,9,0,0,0,0.9720367278798,NaN,0.0308848080133556
case,P05_cross_mismatch,P1,causal_original,1,1198,offline_diagnostic_candidate_bank_not_native_Zhou_candidates,0.376460767946578,0.343071786310518,0.131886477462437,0.183639398998331,0.614357262103506,11,0,0,451,9,0,0,158,0.812186978297162,NaN,0.360601001669449
case,P05_cross_mismatch,P2a,causal_previous_period_oracle,1,1197,offline_diagnostic_candidate_bank_not_native_Zhou_candidates,0.00835421888053467,0.0701754385964912,0.0075187969924812,0.0543024227234754,0.984126984126984,11,1,0.0909090909090909,9,9,0,0,9,0.948203842940685,NaN,0.0392648287385129
case,P05_cross_mismatch,P2b,offline_physical_parameter_oracle,1,1198,offline_diagnostic_candidate_bank_not_native_Zhou_candidates,0.357262103505843,0.330550918196995,0.0843071786310517,0.116026711185309,0.651919866444073,11,11,1,417,9,9,1,92,0.853505843071786,NaN,0.373121869782972
case,P05_cross_mismatch,P2c,noncausal_future_endpoint_oracle,0,1198,offline_diagnostic_candidate_bank_not_native_Zhou_candidates,0.00166944908180301,0.0267111853088481,0,0.0400667779632721,NaN,0,0,NaN,0,0,0,NaN,0,NaN,NaN,0.0325542570951586
case,P05_cross_mismatch,P3a,causal_previous_period_oracle,1,1197,offline_diagnostic_candidate_bank_not_native_Zhou_candidates,0.00835421888053467,0.0292397660818713,0.0075187969924812,0.0551378446115288,0.999164578111946,11,10,0.909090909090909,0,9,9,1,0,0.97827903091061,NaN,0.0242272347535505
case,P05_cross_mismatch,P3b,offline_physical_parameter_oracle,1,1198,offline_diagnostic_candidate_bank_not_native_Zhou_candidates,0.00834724540901502,0.0233722871452421,0.00751252086811352,0.0550918196994992,0.999165275459099,11,10,0.909090909090909,0,9,9,1,0,0.982888146911519,NaN,0.0242070116861436
case,P05_cross_mismatch,P3c,noncausal_future_endpoint_oracle,0,1198,offline_diagnostic_candidate_bank_not_native_Zhou_candidates,0.00918196994991653,0.0250417362270451,0.00751252086811352,0.0475792988313856,NaN,0,0,NaN,0,0,0,NaN,0,NaN,NaN,0.0250417362270451
case,P05_cross_mismatch,P4,offline_physical_parameter_oracle,1,1198,offline_diagnostic_candidate_bank_not_native_Zhou_candidates,0.00918196994991653,0.0325542570951586,0.00751252086811352,0.0475792988313856,1,11,11,1,0,9,9,1,0,0.987479131886478,NaN,0.0250417362270451
case,P05_cross_mismatch,P5,offline_plant_replay_oracle,1,1198,offline_diagnostic_candidate_bank_not_native_Zhou_candidates,0.00918196994991653,0.0559265442404007,0.00751252086811352,0.0626043405676127,1,11,11,1,0,9,9,1,0,1,NaN,0.0250417362270451
case,P06_controller_high_L,P0,causal_original,1,1198,offline_diagnostic_candidate_bank_not_native_Zhou_candidates,0,0,0,0,0.981636060100167,22,0,0,0,18,0,0,0,0.929465776293823,NaN,0.0459098497495826
case,P06_controller_high_L,P1,causal_original,1,1198,offline_diagnostic_candidate_bank_not_native_Zhou_candidates,0.145242070116861,0.83889816360601,0.0417362270450751,1,0.851419031719533,22,9,0.409090909090909,165,18,9,0.5,41,0.61661101836394,NaN,0.174457429048414
case,P06_controller_high_L,P2a,causal_previous_period_oracle,1,1197,offline_diagnostic_candidate_bank_not_native_Zhou_candidates,0.0601503759398496,0.162907268170426,0.0476190476190476,0.064327485380117,0.928153717627402,22,4,0.181818181818182,68,18,0,0,57,0.916457811194653,NaN,0.089390142021721
case,P06_controller_high_L,P2b,offline_physical_parameter_oracle,1,1198,offline_diagnostic_candidate_bank_not_native_Zhou_candidates,0.678631051752921,0.678631051752921,0.335559265442404,1,0.339732888146911,22,22,1,791,18,18,1,384,0.668614357262103,NaN,0.664440734557596
case,P06_controller_high_L,P2c,noncausal_future_endpoint_oracle,0,1198,offline_diagnostic_candidate_bank_not_native_Zhou_candidates,0.0534223706176962,0.187813021702838,0.0325542570951586,0.0292153589315526,NaN,0,0,NaN,0,0,0,NaN,0,NaN,NaN,0.0676126878130217
case,P06_controller_high_L,P3a,causal_previous_period_oracle,1,1197,offline_diagnostic_candidate_bank_not_native_Zhou_candidates,0.0167084377610693,0.100250626566416,0.0150375939849624,0.075187969924812,0.998329156223893,22,20,0.909090909090909,0,18,18,1,0,0.963659147869674,NaN,0.0325814536340852
case,P06_controller_high_L,P3b,offline_physical_parameter_oracle,1,1198,offline_diagnostic_candidate_bank_not_native_Zhou_candidates,0.01669449081803,0.108514190317195,0.015025041736227,0.0759599332220367,0.998330550918197,22,20,0.909090909090909,0,18,18,1,0,0.967028380634391,NaN,0.0325542570951586
case,P06_controller_high_L,P3c,noncausal_future_endpoint_oracle,0,1198,offline_diagnostic_candidate_bank_not_native_Zhou_candidates,0.0183639398998331,0.110183639398998,0.015025041736227,0.0759599332220367,NaN,0,0,NaN,0,0,0,NaN,0,NaN,NaN,0.0342237061769616
case,P06_controller_high_L,P4,offline_physical_parameter_oracle,1,1198,offline_diagnostic_candidate_bank_not_native_Zhou_candidates,0.0183639398998331,0.110183639398998,0.015025041736227,0.0759599332220367,1,22,22,1,0,18,18,1,0,0.967863105175292,NaN,0.0342237061769616
case,P06_controller_high_L,P5,offline_plant_replay_oracle,1,1198,offline_diagnostic_candidate_bank_not_native_Zhou_candidates,0.0183639398998331,0.141068447412354,0.015025041736227,0.0759599332220367,1,22,22,1,0,18,18,1,0,1,NaN,0.0342237061769616
case,P07_controller_low_L,P0,causal_original,1,1198,offline_diagnostic_candidate_bank_not_native_Zhou_candidates,0,0,0,0,0.965776293823038,41,0,0,0,37,0,0,0,0.963689482470785,NaN,0.00751252086811352
case,P07_controller_low_L,P1,causal_original,1,1198,offline_diagnostic_candidate_bank_not_native_Zhou_candidates,0.374791318864775,0.567612687813022,0.374791318864775,1,0.621869782971619,41,0,0,412,37,0,0,412,0.728714524207012,NaN,0.374791318864775
case,P07_controller_low_L,P2a,causal_previous_period_oracle,1,1197,offline_diagnostic_candidate_bank_not_native_Zhou_candidates,0.0534670008354219,0.152046783625731,0.0150375939849624,0.0342522974101921,0.912280701754386,41,0,0,64,37,0,0,18,0.909774436090226,NaN,0.0459482038429407
case,P07_controller_low_L,P2b,offline_physical_parameter_oracle,1,1198,offline_diagnostic_candidate_bank_not_native_Zhou_candidates,0.671953255425709,0.831385642737897,0.14440734557596,0.99415692821369,0.313856427378965,41,12,0.292682926829268,793,37,9,0.243243243243243,164,0.579048414023372,NaN,0.664440734557596
case,P07_controller_low_L,P2c,noncausal_future_endpoint_oracle,0,1198,offline_diagnostic_candidate_bank_not_native_Zhou_candidates,0.0634390651085142,0.0609348914858097,0.0459098497495826,0.0425709515859766,NaN,0,0,NaN,0,0,0,NaN,0,NaN,NaN,0.0559265442404007
case,P07_controller_low_L,P3a,causal_previous_period_oracle,1,1197,offline_diagnostic_candidate_bank_not_native_Zhou_candidates,0.0401002506265664,0.0576441102756892,0.0384294068504595,0.0158730158730159,0.990810359231412,41,39,0.951219512195122,9,37,37,1,9,0.992481203007519,NaN,0.0325814536340852
case,P07_controller_low_L,P3b,offline_physical_parameter_oracle,1,1198,offline_diagnostic_candidate_bank_not_native_Zhou_candidates,0.0333889816360601,0.0584307178631052,0.0308848080133556,0.0158597662771285,0.999165275459099,41,40,0.975609756097561,0,37,37,1,0,0.992904841402337,NaN,0.0409015025041736
case,P07_controller_low_L,P3c,noncausal_future_endpoint_oracle,0,1198,offline_diagnostic_candidate_bank_not_native_Zhou_candidates,0.0333889816360601,0.0383973288814691,0.0308848080133556,0.01669449081803,NaN,0,0,NaN,0,0,0,NaN,0,NaN,NaN,0.0409015025041736
case,P07_controller_low_L,P4,offline_physical_parameter_oracle,1,1198,offline_diagnostic_candidate_bank_not_native_Zhou_candidates,0.0333889816360601,0.0383973288814691,0.0308848080133556,0.01669449081803,0.999165275459099,41,40,0.975609756097561,0,37,37,1,0,0.982470784641068,NaN,0.0409015025041736
case,P07_controller_low_L,P5,offline_plant_replay_oracle,1,1198,offline_diagnostic_candidate_bank_not_native_Zhou_candidates,0.0342237061769616,0.0726210350584307,0.0308848080133556,0.01669449081803,1,41,41,1,0,37,37,1,0,1,NaN,0.0417362270450751
case,P08_opposed_20pct,P0,causal_original,1,1198,offline_diagnostic_candidate_bank_not_native_Zhou_candidates,0,0,0,0,0.954090150250417,55,0,0,0,38,0,0,0,0.792153589315526,NaN,0.0459098497495826
case,P08_opposed_20pct,P1,causal_original,1,1198,offline_diagnostic_candidate_bank_not_native_Zhou_candidates,0.367278797996661,0.597662771285476,0.186143572621035,0.742904841402337,0.625208681135225,55,23,0.418181818181818,417,38,10,0.263157894736842,213,0.731636060100167,NaN,0.321368948247078
case,P08_opposed_20pct,P2a,causal_previous_period_oracle,1,1197,offline_diagnostic_candidate_bank_not_native_Zhou_candidates,0.0718462823725982,0.177109440267335,0.0075187969924812,0.108604845446951,0.888888888888889,55,4,0.0727272727272727,82,38,0,0,9,0.756892230576441,NaN,0.117794486215539
case,P08_opposed_20pct,P2b,offline_physical_parameter_oracle,1,1198,offline_diagnostic_candidate_bank_not_native_Zhou_candidates,0.546744574290484,0.857262103505843,0.289649415692821,0.931552587646077,0.459098497495826,55,30,0.545454545454545,623,38,27,0.710526315789474,318,0.532136894824708,NaN,0.592654424040067
case,P08_opposed_20pct,P2c,noncausal_future_endpoint_oracle,0,1198,offline_diagnostic_candidate_bank_not_native_Zhou_candidates,0.013355592654424,0.155258764607679,0.00834724540901502,0.115191986644407,NaN,0,0,NaN,0,0,0,NaN,0,NaN,NaN,0.0592654424040067
case,P08_opposed_20pct,P3a,causal_previous_period_oracle,1,1197,offline_diagnostic_candidate_bank_not_native_Zhou_candidates,0.0409356725146199,0.41436925647452,0.0384294068504595,0.0885547201336675,0.979949874686717,55,40,0.727272727272727,9,38,37,0.973684210526316,9,0.986633249791145,NaN,0.0868838763575606
case,P08_opposed_20pct,P3b,offline_physical_parameter_oracle,1,1198,offline_diagnostic_candidate_bank_not_native_Zhou_candidates,0.0425709515859766,0.420701168614357,0.0383973288814691,0.0959933222036728,0.981636060100167,55,42,0.763636363636364,9,38,37,0.973684210526316,9,0.991235392320534,NaN,0.0884808013355593
case,P08_opposed_20pct,P3c,noncausal_future_endpoint_oracle,0,1198,offline_diagnostic_candidate_bank_not_native_Zhou_candidates,0.0509181969949917,0.414858096828047,0.0383973288814691,0.0809682804674457,NaN,0,0,NaN,0,0,0,NaN,0,NaN,NaN,0.0968280467445743
case,P08_opposed_20pct,P4,offline_physical_parameter_oracle,1,1198,offline_diagnostic_candidate_bank_not_native_Zhou_candidates,0.0509181969949917,0.414858096828047,0.0383973288814691,0.0809682804674457,0.989983305509182,55,52,0.945454545454545,9,38,37,0.973684210526316,9,0.999582637729549,NaN,0.0968280467445743
case,P08_opposed_20pct,P5,offline_plant_replay_oracle,1,1198,offline_diagnostic_candidate_bank_not_native_Zhou_candidates,0.0459098497495826,0.415692821368948,0.0317195325542571,0.0734557595993322,1,55,55,1,0,38,38,1,0,1,NaN,0.0918196994991653
case,B01_500rpm_20A_48V_fast,P0,causal_original,1,3,offline_diagnostic_candidate_bank_not_native_Zhou_candidates,0,0,0,0,1,0,0,NaN,0,0,0,NaN,0,1,0,0
case,B01_500rpm_20A_48V_fast,P1,causal_original,1,3,offline_diagnostic_candidate_bank_not_native_Zhou_candidates,0,0,0,0,1,0,0,NaN,0,0,0,NaN,0,1,0,0
case,B01_500rpm_20A_48V_fast,P2a,causal_previous_period_oracle,1,2,offline_diagnostic_candidate_bank_not_native_Zhou_candidates,0,0,0,0,1,0,0,NaN,0,0,0,NaN,0,1,0,0
case,B01_500rpm_20A_48V_fast,P2b,offline_physical_parameter_oracle,1,3,offline_diagnostic_candidate_bank_not_native_Zhou_candidates,0,0,0,0,1,0,0,NaN,0,0,0,NaN,0,1,0,0
case,B01_500rpm_20A_48V_fast,P2c,noncausal_future_endpoint_oracle,0,3,offline_diagnostic_candidate_bank_not_native_Zhou_candidates,0,0,0,0,NaN,0,0,NaN,0,0,0,NaN,0,NaN,0,0
case,B01_500rpm_20A_48V_fast,P3a,causal_previous_period_oracle,1,2,offline_diagnostic_candidate_bank_not_native_Zhou_candidates,0,0,0,0,1,0,0,NaN,0,0,0,NaN,0,1,0,0
case,B01_500rpm_20A_48V_fast,P3b,offline_physical_parameter_oracle,1,3,offline_diagnostic_candidate_bank_not_native_Zhou_candidates,0,0,0,0,1,0,0,NaN,0,0,0,NaN,0,1,0,0
case,B01_500rpm_20A_48V_fast,P3c,noncausal_future_endpoint_oracle,0,3,offline_diagnostic_candidate_bank_not_native_Zhou_candidates,0,0,0,0,NaN,0,0,NaN,0,0,0,NaN,0,NaN,0,0
case,B01_500rpm_20A_48V_fast,P4,offline_physical_parameter_oracle,1,3,offline_diagnostic_candidate_bank_not_native_Zhou_candidates,0,0,0,0,1,0,0,NaN,0,0,0,NaN,0,1,0,0
case,B01_500rpm_20A_48V_fast,P5,offline_plant_replay_oracle,1,3,offline_diagnostic_candidate_bank_not_native_Zhou_candidates,0,0,0,0,1,0,0,NaN,0,0,0,NaN,0,1,0,0
case,B02_500rpm_negid_48V,P0,causal_original,1,451,offline_diagnostic_candidate_bank_not_native_Zhou_candidates,0,0,0,0,0.995565410199557,2,0,0,0,1,0,0,0,0.964523281596452,NaN,0.0199556541019956
case,B02_500rpm_negid_48V,P1,causal_original,1,451,offline_diagnostic_candidate_bank_not_native_Zhou_candidates,0,0,0,0,0.995565410199557,2,0,0,0,1,0,0,0,0.964523281596452,NaN,0.0199556541019956
case,B02_500rpm_negid_48V,P2a,causal_previous_period_oracle,1,450,offline_diagnostic_candidate_bank_not_native_Zhou_candidates,0.00444444444444444,0.0377777777777778,0.00222222222222222,0.00444444444444444,1,2,2,1,0,1,1,1,0,0.947777777777778,NaN,0.02
case,B02_500rpm_negid_48V,P2b,offline_physical_parameter_oracle,1,451,offline_diagnostic_candidate_bank_not_native_Zhou_candidates,0.00443458980044346,0.0399113082039911,0.00221729490022173,0.024390243902439,1,2,2,1,0,1,1,1,0,0.9490022172949,NaN,0.0199556541019956
case,B02_500rpm_negid_48V,P2c,noncausal_future_endpoint_oracle,0,451,offline_diagnostic_candidate_bank_not_native_Zhou_candidates,0.00443458980044346,0.0465631929046563,0.00221729490022173,0.024390243902439,NaN,0,0,NaN,0,0,0,NaN,0,NaN,NaN,0.0199556541019956
case,B02_500rpm_negid_48V,P3a,causal_previous_period_oracle,1,450,offline_diagnostic_candidate_bank_not_native_Zhou_candidates,0.00444444444444444,0.0377777777777778,0.00222222222222222,0.00444444444444444,1,2,2,1,0,1,1,1,0,0.947777777777778,NaN,0.02
case,B02_500rpm_negid_48V,P3b,offline_physical_parameter_oracle,1,451,offline_diagnostic_candidate_bank_not_native_Zhou_candidates,0.00443458980044346,0.0399113082039911,0.00221729490022173,0.024390243902439,1,2,2,1,0,1,1,1,0,0.9490022172949,NaN,0.0199556541019956
case,B02_500rpm_negid_48V,P3c,noncausal_future_endpoint_oracle,0,451,offline_diagnostic_candidate_bank_not_native_Zhou_candidates,0.00443458980044346,0.0465631929046563,0.00221729490022173,0.024390243902439,NaN,0,0,NaN,0,0,0,NaN,0,NaN,NaN,0.0199556541019956
case,B02_500rpm_negid_48V,P4,offline_physical_parameter_oracle,1,451,offline_diagnostic_candidate_bank_not_native_Zhou_candidates,0.00443458980044346,0.0465631929046563,0.00221729490022173,0.024390243902439,1,2,2,1,0,1,1,1,0,0.970066518847007,NaN,0.0199556541019956
case,B02_500rpm_negid_48V,P5,offline_plant_replay_oracle,1,451,offline_diagnostic_candidate_bank_not_native_Zhou_candidates,0.00443458980044346,0.0709534368070953,0.00221729490022173,0.0465631929046563,1,2,2,1,0,1,1,1,0,1,NaN,0.0199556541019956
