cohort_type,cohort,predictor,causality_class,sample_count,true_violation_predicted_violation,true_safe_predicted_safe,false_safe_count,false_alarm_count,false_safe_rate,false_alarm_rate,violation_recall,safe_specificity,maximum_consecutive_false_safe
aggregate,REPRODUCTION_ALL,P0,causal_original,24153,22,23392,739,0,0.0305966132571523,0,0.0289093298291721,1,11
aggregate,REPRODUCTION_ALL,P1,causal_original,24153,278,19386,483,4006,0.019997515836542,0.165859313542831,0.365308804204993,0.82874487004104,11
aggregate,REPRODUCTION_ALL,P2a,causal_previous_period_oracle,24129,306,23007,453,363,0.0187740892701728,0.0150441377595425,0.403162055335968,0.984467265725289,11
aggregate,REPRODUCTION_ALL,P2b,offline_physical_parameter_oracle,24153,506,19205,255,4187,0.010557694696311,0.173353206640997,0.664914586070959,0.821007181942544,10
aggregate,REPRODUCTION_ALL,P2c,noncausal_future_endpoint_oracle,24153,369,23074,392,318,0.0162298679253095,0.0131660663271643,0.484888304862024,0.98640560875513,10
aggregate,REPRODUCTION_ALL,P3a,causal_previous_period_oracle,24129,538,23291,221,79,0.00915910315388122,0.00327406854821998,0.708827404479578,0.996619597774925,11
aggregate,REPRODUCTION_ALL,P3b,offline_physical_parameter_oracle,24153,566,23200,195,192,0.00807353123835548,0.00794932306545771,0.743758212877792,0.991792065663475,10
aggregate,REPRODUCTION_ALL,P3c,noncausal_future_endpoint_oracle,24153,597,23320,164,72,0.00679004678507846,0.00298099614954664,0.784494086727989,0.996922024623803,10
aggregate,REPRODUCTION_ALL,P4,offline_physical_parameter_oracle,24153,597,23320,164,72,0.00679004678507846,0.00298099614954664,0.784494086727989,0.996922024623803,10
aggregate,REPRODUCTION_ALL,P5,offline_plant_replay_oracle,24153,761,23392,0,0,0,0,1,1,0
aggregate,ENGINEERING_PRIMARY,P0,causal_original,23699,21,22960,718,0,0.0302966369889025,0,0.0284167794316644,1,11
aggregate,ENGINEERING_PRIMARY,P1,causal_original,23699,277,18954,462,4006,0.0194944934385417,0.169036668213849,0.374830852503383,0.825522648083624,11
aggregate,ENGINEERING_PRIMARY,P2a,causal_previous_period_oracle,23677,303,22577,434,363,0.0183300249186975,0.0153313342061917,0.41112618724559,0.984176111595466,11
aggregate,ENGINEERING_PRIMARY,P2b,offline_physical_parameter_oracle,23699,494,18773,245,4187,0.0103379889446812,0.17667412127094,0.668470906630582,0.8176393728223,10
aggregate,ENGINEERING_PRIMARY,P2c,noncausal_future_endpoint_oracle,23699,357,22642,382,318,0.016118823579054,0.0134182876914638,0.483085250338295,0.986149825783972,10
aggregate,ENGINEERING_PRIMARY,P3a,causal_previous_period_oracle,23677,535,22861,202,79,0.00853148625248131,0.00333657135616843,0.725915875169607,0.996556233653008,11
aggregate,ENGINEERING_PRIMARY,P3b,offline_physical_parameter_oracle,23699,554,22768,185,192,0.0078062365500654,0.00810160766277058,0.749661705006766,0.991637630662021,10
aggregate,ENGINEERING_PRIMARY,P3c,noncausal_future_endpoint_oracle,23699,585,22888,154,72,0.0064981644795139,0.00303810287353897,0.791610284167794,0.996864111498258,10
aggregate,ENGINEERING_PRIMARY,P4,offline_physical_parameter_oracle,23699,585,22888,154,72,0.0064981644795139,0.00303810287353897,0.791610284167794,0.996864111498258,10
aggregate,ENGINEERING_PRIMARY,P5,offline_plant_replay_oracle,23699,739,22960,0,0,0,0,1,1,0
range,normal,P0,causal_original,9323,16,9140,167,0,0.0179126890485895,0,0.087431693989071,1,11
range,normal,P1,causal_original,9323,16,9140,167,0,0.0179126890485895,0,0.087431693989071,1,11
range,normal,P2a,causal_previous_period_oracle,9313,80,9099,102,32,0.0109524320841834,0.00343605712444969,0.43956043956044,0.996495455043259,11
range,normal,P2b,offline_physical_parameter_oracle,9323,95,9065,88,75,0.00943902177410705,0.00804462083020487,0.519125683060109,0.991794310722101,10
range,normal,P2c,noncausal_future_endpoint_oracle,9323,98,9103,85,37,0.00911723694089885,0.00396867960956774,0.53551912568306,0.995951859956236,10
range,normal,P3a,causal_previous_period_oracle,9313,80,9099,102,32,0.0109524320841834,0.00343605712444969,0.43956043956044,0.996495455043259,11
range,normal,P3b,offline_physical_parameter_oracle,9323,95,9065,88,75,0.00943902177410705,0.00804462083020487,0.519125683060109,0.991794310722101,10
range,normal,P3c,noncausal_future_endpoint_oracle,9323,98,9103,85,37,0.00911723694089885,0.00396867960956774,0.53551912568306,0.995951859956236,10
range,normal,P4,offline_physical_parameter_oracle,9323,98,9103,85,37,0.00911723694089885,0.00396867960956774,0.53551912568306,0.995951859956236,10
range,normal,P5,offline_plant_replay_oracle,9323,183,9140,0,0,0,0,1,1,0
range,reasonable_extension,P0,causal_original,14376,5,13820,551,0,0.0383277685030607,0,0.00899280575539568,1,2
range,reasonable_extension,P1,causal_original,14376,261,9814,295,4006,0.0205203116304953,0.278658875904285,0.469424460431655,0.710130246020261,2
range,reasonable_extension,P2a,causal_previous_period_oracle,14364,223,13478,332,331,0.0231133389028126,0.0230437204121415,0.401801801801802,0.976030125280614,1
range,reasonable_extension,P2b,offline_physical_parameter_oracle,14376,399,9708,157,4112,0.010920979410128,0.286032276015582,0.717625899280576,0.70246020260492,1
range,reasonable_extension,P2c,noncausal_future_endpoint_oracle,14376,259,13539,297,281,0.0206594323873122,0.0195464663327768,0.465827338129496,0.979667149059334,1
range,reasonable_extension,P3a,causal_previous_period_oracle,14364,455,13762,100,47,0.00696184906711222,0.00327206906154275,0.81981981981982,0.996596422622927,1
range,reasonable_extension,P3b,offline_physical_parameter_oracle,14376,459,13703,97,117,0.00674735670562048,0.00813856427378965,0.825539568345324,0.991534008683068,1
range,reasonable_extension,P3c,noncausal_future_endpoint_oracle,14376,487,13785,69,35,0.00479966611018364,0.00243461324429605,0.87589928057554,0.997467438494935,1
range,reasonable_extension,P4,offline_physical_parameter_oracle,14376,487,13785,69,35,0.00479966611018364,0.00243461324429605,0.87589928057554,0.997467438494935,1
range,reasonable_extension,P5,offline_plant_replay_oracle,14376,556,13820,0,0,0,0,1,1,0
range,stress_test,P0,causal_original,454,1,432,21,0,0.0462555066079295,0,0.0454545454545455,1,1
range,stress_test,P1,causal_original,454,1,432,21,0,0.0462555066079295,0,0.0454545454545455,1,1
range,stress_test,P2a,causal_previous_period_oracle,452,3,430,19,0,0.0420353982300885,0,0.136363636363636,1,1
range,stress_test,P2b,offline_physical_parameter_oracle,454,12,432,10,0,0.0220264317180617,0,0.545454545454545,1,1
range,stress_test,P2c,noncausal_future_endpoint_oracle,454,12,432,10,0,0.0220264317180617,0,0.545454545454545,1,1
range,stress_test,P3a,causal_previous_period_oracle,452,3,430,19,0,0.0420353982300885,0,0.136363636363636,1,1
range,stress_test,P3b,offline_physical_parameter_oracle,454,12,432,10,0,0.0220264317180617,0,0.545454545454545,1,1
range,stress_test,P3c,noncausal_future_endpoint_oracle,454,12,432,10,0,0.0220264317180617,0,0.545454545454545,1,1
range,stress_test,P4,offline_physical_parameter_oracle,454,12,432,10,0,0.0220264317180617,0,0.545454545454545,1,1
range,stress_test,P5,offline_plant_replay_oracle,454,22,432,0,0,0,0,1,1,0
category,boundary,P0,causal_original,454,1,432,21,0,0.0462555066079295,0,0.0454545454545455,1,1
category,boundary,P1,causal_original,454,1,432,21,0,0.0462555066079295,0,0.0454545454545455,1,1
category,boundary,P2a,causal_previous_period_oracle,452,3,430,19,0,0.0420353982300885,0,0.136363636363636,1,1
category,boundary,P2b,offline_physical_parameter_oracle,454,12,432,10,0,0.0220264317180617,0,0.545454545454545,1,1
category,boundary,P2c,noncausal_future_endpoint_oracle,454,12,432,10,0,0.0220264317180617,0,0.545454545454545,1,1
category,boundary,P3a,causal_previous_period_oracle,452,3,430,19,0,0.0420353982300885,0,0.136363636363636,1,1
category,boundary,P3b,offline_physical_parameter_oracle,454,12,432,10,0,0.0220264317180617,0,0.545454545454545,1,1
category,boundary,P3c,noncausal_future_endpoint_oracle,454,12,432,10,0,0.0220264317180617,0,0.545454545454545,1,1
category,boundary,P4,offline_physical_parameter_oracle,454,12,432,10,0,0.0220264317180617,0,0.545454545454545,1,1
category,boundary,P5,offline_plant_replay_oracle,454,22,432,0,0,0,0,1,1,0
category,core,P0,causal_original,9613,8,9495,110,0,0.0114428378237803,0,0.0677966101694915,1,11
category,core,P1,causal_original,9613,8,9495,110,0,0.0114428378237803,0,0.0677966101694915,1,11
category,core,P2a,causal_previous_period_oracle,9604,45,9452,72,35,0.00749687630154102,0.00364431486880466,0.384615384615385,0.996310741014019,11
category,core,P2b,offline_physical_parameter_oracle,9613,61,9397,57,98,0.00592947050868615,0.0101945282430043,0.516949152542373,0.989678778304371,10
category,core,P2c,noncausal_future_endpoint_oracle,9613,62,9456,56,39,0.00582544471028815,0.00405700613752211,0.525423728813559,0.995892575039494,10
category,core,P3a,causal_previous_period_oracle,9604,45,9452,72,35,0.00749687630154102,0.00364431486880466,0.384615384615385,0.996310741014019,11
category,core,P3b,offline_physical_parameter_oracle,9613,61,9397,57,98,0.00592947050868615,0.0101945282430043,0.516949152542373,0.989678778304371,10
category,core,P3c,noncausal_future_endpoint_oracle,9613,62,9456,56,39,0.00582544471028815,0.00405700613752211,0.525423728813559,0.995892575039494,10
category,core,P4,offline_physical_parameter_oracle,9613,62,9456,56,39,0.00582544471028815,0.00405700613752211,0.525423728813559,0.995892575039494,10
category,core,P5,offline_plant_replay_oracle,9613,118,9495,0,0,0,0,1,1,0
category,dynamic,P0,causal_original,4502,13,4344,145,0,0.0322079075966237,0,0.0822784810126582,1,2
category,dynamic,P1,causal_original,4502,13,4344,145,0,0.0322079075966237,0,0.0822784810126582,1,2
category,dynamic,P2a,causal_previous_period_oracle,4497,92,4330,66,9,0.0146764509673115,0.00200133422281521,0.582278481012658,0.997925789352385,1
category,dynamic,P2b,offline_physical_parameter_oracle,4502,104,4305,54,39,0.011994669035984,0.00866281652598845,0.658227848101266,0.991022099447514,1
category,dynamic,P2c,noncausal_future_endpoint_oracle,4502,103,4325,55,19,0.0122167925366504,0.00422034651266104,0.651898734177215,0.995626151012891,1
category,dynamic,P3a,causal_previous_period_oracle,4497,92,4330,66,9,0.0146764509673115,0.00200133422281521,0.582278481012658,0.997925789352385,1
category,dynamic,P3b,offline_physical_parameter_oracle,4502,104,4305,54,39,0.011994669035984,0.00866281652598845,0.658227848101266,0.991022099447514,1
category,dynamic,P3c,noncausal_future_endpoint_oracle,4502,103,4325,55,19,0.0122167925366504,0.00422034651266104,0.651898734177215,0.995626151012891,1
category,dynamic,P4,offline_physical_parameter_oracle,4502,103,4325,55,19,0.0122167925366504,0.00422034651266104,0.651898734177215,0.995626151012891,1
category,dynamic,P5,offline_plant_replay_oracle,4502,158,4344,0,0,0,0,1,1,0
category,parameter,P0,causal_original,9584,0,9121,463,0,0.0483096828046745,0,0,1,1
category,parameter,P1,causal_original,9584,256,5115,207,4006,0.0215984974958264,0.417988313856427,0.552915766738661,0.560793772612652,1
category,parameter,P2a,causal_previous_period_oracle,9576,166,8795,296,319,0.0309106098579783,0.033312447786132,0.359307359307359,0.964998902786921,1
category,parameter,P2b,offline_physical_parameter_oracle,9584,329,5071,134,4050,0.0139816360601002,0.422579298831386,0.710583153347732,0.55596974016007,1
category,parameter,P2c,noncausal_future_endpoint_oracle,9584,192,8861,271,260,0.0282762938230384,0.0271285475792988,0.414686825053996,0.971494353689288,1
category,parameter,P3a,causal_previous_period_oracle,9576,398,9079,64,35,0.00668337510442774,0.00365497076023392,0.861471861471861,0.99615975422427,1
category,parameter,P3b,offline_physical_parameter_oracle,9584,389,9066,74,55,0.0077212020033389,0.00573873121869783,0.840172786177106,0.993969959434273,1
category,parameter,P3c,noncausal_future_endpoint_oracle,9584,420,9107,43,14,0.00448664440734558,0.00146076794657763,0.907127429805616,0.998465080583269,1
category,parameter,P4,offline_physical_parameter_oracle,9584,420,9107,43,14,0.00448664440734558,0.00146076794657763,0.907127429805616,0.998465080583269,1
category,parameter,P5,offline_plant_replay_oracle,9584,463,9121,0,0,0,0,1,1,0
phase,dynamic,P0,causal_original,12791,22,12333,436,0,0.0340864670471425,0,0.0480349344978166,1,11
phase,dynamic,P1,causal_original,12791,153,10334,305,1999,0.0238448909389414,0.156281760612931,0.334061135371179,0.837914538230763,11
phase,dynamic,P2a,causal_previous_period_oracle,12767,198,12129,258,182,0.0202083496514451,0.0142555024672985,0.434210526315789,0.985216473072862,11
phase,dynamic,P2b,offline_physical_parameter_oracle,12791,311,10255,147,2078,0.0114924556328669,0.162457978265968,0.679039301310044,0.831508959701614,10
phase,dynamic,P2c,noncausal_future_endpoint_oracle,12791,244,12172,214,161,0.0167305136424048,0.0125869752169494,0.532751091703057,0.986945593124139,10
phase,dynamic,P3a,causal_previous_period_oracle,12767,315,12270,141,41,0.0110440980653247,0.00321140440197384,0.690789473684211,0.996669645032897,11
phase,dynamic,P3b,offline_physical_parameter_oracle,12791,339,12242,119,91,0.00930341646470174,0.00711437729653663,0.740174672489083,0.9926214222006,10
phase,dynamic,P3c,noncausal_future_endpoint_oracle,12791,357,12295,101,38,0.00789617699945274,0.00297083887108123,0.779475982532751,0.996918835644207,10
phase,dynamic,P4,offline_physical_parameter_oracle,12791,357,12295,101,38,0.00789617699945274,0.00297083887108123,0.779475982532751,0.996918835644207,10
phase,dynamic,P5,offline_plant_replay_oracle,12791,458,12333,0,0,0,0,1,1,0
phase,steady,P0,causal_original,11362,0,11059,303,0,0.0266678401689843,0,0,1,2
phase,steady,P1,causal_original,11362,125,9052,178,2007,0.0156662559408555,0.176641436366837,0.412541254125413,0.818518853422552,2
phase,steady,P2a,causal_previous_period_oracle,11362,108,10878,195,181,0.017162471395881,0.0159302939623306,0.356435643564356,0.983633239895108,1
phase,steady,P2b,offline_physical_parameter_oracle,11362,195,8950,108,2109,0.00950536877310333,0.18561872909699,0.643564356435644,0.809295596346867,1
phase,steady,P2c,noncausal_future_endpoint_oracle,11362,125,10902,178,157,0.0156662559408555,0.0138179897905298,0.412541254125413,0.985803418030563,1
phase,steady,P3a,causal_previous_period_oracle,11362,223,11021,80,38,0.00704101390600246,0.00334448160535117,0.735973597359736,0.996563884618862,1
phase,steady,P3b,offline_physical_parameter_oracle,11362,227,10958,76,101,0.00668896321070234,0.00888928005632811,0.749174917491749,0.990867167013292,1
phase,steady,P3c,noncausal_future_endpoint_oracle,11362,240,11025,63,34,0.00554479845097694,0.00299243091005105,0.792079207920792,0.996925580974772,1
phase,steady,P4,offline_physical_parameter_oracle,11362,240,11025,63,34,0.00554479845097694,0.00299243091005105,0.792079207920792,0.996925580974772,1
phase,steady,P5,offline_plant_replay_oracle,11362,303,11059,0,0,0,0,1,1,0
case,C01_nominal_100rpm_10A,P0,causal_original,1198,0,1195,3,0,0.00250417362270451,0,0,1,1
case,C01_nominal_100rpm_10A,P1,causal_original,1198,0,1195,3,0,0.00250417362270451,0,0,1,1
case,C01_nominal_100rpm_10A,P2a,causal_previous_period_oracle,1197,1,1190,2,4,0.00167084377610693,0.00334168755221387,0.333333333333333,0.996649916247906,1
case,C01_nominal_100rpm_10A,P2b,offline_physical_parameter_oracle,1198,3,1193,0,2,0,0.00166944908180301,1,0.998326359832636,0
case,C01_nominal_100rpm_10A,P2c,noncausal_future_endpoint_oracle,1198,3,1193,0,2,0,0.00166944908180301,1,0.998326359832636,0
case,C01_nominal_100rpm_10A,P3a,causal_previous_period_oracle,1197,1,1190,2,4,0.00167084377610693,0.00334168755221387,0.333333333333333,0.996649916247906,1
case,C01_nominal_100rpm_10A,P3b,offline_physical_parameter_oracle,1198,3,1193,0,2,0,0.00166944908180301,1,0.998326359832636,0
case,C01_nominal_100rpm_10A,P3c,noncausal_future_endpoint_oracle,1198,3,1193,0,2,0,0.00166944908180301,1,0.998326359832636,0
case,C01_nominal_100rpm_10A,P4,offline_physical_parameter_oracle,1198,3,1193,0,2,0,0.00166944908180301,1,0.998326359832636,0
case,C01_nominal_100rpm_10A,P5,offline_plant_replay_oracle,1198,3,1195,0,0,0,0,1,1,0
case,C02_light_100rpm_4A,P0,causal_original,1198,0,1197,1,0,0.000834724540901503,0,0,1,1
case,C02_light_100rpm_4A,P1,causal_original,1198,0,1197,1,0,0.000834724540901503,0,0,1,1
case,C02_light_100rpm_4A,P2a,causal_previous_period_oracle,1197,1,1192,0,4,0,0.00334168755221387,1,0.996655518394649,0
case,C02_light_100rpm_4A,P2b,offline_physical_parameter_oracle,1198,1,1182,0,15,0,0.0125208681135225,1,0.987468671679198,0
case,C02_light_100rpm_4A,P2c,noncausal_future_endpoint_oracle,1198,1,1195,0,2,0,0.00166944908180301,1,0.998329156223893,0
case,C02_light_100rpm_4A,P3a,causal_previous_period_oracle,1197,1,1192,0,4,0,0.00334168755221387,1,0.996655518394649,0
case,C02_light_100rpm_4A,P3b,offline_physical_parameter_oracle,1198,1,1182,0,15,0,0.0125208681135225,1,0.987468671679198,0
case,C02_light_100rpm_4A,P3c,noncausal_future_endpoint_oracle,1198,1,1195,0,2,0,0.00166944908180301,1,0.998329156223893,0
case,C02_light_100rpm_4A,P4,offline_physical_parameter_oracle,1198,1,1195,0,2,0,0.00166944908180301,1,0.998329156223893,0
case,C02_light_100rpm_4A,P5,offline_plant_replay_oracle,1198,1,1197,0,0,0,0,1,1,0
case,C03_light_200rpm_6A,P0,causal_original,1198,0,1192,6,0,0.00500834724540901,0,0,1,1
case,C03_light_200rpm_6A,P1,causal_original,1198,0,1192,6,0,0.00500834724540901,0,0,1,1
case,C03_light_200rpm_6A,P2a,causal_previous_period_oracle,1197,6,1182,0,9,0,0.0075187969924812,1,0.992443324937028,0
case,C03_light_200rpm_6A,P2b,offline_physical_parameter_oracle,1198,6,1160,0,32,0,0.0267111853088481,1,0.973154362416107,0
case,C03_light_200rpm_6A,P2c,noncausal_future_endpoint_oracle,1198,6,1173,0,19,0,0.0158597662771285,1,0.984060402684564,0
case,C03_light_200rpm_6A,P3a,causal_previous_period_oracle,1197,6,1182,0,9,0,0.0075187969924812,1,0.992443324937028,0
case,C03_light_200rpm_6A,P3b,offline_physical_parameter_oracle,1198,6,1160,0,32,0,0.0267111853088481,1,0.973154362416107,0
case,C03_light_200rpm_6A,P3c,noncausal_future_endpoint_oracle,1198,6,1173,0,19,0,0.0158597662771285,1,0.984060402684564,0
case,C03_light_200rpm_6A,P4,offline_physical_parameter_oracle,1198,6,1173,0,19,0,0.0158597662771285,1,0.984060402684564,0
case,C03_light_200rpm_6A,P5,offline_plant_replay_oracle,1198,6,1192,0,0,0,0,1,1,0
case,C04_high_200rpm_18A,P0,causal_original,1198,0,1184,14,0,0.011686143572621,0,0,1,1
case,C04_high_200rpm_18A,P1,causal_original,1198,0,1184,14,0,0.011686143572621,0,0,1,1
case,C04_high_200rpm_18A,P2a,causal_previous_period_oracle,1197,4,1174,10,9,0.00835421888053467,0.0075187969924812,0.285714285714286,0.992392223161454,1
case,C04_high_200rpm_18A,P2b,offline_physical_parameter_oracle,1198,13,1170,1,14,0.000834724540901503,0.011686143572621,0.928571428571429,0.988175675675676,1
case,C04_high_200rpm_18A,P2c,noncausal_future_endpoint_oracle,1198,8,1175,6,9,0.00500834724540901,0.00751252086811352,0.571428571428571,0.992398648648649,1
case,C04_high_200rpm_18A,P3a,causal_previous_period_oracle,1197,4,1174,10,9,0.00835421888053467,0.0075187969924812,0.285714285714286,0.992392223161454,1
case,C04_high_200rpm_18A,P3b,offline_physical_parameter_oracle,1198,13,1170,1,14,0.000834724540901503,0.011686143572621,0.928571428571429,0.988175675675676,1
case,C04_high_200rpm_18A,P3c,noncausal_future_endpoint_oracle,1198,8,1175,6,9,0.00500834724540901,0.00751252086811352,0.571428571428571,0.992398648648649,1
case,C04_high_200rpm_18A,P4,offline_physical_parameter_oracle,1198,8,1175,6,9,0.00500834724540901,0.00751252086811352,0.571428571428571,0.992398648648649,1
case,C04_high_200rpm_18A,P5,offline_plant_replay_oracle,1198,14,1184,0,0,0,0,1,1,0
case,C05_negative_id,P0,causal_original,1198,0,1185,13,0,0.0108514190317195,0,0,1,2
case,C05_negative_id,P1,causal_original,1198,0,1185,13,0,0.0108514190317195,0,0,1,2
case,C05_negative_id,P2a,causal_previous_period_oracle,1197,7,1180,6,4,0.0050125313283208,0.00334168755221387,0.538461538461538,0.996621621621622,1
case,C05_negative_id,P2b,offline_physical_parameter_oracle,1198,8,1162,5,23,0.00417362270450751,0.0191986644407346,0.615384615384615,0.980590717299578,1
case,C05_negative_id,P2c,noncausal_future_endpoint_oracle,1198,8,1180,5,5,0.00417362270450751,0.00417362270450751,0.615384615384615,0.9957805907173,1
case,C05_negative_id,P3a,causal_previous_period_oracle,1197,7,1180,6,4,0.0050125313283208,0.00334168755221387,0.538461538461538,0.996621621621622,1
case,C05_negative_id,P3b,offline_physical_parameter_oracle,1198,8,1162,5,23,0.00417362270450751,0.0191986644407346,0.615384615384615,0.980590717299578,1
case,C05_negative_id,P3c,noncausal_future_endpoint_oracle,1198,8,1180,5,5,0.00417362270450751,0.00417362270450751,0.615384615384615,0.9957805907173,1
case,C05_negative_id,P4,offline_physical_parameter_oracle,1198,8,1180,5,5,0.00417362270450751,0.00417362270450751,0.615384615384615,0.9957805907173,1
case,C05_negative_id,P5,offline_plant_replay_oracle,1198,13,1185,0,0,0,0,1,1,0
case,C06_low_bus_43p2V,P0,causal_original,1198,0,1176,22,0,0.0183639398998331,0,0,1,2
case,C06_low_bus_43p2V,P1,causal_original,1198,0,1176,22,0,0.0183639398998331,0,0,1,2
case,C06_low_bus_43p2V,P2a,causal_previous_period_oracle,1197,12,1175,10,0,0.00835421888053467,0,0.545454545454545,1,1
case,C06_low_bus_43p2V,P2b,offline_physical_parameter_oracle,1198,12,1167,10,9,0.00834724540901502,0.00751252086811352,0.545454545454545,0.99234693877551,1
case,C06_low_bus_43p2V,P2c,noncausal_future_endpoint_oracle,1198,13,1176,9,0,0.00751252086811352,0,0.590909090909091,1,1
case,C06_low_bus_43p2V,P3a,causal_previous_period_oracle,1197,12,1175,10,0,0.00835421888053467,0,0.545454545454545,1,1
case,C06_low_bus_43p2V,P3b,offline_physical_parameter_oracle,1198,12,1167,10,9,0.00834724540901502,0.00751252086811352,0.545454545454545,0.99234693877551,1
case,C06_low_bus_43p2V,P3c,noncausal_future_endpoint_oracle,1198,13,1176,9,0,0.00751252086811352,0,0.590909090909091,1,1
case,C06_low_bus_43p2V,P4,offline_physical_parameter_oracle,1198,13,1176,9,0,0.00751252086811352,0,0.590909090909091,1,1
case,C06_low_bus_43p2V,P5,offline_plant_replay_oracle,1198,22,1176,0,0,0,0,1,1,0
case,C07_known_false_safe,P0,causal_original,29,4,6,19,0,0.655172413793103,0,0.173913043478261,1,11
case,C07_known_false_safe,P1,causal_original,29,4,6,19,0,0.655172413793103,0,0.173913043478261,1,11
case,C07_known_false_safe,P2a,causal_previous_period_oracle,28,4,4,19,1,0.678571428571429,0.0357142857142857,0.173913043478261,0.8,11
case,C07_known_false_safe,P2b,offline_physical_parameter_oracle,29,5,5,18,1,0.620689655172414,0.0344827586206897,0.217391304347826,0.833333333333333,10
case,C07_known_false_safe,P2c,noncausal_future_endpoint_oracle,29,10,6,13,0,0.448275862068966,0,0.434782608695652,1,10
case,C07_known_false_safe,P3a,causal_previous_period_oracle,28,4,4,19,1,0.678571428571429,0.0357142857142857,0.173913043478261,0.8,11
case,C07_known_false_safe,P3b,offline_physical_parameter_oracle,29,5,5,18,1,0.620689655172414,0.0344827586206897,0.217391304347826,0.833333333333333,10
case,C07_known_false_safe,P3c,noncausal_future_endpoint_oracle,29,10,6,13,0,0.448275862068966,0,0.434782608695652,1,10
case,C07_known_false_safe,P4,offline_physical_parameter_oracle,29,10,6,13,0,0.448275862068966,0,0.434782608695652,1,10
case,C07_known_false_safe,P5,offline_plant_replay_oracle,29,23,6,0,0,0,0,1,1,0
case,C08_S2_nontrigger,P0,causal_original,1198,4,1190,4,0,0.00333889816360601,0,0.5,1,1
case,C08_S2_nontrigger,P1,causal_original,1198,4,1190,4,0,0.00333889816360601,0,0.5,1,1
case,C08_S2_nontrigger,P2a,causal_previous_period_oracle,1197,5,1186,2,4,0.00167084377610693,0.00334168755221387,0.714285714285714,0.996638655462185,1
case,C08_S2_nontrigger,P2b,offline_physical_parameter_oracle,1198,8,1188,0,2,0,0.00166944908180301,1,0.998319327731092,0
case,C08_S2_nontrigger,P2c,noncausal_future_endpoint_oracle,1198,8,1188,0,2,0,0.00166944908180301,1,0.998319327731092,0
case,C08_S2_nontrigger,P3a,causal_previous_period_oracle,1197,5,1186,2,4,0.00167084377610693,0.00334168755221387,0.714285714285714,0.996638655462185,1
case,C08_S2_nontrigger,P3b,offline_physical_parameter_oracle,1198,8,1188,0,2,0,0.00166944908180301,1,0.998319327731092,0
case,C08_S2_nontrigger,P3c,noncausal_future_endpoint_oracle,1198,8,1188,0,2,0,0.00166944908180301,1,0.998319327731092,0
case,C08_S2_nontrigger,P4,offline_physical_parameter_oracle,1198,8,1188,0,2,0,0.00166944908180301,1,0.998319327731092,0
case,C08_S2_nontrigger,P5,offline_plant_replay_oracle,1198,8,1190,0,0,0,0,1,1,0
case,C09_S2_boundary,P0,causal_original,1198,0,1170,28,0,0.0233722871452421,0,0,1,1
case,C09_S2_boundary,P1,causal_original,1198,0,1170,28,0,0.0233722871452421,0,0,1,1
case,C09_S2_boundary,P2a,causal_previous_period_oracle,1197,5,1169,23,0,0.0192147034252297,0,0.178571428571429,1,1
case,C09_S2_boundary,P2b,offline_physical_parameter_oracle,1198,5,1170,23,0,0.0191986644407346,0,0.178571428571429,1,1
case,C09_S2_boundary,P2c,noncausal_future_endpoint_oracle,1198,5,1170,23,0,0.0191986644407346,0,0.178571428571429,1,1
case,C09_S2_boundary,P3a,causal_previous_period_oracle,1197,5,1169,23,0,0.0192147034252297,0,0.178571428571429,1,1
case,C09_S2_boundary,P3b,offline_physical_parameter_oracle,1198,5,1170,23,0,0.0191986644407346,0,0.178571428571429,1,1
case,C09_S2_boundary,P3c,noncausal_future_endpoint_oracle,1198,5,1170,23,0,0.0191986644407346,0,0.178571428571429,1,1
case,C09_S2_boundary,P4,offline_physical_parameter_oracle,1198,5,1170,23,0,0.0191986644407346,0,0.178571428571429,1,1
case,C09_S2_boundary,P5,offline_plant_replay_oracle,1198,28,1170,0,0,0,0,1,1,0
case,D01_iq_step,P0,causal_original,451,1,435,15,0,0.0332594235033259,0,0.0625,1,1
case,D01_iq_step,P1,causal_original,451,1,435,15,0,0.0332594235033259,0,0.0625,1,1
case,D01_iq_step,P2a,causal_previous_period_oracle,450,6,434,10,0,0.0222222222222222,0,0.375,1,1
case,D01_iq_step,P2b,offline_physical_parameter_oracle,451,6,435,10,0,0.0221729490022173,0,0.375,1,1
case,D01_iq_step,P2c,noncausal_future_endpoint_oracle,451,8,433,8,2,0.0177383592017738,0.00443458980044346,0.5,0.995402298850575,1
case,D01_iq_step,P3a,causal_previous_period_oracle,450,6,434,10,0,0.0222222222222222,0,0.375,1,1
case,D01_iq_step,P3b,offline_physical_parameter_oracle,451,6,435,10,0,0.0221729490022173,0,0.375,1,1
case,D01_iq_step,P3c,noncausal_future_endpoint_oracle,451,8,433,8,2,0.0177383592017738,0.00443458980044346,0.5,0.995402298850575,1
case,D01_iq_step,P4,offline_physical_parameter_oracle,451,8,433,8,2,0.0177383592017738,0.00443458980044346,0.5,0.995402298850575,1
case,D01_iq_step,P5,offline_plant_replay_oracle,451,16,435,0,0,0,0,1,1,0
case,D02_id_step,P0,causal_original,1198,0,1177,21,0,0.0175292153589316,0,0,1,2
case,D02_id_step,P1,causal_original,1198,0,1177,21,0,0.0175292153589316,0,0,1,2
case,D02_id_step,P2a,causal_previous_period_oracle,1197,10,1173,11,3,0.00918964076858814,0.0025062656641604,0.476190476190476,0.997448979591837,1
case,D02_id_step,P2b,offline_physical_parameter_oracle,1198,17,1160,4,17,0.00333889816360601,0.0141903171953255,0.80952380952381,0.985556499575191,1
case,D02_id_step,P2c,noncausal_future_endpoint_oracle,1198,15,1166,6,11,0.00500834724540901,0.00918196994991653,0.714285714285714,0.990654205607477,1
case,D02_id_step,P3a,causal_previous_period_oracle,1197,10,1173,11,3,0.00918964076858814,0.0025062656641604,0.476190476190476,0.997448979591837,1
case,D02_id_step,P3b,offline_physical_parameter_oracle,1198,17,1160,4,17,0.00333889816360601,0.0141903171953255,0.80952380952381,0.985556499575191,1
case,D02_id_step,P3c,noncausal_future_endpoint_oracle,1198,15,1166,6,11,0.00500834724540901,0.00918196994991653,0.714285714285714,0.990654205607477,1
case,D02_id_step,P4,offline_physical_parameter_oracle,1198,15,1166,6,11,0.00500834724540901,0.00918196994991653,0.714285714285714,0.990654205607477,1
case,D02_id_step,P5,offline_plant_replay_oracle,1198,21,1177,0,0,0,0,1,1,0
case,D03_id_iq_step,P0,causal_original,1198,5,1161,32,0,0.0267111853088481,0,0.135135135135135,1,1
case,D03_id_iq_step,P1,causal_original,1198,5,1161,32,0,0.0267111853088481,0,0.135135135135135,1,1
case,D03_id_iq_step,P2a,causal_previous_period_oracle,1197,28,1155,9,5,0.0075187969924812,0.00417710944026733,0.756756756756757,0.995689655172414,1
case,D03_id_iq_step,P2b,offline_physical_parameter_oracle,1198,33,1148,4,13,0.00333889816360601,0.0108514190317195,0.891891891891892,0.988802756244617,1
case,D03_id_iq_step,P2c,noncausal_future_endpoint_oracle,1198,31,1156,6,5,0.00500834724540901,0.00417362270450751,0.837837837837838,0.995693367786391,1
case,D03_id_iq_step,P3a,causal_previous_period_oracle,1197,28,1155,9,5,0.0075187969924812,0.00417710944026733,0.756756756756757,0.995689655172414,1
case,D03_id_iq_step,P3b,offline_physical_parameter_oracle,1198,33,1148,4,13,0.00333889816360601,0.0108514190317195,0.891891891891892,0.988802756244617,1
case,D03_id_iq_step,P3c,noncausal_future_endpoint_oracle,1198,31,1156,6,5,0.00500834724540901,0.00417362270450751,0.837837837837838,0.995693367786391,1
case,D03_id_iq_step,P4,offline_physical_parameter_oracle,1198,31,1156,6,5,0.00500834724540901,0.00417362270450751,0.837837837837838,0.995693367786391,1
case,D03_id_iq_step,P5,offline_plant_replay_oracle,1198,37,1161,0,0,0,0,1,1,0
case,D04_torque_ramp,P0,causal_original,1198,0,1151,47,0,0.0392320534223706,0,0,1,1
case,D04_torque_ramp,P1,causal_original,1198,0,1151,47,0,0.0392320534223706,0,0,1,1
case,D04_torque_ramp,P2a,causal_previous_period_oracle,1197,21,1149,26,1,0.0217209690893901,0.000835421888053467,0.446808510638298,0.999130434782609,1
case,D04_torque_ramp,P2b,offline_physical_parameter_oracle,1198,21,1142,26,9,0.0217028380634391,0.00751252086811352,0.446808510638298,0.992180712423979,1
case,D04_torque_ramp,P2c,noncausal_future_endpoint_oracle,1198,22,1150,25,1,0.0208681135225376,0.000834724540901503,0.468085106382979,0.999131190269331,1
case,D04_torque_ramp,P3a,causal_previous_period_oracle,1197,21,1149,26,1,0.0217209690893901,0.000835421888053467,0.446808510638298,0.999130434782609,1
case,D04_torque_ramp,P3b,offline_physical_parameter_oracle,1198,21,1142,26,9,0.0217028380634391,0.00751252086811352,0.446808510638298,0.992180712423979,1
case,D04_torque_ramp,P3c,noncausal_future_endpoint_oracle,1198,22,1150,25,1,0.0208681135225376,0.000834724540901503,0.468085106382979,0.999131190269331,1
case,D04_torque_ramp,P4,offline_physical_parameter_oracle,1198,22,1150,25,1,0.0208681135225376,0.000834724540901503,0.468085106382979,0.999131190269331,1
case,D04_torque_ramp,P5,offline_plant_replay_oracle,1198,47,1151,0,0,0,0,1,1,0
case,D05_torque_step,P0,causal_original,457,7,420,30,0,0.0656455142231947,0,0.189189189189189,1,2
case,D05_torque_step,P1,causal_original,457,7,420,30,0,0.0656455142231947,0,0.189189189189189,1,2
case,D05_torque_step,P2a,causal_previous_period_oracle,456,27,419,10,0,0.0219298245614035,0,0.72972972972973,1,1
case,D05_torque_step,P2b,offline_physical_parameter_oracle,457,27,420,10,0,0.0218818380743982,0,0.72972972972973,1,1
case,D05_torque_step,P2c,noncausal_future_endpoint_oracle,457,27,420,10,0,0.0218818380743982,0,0.72972972972973,1,1
case,D05_torque_step,P3a,causal_previous_period_oracle,456,27,419,10,0,0.0219298245614035,0,0.72972972972973,1,1
case,D05_torque_step,P3b,offline_physical_parameter_oracle,457,27,420,10,0,0.0218818380743982,0,0.72972972972973,1,1
case,D05_torque_step,P3c,noncausal_future_endpoint_oracle,457,27,420,10,0,0.0218818380743982,0,0.72972972972973,1,1
case,D05_torque_step,P4,offline_physical_parameter_oracle,457,27,420,10,0,0.0218818380743982,0,0.72972972972973,1,1
case,D05_torque_step,P5,offline_plant_replay_oracle,457,37,420,0,0,0,0,1,1,0
case,P01_Ld_minus10,P0,causal_original,1198,0,1133,65,0,0.0542570951585977,0,0,1,1
case,P01_Ld_minus10,P1,causal_original,1198,52,982,13,151,0.0108514190317195,0.126043405676127,0.8,0.866725507502207,1
case,P01_Ld_minus10,P2a,causal_previous_period_oracle,1197,23,1094,42,38,0.0350877192982456,0.0317460317460317,0.353846153846154,0.96643109540636,1
case,P01_Ld_minus10,P2b,offline_physical_parameter_oracle,1198,14,999,51,134,0.0425709515859766,0.111853088480801,0.215384615384615,0.881729920564872,1
case,P01_Ld_minus10,P2c,noncausal_future_endpoint_oracle,1198,27,1133,38,0,0.0317195325542571,0,0.415384615384615,1,1
case,P01_Ld_minus10,P3a,causal_previous_period_oracle,1197,50,1132,15,0,0.012531328320802,0,0.769230769230769,1,1
case,P01_Ld_minus10,P3b,offline_physical_parameter_oracle,1198,50,1132,15,1,0.0125208681135225,0.000834724540901503,0.769230769230769,0.999117387466902,1
case,P01_Ld_minus10,P3c,noncausal_future_endpoint_oracle,1198,55,1133,10,0,0.00834724540901502,0,0.846153846153846,1,1
case,P01_Ld_minus10,P4,offline_physical_parameter_oracle,1198,55,1133,10,0,0.00834724540901502,0,0.846153846153846,1,1
case,P01_Ld_minus10,P5,offline_plant_replay_oracle,1198,65,1133,0,0,0,0,1,1,0
case,P02_Ld_plus10,P0,causal_original,1198,0,1187,11,0,0.00918196994991653,0,0,1,1
case,P02_Ld_plus10,P1,causal_original,1198,2,1054,9,133,0.00751252086811352,0.1110183639399,0.181818181818182,0.887952822240944,1
case,P02_Ld_plus10,P2a,causal_previous_period_oracle,1197,4,1186,7,0,0.00584795321637427,0,0.363636363636364,1,1
case,P02_Ld_plus10,P2b,offline_physical_parameter_oracle,1198,9,978,2,209,0.00166944908180301,0.174457429048414,0.818181818181818,0.823925863521483,1
case,P02_Ld_plus10,P2c,noncausal_future_endpoint_oracle,1198,11,1128,0,59,0,0.0492487479131886,1,0.950294860994103,0
case,P02_Ld_plus10,P3a,causal_previous_period_oracle,1197,10,1186,1,0,0.000835421888053467,0,0.909090909090909,1,1
case,P02_Ld_plus10,P3b,offline_physical_parameter_oracle,1198,11,1187,0,0,0,0,1,1,0
case,P02_Ld_plus10,P3c,noncausal_future_endpoint_oracle,1198,10,1187,1,0,0.000834724540901503,0,0.909090909090909,1,1
case,P02_Ld_plus10,P4,offline_physical_parameter_oracle,1198,10,1187,1,0,0.000834724540901503,0,0.909090909090909,1,1
case,P02_Ld_plus10,P5,offline_plant_replay_oracle,1198,11,1187,0,0,0,0,1,1,0
case,P03_Lq_minus10,P0,causal_original,1198,0,1117,81,0,0.0676126878130217,0,0,1,1
case,P03_Lq_minus10,P1,causal_original,1198,17,1012,64,105,0.0534223706176962,0.0876460767946578,0.209876543209877,0.905998209489705,1
case,P03_Lq_minus10,P2a,causal_previous_period_oracle,1197,28,1054,53,62,0.0442773600668337,0.051796157059315,0.345679012345679,0.944444444444444,1
case,P03_Lq_minus10,P2b,offline_physical_parameter_oracle,1198,72,917,9,200,0.00751252086811352,0.1669449081803,0.888888888888889,0.82094897045658,1
case,P03_Lq_minus10,P2c,noncausal_future_endpoint_oracle,1198,10,1112,71,5,0.0592654424040067,0.00417362270450751,0.123456790123457,0.995523724261415,1
case,P03_Lq_minus10,P3a,causal_previous_period_oracle,1197,75,1108,6,8,0.0050125313283208,0.00668337510442774,0.925925925925926,0.992831541218638,1
case,P03_Lq_minus10,P3b,offline_physical_parameter_oracle,1198,72,1108,9,9,0.00751252086811352,0.00751252086811352,0.888888888888889,0.991942703670546,1
case,P03_Lq_minus10,P3c,noncausal_future_endpoint_oracle,1198,76,1112,5,5,0.00417362270450751,0.00417362270450751,0.938271604938272,0.995523724261415,1
case,P03_Lq_minus10,P4,offline_physical_parameter_oracle,1198,76,1112,5,5,0.00417362270450751,0.00417362270450751,0.938271604938272,0.995523724261415,1
case,P03_Lq_minus10,P5,offline_plant_replay_oracle,1198,81,1117,0,0,0,0,1,1,0
case,P04_Lq_plus10,P0,causal_original,1198,0,1166,32,0,0.0267111853088481,0,0,1,1
case,P04_Lq_plus10,P1,causal_original,1198,17,887,15,279,0.0125208681135225,0.232888146911519,0.53125,0.760720411663808,1
case,P04_Lq_plus10,P2a,causal_previous_period_oracle,1197,13,1161,19,4,0.0158730158730159,0.00334168755221387,0.40625,0.99656652360515,1
case,P04_Lq_plus10,P2b,offline_physical_parameter_oracle,1198,15,1084,17,82,0.0141903171953255,0.0684474123539232,0.46875,0.92967409948542,1
case,P04_Lq_plus10,P2c,noncausal_future_endpoint_oracle,1198,23,1121,9,45,0.00751252086811352,0.0375626043405676,0.71875,0.961406518010292,1
case,P04_Lq_plus10,P3a,causal_previous_period_oracle,1197,9,1165,23,0,0.0192147034252297,0,0.28125,1,1
case,P04_Lq_plus10,P3b,offline_physical_parameter_oracle,1198,10,1166,22,0,0.0183639398998331,0,0.3125,1,1
case,P04_Lq_plus10,P3c,noncausal_future_endpoint_oracle,1198,23,1166,9,0,0.00751252086811352,0,0.71875,1,1
case,P04_Lq_plus10,P4,offline_physical_parameter_oracle,1198,23,1166,9,0,0.00751252086811352,0,0.71875,1,1
case,P04_Lq_plus10,P5,offline_plant_replay_oracle,1198,32,1166,0,0,0,0,1,1,0
case,P05_cross_mismatch,P0,causal_original,1198,0,1123,75,0,0.0626043405676127,0,0,1,1
case,P05_cross_mismatch,P1,causal_original,1198,46,949,29,174,0.0242070116861436,0.145242070116861,0.613333333333333,0.845057880676759,1
case,P05_cross_mismatch,P2a,causal_previous_period_oracle,1197,37,1094,38,28,0.0317460317460317,0.0233918128654971,0.493333333333333,0.975044563279857,1
case,P05_cross_mismatch,P2b,offline_physical_parameter_oracle,1198,29,1013,46,110,0.0383973288814691,0.0918196994991653,0.386666666666667,0.902048085485307,1
case,P05_cross_mismatch,P2c,noncausal_future_endpoint_oracle,1198,29,1104,46,19,0.0383973288814691,0.0158597662771285,0.386666666666667,0.983081032947462,1
case,P05_cross_mismatch,P3a,causal_previous_period_oracle,1197,57,1113,18,9,0.0150375939849624,0.0075187969924812,0.76,0.991978609625668,1
case,P05_cross_mismatch,P3b,offline_physical_parameter_oracle,1198,48,1105,27,18,0.0225375626043406,0.015025041736227,0.64,0.983971504897596,1
case,P05_cross_mismatch,P3c,noncausal_future_endpoint_oracle,1198,57,1123,18,0,0.015025041736227,0,0.76,1,1
case,P05_cross_mismatch,P4,offline_physical_parameter_oracle,1198,57,1123,18,0,0.015025041736227,0,0.76,1,1
case,P05_cross_mismatch,P5,offline_plant_replay_oracle,1198,75,1123,0,0,0,0,1,1,0
case,P06_controller_high_L,P0,causal_original,1198,0,1107,91,0,0.0759599332220367,0,0,1,1
case,P06_controller_high_L,P1,causal_original,1198,91,0,0,1107,0,0.924040066777963,1,0,0
case,P06_controller_high_L,P2a,causal_previous_period_oracle,1197,20,1050,70,57,0.0584795321637427,0.0476190476190476,0.222222222222222,0.948509485094851,1
case,P06_controller_high_L,P2b,offline_physical_parameter_oracle,1198,91,0,0,1107,0,0.924040066777963,1,0,0
case,P06_controller_high_L,P2c,noncausal_future_endpoint_oracle,1198,34,1106,57,1,0.0475792988313856,0.000834724540901503,0.373626373626374,0.999096657633243,1
case,P06_controller_high_L,P3a,causal_previous_period_oracle,1197,90,1107,0,0,0,0,1,1,0
case,P06_controller_high_L,P3b,offline_physical_parameter_oracle,1198,91,1107,0,0,0,0,1,1,0
case,P06_controller_high_L,P3c,noncausal_future_endpoint_oracle,1198,91,1107,0,0,0,0,1,1,0
case,P06_controller_high_L,P4,offline_physical_parameter_oracle,1198,91,1107,0,0,0,0,1,1,0
case,P06_controller_high_L,P5,offline_plant_replay_oracle,1198,91,1107,0,0,0,0,1,1,0
case,P07_controller_low_L,P0,causal_original,1198,0,1178,20,0,0.01669449081803,0,0,1,1
case,P07_controller_low_L,P1,causal_original,1198,20,0,0,1178,0,0.98330550918197,1,0,0
case,P07_controller_low_L,P2a,causal_previous_period_oracle,1197,2,1138,18,39,0.0150375939849624,0.0325814536340852,0.1,0.966864910790144,1
case,P07_controller_low_L,P2b,offline_physical_parameter_oracle,1198,20,7,0,1171,0,0.977462437395659,1,0.00594227504244482,0
case,P07_controller_low_L,P2c,noncausal_future_endpoint_oracle,1198,20,1147,0,31,0,0.0258764607679466,1,0.973684210526316,0
case,P07_controller_low_L,P3a,causal_previous_period_oracle,1197,19,1177,1,0,0.000835421888053467,0,0.95,1,1
case,P07_controller_low_L,P3b,offline_physical_parameter_oracle,1198,19,1178,1,0,0.000834724540901503,0,0.95,1,1
case,P07_controller_low_L,P3c,noncausal_future_endpoint_oracle,1198,20,1178,0,0,0,0,1,1,0
case,P07_controller_low_L,P4,offline_physical_parameter_oracle,1198,20,1178,0,0,0,0,1,1,0
case,P07_controller_low_L,P5,offline_plant_replay_oracle,1198,20,1178,0,0,0,0,1,1,0
case,P08_opposed_20pct,P0,causal_original,1198,0,1110,88,0,0.0734557595993322,0,0,1,1
case,P08_opposed_20pct,P1,causal_original,1198,11,231,77,879,0.0642737896494157,0.733722871452421,0.125,0.208108108108108,1
case,P08_opposed_20pct,P2a,causal_previous_period_oracle,1197,39,1018,49,91,0.0409356725146199,0.0760233918128655,0.443181818181818,0.917944093778179,1
case,P08_opposed_20pct,P2b,offline_physical_parameter_oracle,1198,79,73,9,1037,0.00751252086811352,0.865609348914858,0.897727272727273,0.0657657657657658,1
case,P08_opposed_20pct,P2c,noncausal_future_endpoint_oracle,1198,38,1010,50,100,0.0417362270450751,0.0834724540901502,0.431818181818182,0.90990990990991,1
case,P08_opposed_20pct,P3a,causal_previous_period_oracle,1197,88,1091,0,18,0,0.0150375939849624,1,0.983769161406673,0
case,P08_opposed_20pct,P3b,offline_physical_parameter_oracle,1198,88,1083,0,27,0,0.0225375626043406,1,0.975675675675676,0
case,P08_opposed_20pct,P3c,noncausal_future_endpoint_oracle,1198,88,1101,0,9,0,0.00751252086811352,1,0.991891891891892,0
case,P08_opposed_20pct,P4,offline_physical_parameter_oracle,1198,88,1101,0,9,0,0.00751252086811352,1,0.991891891891892,0
case,P08_opposed_20pct,P5,offline_plant_replay_oracle,1198,88,1110,0,0,0,0,1,1,0
case,B01_500rpm_20A_48V_fast,P0,causal_original,3,0,3,0,0,0,0,NaN,1,0
case,B01_500rpm_20A_48V_fast,P1,causal_original,3,0,3,0,0,0,0,NaN,1,0
case,B01_500rpm_20A_48V_fast,P2a,causal_previous_period_oracle,2,0,2,0,0,0,0,NaN,1,0
case,B01_500rpm_20A_48V_fast,P2b,offline_physical_parameter_oracle,3,0,3,0,0,0,0,NaN,1,0
case,B01_500rpm_20A_48V_fast,P2c,noncausal_future_endpoint_oracle,3,0,3,0,0,0,0,NaN,1,0
case,B01_500rpm_20A_48V_fast,P3a,causal_previous_period_oracle,2,0,2,0,0,0,0,NaN,1,0
case,B01_500rpm_20A_48V_fast,P3b,offline_physical_parameter_oracle,3,0,3,0,0,0,0,NaN,1,0
case,B01_500rpm_20A_48V_fast,P3c,noncausal_future_endpoint_oracle,3,0,3,0,0,0,0,NaN,1,0
case,B01_500rpm_20A_48V_fast,P4,offline_physical_parameter_oracle,3,0,3,0,0,0,0,NaN,1,0
case,B01_500rpm_20A_48V_fast,P5,offline_plant_replay_oracle,3,0,3,0,0,0,0,NaN,1,0
case,B02_500rpm_negid_48V,P0,causal_original,451,1,429,21,0,0.0465631929046563,0,0.0454545454545455,1,1
case,B02_500rpm_negid_48V,P1,causal_original,451,1,429,21,0,0.0465631929046563,0,0.0454545454545455,1,1
case,B02_500rpm_negid_48V,P2a,causal_previous_period_oracle,450,3,428,19,0,0.0422222222222222,0,0.136363636363636,1,1
case,B02_500rpm_negid_48V,P2b,offline_physical_parameter_oracle,451,12,429,10,0,0.0221729490022173,0,0.545454545454545,1,1
case,B02_500rpm_negid_48V,P2c,noncausal_future_endpoint_oracle,451,12,429,10,0,0.0221729490022173,0,0.545454545454545,1,1
case,B02_500rpm_negid_48V,P3a,causal_previous_period_oracle,450,3,428,19,0,0.0422222222222222,0,0.136363636363636,1,1
case,B02_500rpm_negid_48V,P3b,offline_physical_parameter_oracle,451,12,429,10,0,0.0221729490022173,0,0.545454545454545,1,1
case,B02_500rpm_negid_48V,P3c,noncausal_future_endpoint_oracle,451,12,429,10,0,0.0221729490022173,0,0.545454545454545,1,1
case,B02_500rpm_negid_48V,P4,offline_physical_parameter_oracle,451,12,429,10,0,0.0221729490022173,0,0.545454545454545,1,1
case,B02_500rpm_negid_48V,P5,offline_plant_replay_oracle,451,22,429,0,0,0,0,1,1,0
