case_id,evidence_role,order,dominant_axis,bin_index,phase_start,phase_end,sample_count,false_safe_count,non_false_safe_count,false_safe_rate,event_phase_resultant_R,total_false_safe_events,valid
C05_negative_id,ENGINEERING_PRIMARY,6,d,1,0,0.261799387799149,15,0,15,0,0.414375580991299,2,1
C05_negative_id,ENGINEERING_PRIMARY,6,d,2,0.261799387799149,0.523598775598299,13,1,12,0.0769230769230769,0.414375580991299,2,1
C05_negative_id,ENGINEERING_PRIMARY,6,d,3,0.523598775598299,0.785398163397448,14,0,14,0,0.414375580991299,2,1
C05_negative_id,ENGINEERING_PRIMARY,6,d,4,0.785398163397448,1.0471975511966,13,0,13,0,0.414375580991299,2,1
C05_negative_id,ENGINEERING_PRIMARY,6,d,5,1.0471975511966,1.30899693899575,14,0,14,0,0.414375580991299,2,1
C05_negative_id,ENGINEERING_PRIMARY,6,d,6,1.30899693899575,1.5707963267949,15,0,15,0,0.414375580991299,2,1
C05_negative_id,ENGINEERING_PRIMARY,6,d,7,1.5707963267949,1.83259571459405,13,0,13,0,0.414375580991299,2,1
C05_negative_id,ENGINEERING_PRIMARY,6,d,8,1.83259571459405,2.0943951023932,15,0,15,0,0.414375580991299,2,1
C05_negative_id,ENGINEERING_PRIMARY,6,d,9,2.0943951023932,2.35619449019234,13,0,13,0,0.414375580991299,2,1
C05_negative_id,ENGINEERING_PRIMARY,6,d,10,2.35619449019234,2.61799387799149,14,1,13,0.0714285714285714,0.414375580991299,2,1
C05_negative_id,ENGINEERING_PRIMARY,6,d,11,2.61799387799149,2.87979326579064,14,0,14,0,0.414375580991299,2,1
C05_negative_id,ENGINEERING_PRIMARY,6,d,12,2.87979326579064,3.14159265358979,13,0,13,0,0.414375580991299,2,1
C05_negative_id,ENGINEERING_PRIMARY,6,d,13,3.14159265358979,3.40339204138894,15,0,15,0,0.414375580991299,2,1
C05_negative_id,ENGINEERING_PRIMARY,6,d,14,3.40339204138894,3.66519142918809,14,0,14,0,0.414375580991299,2,1
C05_negative_id,ENGINEERING_PRIMARY,6,d,15,3.66519142918809,3.92699081698724,14,0,14,0,0.414375580991299,2,1
C05_negative_id,ENGINEERING_PRIMARY,6,d,16,3.92699081698724,4.18879020478639,13,0,13,0,0.414375580991299,2,1
C05_negative_id,ENGINEERING_PRIMARY,6,d,17,4.18879020478639,4.45058959258554,13,0,13,0,0.414375580991299,2,1
C05_negative_id,ENGINEERING_PRIMARY,6,d,18,4.45058959258554,4.71238898038469,15,0,15,0,0.414375580991299,2,1
C05_negative_id,ENGINEERING_PRIMARY,6,d,19,4.71238898038469,4.97418836818384,15,0,15,0,0.414375580991299,2,1
C05_negative_id,ENGINEERING_PRIMARY,6,d,20,4.97418836818384,5.23598775598299,14,0,14,0,0.414375580991299,2,1
C05_negative_id,ENGINEERING_PRIMARY,6,d,21,5.23598775598299,5.49778714378214,13,0,13,0,0.414375580991299,2,1
C05_negative_id,ENGINEERING_PRIMARY,6,d,22,5.49778714378214,5.75958653158129,15,0,15,0,0.414375580991299,2,1
C05_negative_id,ENGINEERING_PRIMARY,6,d,23,5.75958653158129,6.02138591938044,13,0,13,0,0.414375580991299,2,1
C05_negative_id,ENGINEERING_PRIMARY,6,d,24,6.02138591938044,6.28318530717959,14,0,14,0,0.414375580991299,2,1
C05_negative_id,ENGINEERING_PRIMARY,12,q,1,0,0.261799387799149,15,0,15,0,0.656585755756247,2,1
C05_negative_id,ENGINEERING_PRIMARY,12,q,2,0.261799387799149,0.523598775598299,12,0,12,0,0.656585755756247,2,1
C05_negative_id,ENGINEERING_PRIMARY,12,q,3,0.523598775598299,0.785398163397448,14,0,14,0,0.656585755756247,2,1
C05_negative_id,ENGINEERING_PRIMARY,12,q,4,0.785398163397448,1.0471975511966,16,1,15,0.0625,0.656585755756247,2,1
C05_negative_id,ENGINEERING_PRIMARY,12,q,5,1.0471975511966,1.30899693899575,12,0,12,0,0.656585755756247,2,1
C05_negative_id,ENGINEERING_PRIMARY,12,q,6,1.30899693899575,1.5707963267949,15,0,15,0,0.656585755756247,2,1
C05_negative_id,ENGINEERING_PRIMARY,12,q,7,1.5707963267949,1.83259571459405,12,0,12,0,0.656585755756247,2,1
C05_negative_id,ENGINEERING_PRIMARY,12,q,8,1.83259571459405,2.0943951023932,15,0,15,0,0.656585755756247,2,1
C05_negative_id,ENGINEERING_PRIMARY,12,q,9,2.0943951023932,2.35619449019234,15,0,15,0,0.656585755756247,2,1
C05_negative_id,ENGINEERING_PRIMARY,12,q,10,2.35619449019234,2.61799387799149,13,1,12,0.0769230769230769,0.656585755756247,2,1
C05_negative_id,ENGINEERING_PRIMARY,12,q,11,2.61799387799149,2.87979326579064,14,0,14,0,0.656585755756247,2,1
C05_negative_id,ENGINEERING_PRIMARY,12,q,12,2.87979326579064,3.14159265358979,12,0,12,0,0.656585755756247,2,1
C05_negative_id,ENGINEERING_PRIMARY,12,q,13,3.14159265358979,3.40339204138894,18,0,18,0,0.656585755756247,2,1
C05_negative_id,ENGINEERING_PRIMARY,12,q,14,3.40339204138894,3.66519142918809,12,0,12,0,0.656585755756247,2,1
C05_negative_id,ENGINEERING_PRIMARY,12,q,15,3.66519142918809,3.92699081698724,14,0,14,0,0.656585755756247,2,1
C05_negative_id,ENGINEERING_PRIMARY,12,q,16,3.92699081698724,4.18879020478639,13,0,13,0,0.656585755756247,2,1
C05_negative_id,ENGINEERING_PRIMARY,12,q,17,4.18879020478639,4.45058959258554,13,0,13,0,0.656585755756247,2,1
C05_negative_id,ENGINEERING_PRIMARY,12,q,18,4.45058959258554,4.71238898038469,17,0,17,0,0.656585755756247,2,1
C05_negative_id,ENGINEERING_PRIMARY,12,q,19,4.71238898038469,4.97418836818384,12,0,12,0,0.656585755756247,2,1
C05_negative_id,ENGINEERING_PRIMARY,12,q,20,4.97418836818384,5.23598775598299,15,0,15,0,0.656585755756247,2,1
C05_negative_id,ENGINEERING_PRIMARY,12,q,21,5.23598775598299,5.49778714378214,13,0,13,0,0.656585755756247,2,1
C05_negative_id,ENGINEERING_PRIMARY,12,q,22,5.49778714378214,5.75958653158129,13,0,13,0,0.656585755756247,2,1
C05_negative_id,ENGINEERING_PRIMARY,12,q,23,5.75958653158129,6.02138591938044,17,0,17,0,0.656585755756247,2,1
C05_negative_id,ENGINEERING_PRIMARY,12,q,24,6.02138591938044,6.28318530717959,12,0,12,0,0.656585755756247,2,1
C06_low_bus_43p2V,ENGINEERING_PRIMARY,6,d,1,0,0.261799387799149,13,0,13,0,0.690547153029237,6,1
C06_low_bus_43p2V,ENGINEERING_PRIMARY,6,d,2,0.261799387799149,0.523598775598299,14,2,12,0.142857142857143,0.690547153029237,6,1
C06_low_bus_43p2V,ENGINEERING_PRIMARY,6,d,3,0.523598775598299,0.785398163397448,13,2,11,0.153846153846154,0.690547153029237,6,1
C06_low_bus_43p2V,ENGINEERING_PRIMARY,6,d,4,0.785398163397448,1.0471975511966,14,0,14,0,0.690547153029237,6,1
C06_low_bus_43p2V,ENGINEERING_PRIMARY,6,d,5,1.0471975511966,1.30899693899575,15,1,14,0.0666666666666667,0.690547153029237,6,1
C06_low_bus_43p2V,ENGINEERING_PRIMARY,6,d,6,1.30899693899575,1.5707963267949,13,0,13,0,0.690547153029237,6,1
C06_low_bus_43p2V,ENGINEERING_PRIMARY,6,d,7,1.5707963267949,1.83259571459405,15,0,15,0,0.690547153029237,6,1
C06_low_bus_43p2V,ENGINEERING_PRIMARY,6,d,8,1.83259571459405,2.0943951023932,13,0,13,0,0.690547153029237,6,1
C06_low_bus_43p2V,ENGINEERING_PRIMARY,6,d,9,2.0943951023932,2.35619449019234,13,0,13,0,0.690547153029237,6,1
C06_low_bus_43p2V,ENGINEERING_PRIMARY,6,d,10,2.35619449019234,2.61799387799149,15,0,15,0,0.690547153029237,6,1
C06_low_bus_43p2V,ENGINEERING_PRIMARY,6,d,11,2.61799387799149,2.87979326579064,13,0,13,0,0.690547153029237,6,1
C06_low_bus_43p2V,ENGINEERING_PRIMARY,6,d,12,2.87979326579064,3.14159265358979,15,1,14,0.0666666666666667,0.690547153029237,6,1
C06_low_bus_43p2V,ENGINEERING_PRIMARY,6,d,13,3.14159265358979,3.40339204138894,14,0,14,0,0.690547153029237,6,1
C06_low_bus_43p2V,ENGINEERING_PRIMARY,6,d,14,3.40339204138894,3.66519142918809,14,0,14,0,0.690547153029237,6,1
C06_low_bus_43p2V,ENGINEERING_PRIMARY,6,d,15,3.66519142918809,3.92699081698724,13,0,13,0,0.690547153029237,6,1
C06_low_bus_43p2V,ENGINEERING_PRIMARY,6,d,16,3.92699081698724,4.18879020478639,13,0,13,0,0.690547153029237,6,1
C06_low_bus_43p2V,ENGINEERING_PRIMARY,6,d,17,4.18879020478639,4.45058959258554,15,0,15,0,0.690547153029237,6,1
C06_low_bus_43p2V,ENGINEERING_PRIMARY,6,d,18,4.45058959258554,4.71238898038469,15,0,15,0,0.690547153029237,6,1
C06_low_bus_43p2V,ENGINEERING_PRIMARY,6,d,19,4.71238898038469,4.97418836818384,14,0,14,0,0.690547153029237,6,1
C06_low_bus_43p2V,ENGINEERING_PRIMARY,6,d,20,4.97418836818384,5.23598775598299,13,0,13,0,0.690547153029237,6,1
C06_low_bus_43p2V,ENGINEERING_PRIMARY,6,d,21,5.23598775598299,5.49778714378214,13,0,13,0,0.690547153029237,6,1
C06_low_bus_43p2V,ENGINEERING_PRIMARY,6,d,22,5.49778714378214,5.75958653158129,15,0,15,0,0.690547153029237,6,1
C06_low_bus_43p2V,ENGINEERING_PRIMARY,6,d,23,5.75958653158129,6.02138591938044,14,0,14,0,0.690547153029237,6,1
C06_low_bus_43p2V,ENGINEERING_PRIMARY,6,d,24,6.02138591938044,6.28318530717959,15,0,15,0,0.690547153029237,6,1
C06_low_bus_43p2V,ENGINEERING_PRIMARY,12,q,1,0,0.261799387799149,15,0,15,0,0.712073045436869,6,1
C06_low_bus_43p2V,ENGINEERING_PRIMARY,12,q,2,0.261799387799149,0.523598775598299,12,0,12,0,0.712073045436869,6,1
C06_low_bus_43p2V,ENGINEERING_PRIMARY,12,q,3,0.523598775598299,0.785398163397448,14,0,14,0,0.712073045436869,6,1
C06_low_bus_43p2V,ENGINEERING_PRIMARY,12,q,4,0.785398163397448,1.0471975511966,16,0,16,0,0.712073045436869,6,1
C06_low_bus_43p2V,ENGINEERING_PRIMARY,12,q,5,1.0471975511966,1.30899693899575,12,0,12,0,0.712073045436869,6,1
C06_low_bus_43p2V,ENGINEERING_PRIMARY,12,q,6,1.30899693899575,1.5707963267949,15,0,15,0,0.712073045436869,6,1
C06_low_bus_43p2V,ENGINEERING_PRIMARY,12,q,7,1.5707963267949,1.83259571459405,12,1,11,0.0833333333333333,0.712073045436869,6,1
C06_low_bus_43p2V,ENGINEERING_PRIMARY,12,q,8,1.83259571459405,2.0943951023932,15,0,15,0,0.712073045436869,6,1
C06_low_bus_43p2V,ENGINEERING_PRIMARY,12,q,9,2.0943951023932,2.35619449019234,15,0,15,0,0.712073045436869,6,1
C06_low_bus_43p2V,ENGINEERING_PRIMARY,12,q,10,2.35619449019234,2.61799387799149,13,0,13,0,0.712073045436869,6,1
C06_low_bus_43p2V,ENGINEERING_PRIMARY,12,q,11,2.61799387799149,2.87979326579064,14,2,12,0.142857142857143,0.712073045436869,6,1
C06_low_bus_43p2V,ENGINEERING_PRIMARY,12,q,12,2.87979326579064,3.14159265358979,12,0,12,0,0.712073045436869,6,1
C06_low_bus_43p2V,ENGINEERING_PRIMARY,12,q,13,3.14159265358979,3.40339204138894,15,2,13,0.133333333333333,0.712073045436869,6,1
C06_low_bus_43p2V,ENGINEERING_PRIMARY,12,q,14,3.40339204138894,3.66519142918809,15,0,15,0,0.712073045436869,6,1
C06_low_bus_43p2V,ENGINEERING_PRIMARY,12,q,15,3.66519142918809,3.92699081698724,14,0,14,0,0.712073045436869,6,1
C06_low_bus_43p2V,ENGINEERING_PRIMARY,12,q,16,3.92699081698724,4.18879020478639,13,0,13,0,0.712073045436869,6,1
C06_low_bus_43p2V,ENGINEERING_PRIMARY,12,q,17,4.18879020478639,4.45058959258554,13,0,13,0,0.712073045436869,6,1
C06_low_bus_43p2V,ENGINEERING_PRIMARY,12,q,18,4.45058959258554,4.71238898038469,14,1,13,0.0714285714285714,0.712073045436869,6,1
C06_low_bus_43p2V,ENGINEERING_PRIMARY,12,q,19,4.71238898038469,4.97418836818384,16,0,16,0,0.712073045436869,6,1
C06_low_bus_43p2V,ENGINEERING_PRIMARY,12,q,20,4.97418836818384,5.23598775598299,14,0,14,0,0.712073045436869,6,1
C06_low_bus_43p2V,ENGINEERING_PRIMARY,12,q,21,5.23598775598299,5.49778714378214,13,0,13,0,0.712073045436869,6,1
C06_low_bus_43p2V,ENGINEERING_PRIMARY,12,q,22,5.49778714378214,5.75958653158129,13,0,13,0,0.712073045436869,6,1
C06_low_bus_43p2V,ENGINEERING_PRIMARY,12,q,23,5.75958653158129,6.02138591938044,17,0,17,0,0.712073045436869,6,1
C06_low_bus_43p2V,ENGINEERING_PRIMARY,12,q,24,6.02138591938044,6.28318530717959,12,0,12,0,0.712073045436869,6,1
C09_S2_boundary,ENGINEERING_PRIMARY,6,d,1,0,0.261799387799149,12,0,12,0,1,6,1
C09_S2_boundary,ENGINEERING_PRIMARY,6,d,2,0.261799387799149,0.523598775598299,18,0,18,0,1,6,1
C09_S2_boundary,ENGINEERING_PRIMARY,6,d,3,0.523598775598299,0.785398163397448,12,0,12,0,1,6,1
C09_S2_boundary,ENGINEERING_PRIMARY,6,d,4,0.785398163397448,1.0471975511966,12,0,12,0,1,6,1
C09_S2_boundary,ENGINEERING_PRIMARY,6,d,5,1.0471975511966,1.30899693899575,12,0,12,0,1,6,1
C09_S2_boundary,ENGINEERING_PRIMARY,6,d,6,1.30899693899575,1.5707963267949,12,0,12,0,1,6,1
C09_S2_boundary,ENGINEERING_PRIMARY,6,d,7,1.5707963267949,1.83259571459405,12,0,12,0,1,6,1
C09_S2_boundary,ENGINEERING_PRIMARY,6,d,8,1.83259571459405,2.0943951023932,12,0,12,0,1,6,1
C09_S2_boundary,ENGINEERING_PRIMARY,6,d,9,2.0943951023932,2.35619449019234,12,0,12,0,1,6,1
C09_S2_boundary,ENGINEERING_PRIMARY,6,d,10,2.35619449019234,2.61799387799149,12,0,12,0,1,6,1
C09_S2_boundary,ENGINEERING_PRIMARY,6,d,11,2.61799387799149,2.87979326579064,12,0,12,0,1,6,1
C09_S2_boundary,ENGINEERING_PRIMARY,6,d,12,2.87979326579064,3.14159265358979,12,6,6,0.5,1,6,1
C09_S2_boundary,ENGINEERING_PRIMARY,6,d,13,3.14159265358979,3.40339204138894,12,0,12,0,1,6,1
C09_S2_boundary,ENGINEERING_PRIMARY,6,d,14,3.40339204138894,3.66519142918809,18,0,18,0,1,6,1
C09_S2_boundary,ENGINEERING_PRIMARY,6,d,15,3.66519142918809,3.92699081698724,12,0,12,0,1,6,1
C09_S2_boundary,ENGINEERING_PRIMARY,6,d,16,3.92699081698724,4.18879020478639,12,0,12,0,1,6,1
C09_S2_boundary,ENGINEERING_PRIMARY,6,d,17,4.18879020478639,4.45058959258554,12,0,12,0,1,6,1
C09_S2_boundary,ENGINEERING_PRIMARY,6,d,18,4.45058959258554,4.71238898038469,12,0,12,0,1,6,1
C09_S2_boundary,ENGINEERING_PRIMARY,6,d,19,4.71238898038469,4.97418836818384,12,0,12,0,1,6,1
C09_S2_boundary,ENGINEERING_PRIMARY,6,d,20,4.97418836818384,5.23598775598299,12,0,12,0,1,6,1
C09_S2_boundary,ENGINEERING_PRIMARY,6,d,21,5.23598775598299,5.49778714378214,12,0,12,0,1,6,1
C09_S2_boundary,ENGINEERING_PRIMARY,6,d,22,5.49778714378214,5.75958653158129,12,0,12,0,1,6,1
C09_S2_boundary,ENGINEERING_PRIMARY,6,d,23,5.75958653158129,6.02138591938044,12,0,12,0,1,6,1
C09_S2_boundary,ENGINEERING_PRIMARY,6,d,24,6.02138591938044,6.28318530717959,12,0,12,0,1,6,1
C09_S2_boundary,ENGINEERING_PRIMARY,12,d,1,0,0.261799387799149,12,0,12,0,1,6,1
C09_S2_boundary,ENGINEERING_PRIMARY,12,d,2,0.261799387799149,0.523598775598299,12,0,12,0,1,6,1
C09_S2_boundary,ENGINEERING_PRIMARY,12,d,3,0.523598775598299,0.785398163397448,12,0,12,0,1,6,1
C09_S2_boundary,ENGINEERING_PRIMARY,12,d,4,0.785398163397448,1.0471975511966,12,0,12,0,1,6,1
C09_S2_boundary,ENGINEERING_PRIMARY,12,d,5,1.0471975511966,1.30899693899575,12,6,6,0.5,1,6,1
C09_S2_boundary,ENGINEERING_PRIMARY,12,d,6,1.30899693899575,1.5707963267949,12,0,12,0,1,6,1
C09_S2_boundary,ENGINEERING_PRIMARY,12,d,7,1.5707963267949,1.83259571459405,12,0,12,0,1,6,1
C09_S2_boundary,ENGINEERING_PRIMARY,12,d,8,1.83259571459405,2.0943951023932,12,0,12,0,1,6,1
C09_S2_boundary,ENGINEERING_PRIMARY,12,d,9,2.0943951023932,2.35619449019234,12,0,12,0,1,6,1
C09_S2_boundary,ENGINEERING_PRIMARY,12,d,10,2.35619449019234,2.61799387799149,12,0,12,0,1,6,1
C09_S2_boundary,ENGINEERING_PRIMARY,12,d,11,2.61799387799149,2.87979326579064,12,0,12,0,1,6,1
C09_S2_boundary,ENGINEERING_PRIMARY,12,d,12,2.87979326579064,3.14159265358979,12,0,12,0,1,6,1
C09_S2_boundary,ENGINEERING_PRIMARY,12,d,13,3.14159265358979,3.40339204138894,12,0,12,0,1,6,1
C09_S2_boundary,ENGINEERING_PRIMARY,12,d,14,3.40339204138894,3.66519142918809,12,0,12,0,1,6,1
C09_S2_boundary,ENGINEERING_PRIMARY,12,d,15,3.66519142918809,3.92699081698724,12,0,12,0,1,6,1
C09_S2_boundary,ENGINEERING_PRIMARY,12,d,16,3.92699081698724,4.18879020478639,12,0,12,0,1,6,1
C09_S2_boundary,ENGINEERING_PRIMARY,12,d,17,4.18879020478639,4.45058959258554,12,0,12,0,1,6,1
C09_S2_boundary,ENGINEERING_PRIMARY,12,d,18,4.45058959258554,4.71238898038469,24,0,24,0,1,6,1
C09_S2_boundary,ENGINEERING_PRIMARY,12,d,19,4.71238898038469,4.97418836818384,12,0,12,0,1,6,1
C09_S2_boundary,ENGINEERING_PRIMARY,12,d,20,4.97418836818384,5.23598775598299,12,0,12,0,1,6,1
C09_S2_boundary,ENGINEERING_PRIMARY,12,d,21,5.23598775598299,5.49778714378214,12,0,12,0,1,6,1
C09_S2_boundary,ENGINEERING_PRIMARY,12,d,22,5.49778714378214,5.75958653158129,12,0,12,0,1,6,1
C09_S2_boundary,ENGINEERING_PRIMARY,12,d,23,5.75958653158129,6.02138591938044,12,0,12,0,1,6,1
C09_S2_boundary,ENGINEERING_PRIMARY,12,d,24,6.02138591938044,6.28318530717959,12,0,12,0,1,6,1
D02_id_step,SECONDARY_DYNAMIC,6,d,1,0,0.261799387799149,13,0,13,0,0.671370402561427,4,1
D02_id_step,SECONDARY_DYNAMIC,6,d,2,0.261799387799149,0.523598775598299,13,0,13,0,0.671370402561427,4,1
D02_id_step,SECONDARY_DYNAMIC,6,d,3,0.523598775598299,0.785398163397448,15,1,14,0.0666666666666667,0.671370402561427,4,1
D02_id_step,SECONDARY_DYNAMIC,6,d,4,0.785398163397448,1.0471975511966,14,1,13,0.0714285714285714,0.671370402561427,4,1
D02_id_step,SECONDARY_DYNAMIC,6,d,5,1.0471975511966,1.30899693899575,15,0,15,0,0.671370402561427,4,1
D02_id_step,SECONDARY_DYNAMIC,6,d,6,1.30899693899575,1.5707963267949,13,0,13,0,0.671370402561427,4,1
D02_id_step,SECONDARY_DYNAMIC,6,d,7,1.5707963267949,1.83259571459405,14,0,14,0,0.671370402561427,4,1
D02_id_step,SECONDARY_DYNAMIC,6,d,8,1.83259571459405,2.0943951023932,13,0,13,0,0.671370402561427,4,1
D02_id_step,SECONDARY_DYNAMIC,6,d,9,2.0943951023932,2.35619449019234,14,0,14,0,0.671370402561427,4,1
D02_id_step,SECONDARY_DYNAMIC,6,d,10,2.35619449019234,2.61799387799149,15,1,14,0.0666666666666667,0.671370402561427,4,1
D02_id_step,SECONDARY_DYNAMIC,6,d,11,2.61799387799149,2.87979326579064,13,0,13,0,0.671370402561427,4,1
D02_id_step,SECONDARY_DYNAMIC,6,d,12,2.87979326579064,3.14159265358979,15,0,15,0,0.671370402561427,4,1
D02_id_step,SECONDARY_DYNAMIC,6,d,13,3.14159265358979,3.40339204138894,13,0,13,0,0.671370402561427,4,1
D02_id_step,SECONDARY_DYNAMIC,6,d,14,3.40339204138894,3.66519142918809,14,0,14,0,0.671370402561427,4,1
D02_id_step,SECONDARY_DYNAMIC,6,d,15,3.66519142918809,3.92699081698724,15,0,15,0,0.671370402561427,4,1
D02_id_step,SECONDARY_DYNAMIC,6,d,16,3.92699081698724,4.18879020478639,13,0,13,0,0.671370402561427,4,1
D02_id_step,SECONDARY_DYNAMIC,6,d,17,4.18879020478639,4.45058959258554,15,0,15,0,0.671370402561427,4,1
D02_id_step,SECONDARY_DYNAMIC,6,d,18,4.45058959258554,4.71238898038469,13,0,13,0,0.671370402561427,4,1
D02_id_step,SECONDARY_DYNAMIC,6,d,19,4.71238898038469,4.97418836818384,14,0,14,0,0.671370402561427,4,1
D02_id_step,SECONDARY_DYNAMIC,6,d,20,4.97418836818384,5.23598775598299,14,0,14,0,0.671370402561427,4,1
D02_id_step,SECONDARY_DYNAMIC,6,d,21,5.23598775598299,5.49778714378214,13,0,13,0,0.671370402561427,4,1
D02_id_step,SECONDARY_DYNAMIC,6,d,22,5.49778714378214,5.75958653158129,15,0,15,0,0.671370402561427,4,1
D02_id_step,SECONDARY_DYNAMIC,6,d,23,5.75958653158129,6.02138591938044,14,0,14,0,0.671370402561427,4,1
D02_id_step,SECONDARY_DYNAMIC,6,d,24,6.02138591938044,6.28318530717959,14,1,13,0.0714285714285714,0.671370402561427,4,1
D02_id_step,SECONDARY_DYNAMIC,12,q,1,0,0.261799387799149,18,0,18,0,0.333683968795954,4,1
D02_id_step,SECONDARY_DYNAMIC,12,q,2,0.261799387799149,0.523598775598299,13,1,12,0.0769230769230769,0.333683968795954,4,1
D02_id_step,SECONDARY_DYNAMIC,12,q,3,0.523598775598299,0.785398163397448,13,0,13,0,0.333683968795954,4,1
D02_id_step,SECONDARY_DYNAMIC,12,q,4,0.785398163397448,1.0471975511966,14,0,14,0,0.333683968795954,4,1
D02_id_step,SECONDARY_DYNAMIC,12,q,5,1.0471975511966,1.30899693899575,12,0,12,0,0.333683968795954,4,1
D02_id_step,SECONDARY_DYNAMIC,12,q,6,1.30899693899575,1.5707963267949,18,0,18,0,0.333683968795954,4,1
D02_id_step,SECONDARY_DYNAMIC,12,q,7,1.5707963267949,1.83259571459405,12,1,11,0.0833333333333333,0.333683968795954,4,1
D02_id_step,SECONDARY_DYNAMIC,12,q,8,1.83259571459405,2.0943951023932,14,0,14,0,0.333683968795954,4,1
D02_id_step,SECONDARY_DYNAMIC,12,q,9,2.0943951023932,2.35619449019234,13,1,12,0.0769230769230769,0.333683968795954,4,1
D02_id_step,SECONDARY_DYNAMIC,12,q,10,2.35619449019234,2.61799387799149,13,0,13,0,0.333683968795954,4,1
D02_id_step,SECONDARY_DYNAMIC,12,q,11,2.61799387799149,2.87979326579064,17,0,17,0,0.333683968795954,4,1
D02_id_step,SECONDARY_DYNAMIC,12,q,12,2.87979326579064,3.14159265358979,12,0,12,0,0.333683968795954,4,1
D02_id_step,SECONDARY_DYNAMIC,12,q,13,3.14159265358979,3.40339204138894,15,0,15,0,0.333683968795954,4,1
D02_id_step,SECONDARY_DYNAMIC,12,q,14,3.40339204138894,3.66519142918809,12,0,12,0,0.333683968795954,4,1
D02_id_step,SECONDARY_DYNAMIC,12,q,15,3.66519142918809,3.92699081698724,14,0,14,0,0.333683968795954,4,1
D02_id_step,SECONDARY_DYNAMIC,12,q,16,3.92699081698724,4.18879020478639,16,0,16,0,0.333683968795954,4,1
D02_id_step,SECONDARY_DYNAMIC,12,q,17,4.18879020478639,4.45058959258554,12,0,12,0,0.333683968795954,4,1
D02_id_step,SECONDARY_DYNAMIC,12,q,18,4.45058959258554,4.71238898038469,15,0,15,0,0.333683968795954,4,1
D02_id_step,SECONDARY_DYNAMIC,12,q,19,4.71238898038469,4.97418836818384,12,0,12,0,0.333683968795954,4,1
D02_id_step,SECONDARY_DYNAMIC,12,q,20,4.97418836818384,5.23598775598299,15,1,14,0.0666666666666667,0.333683968795954,4,1
D02_id_step,SECONDARY_DYNAMIC,12,q,21,5.23598775598299,5.49778714378214,15,0,15,0,0.333683968795954,4,1
D02_id_step,SECONDARY_DYNAMIC,12,q,22,5.49778714378214,5.75958653158129,13,0,13,0,0.333683968795954,4,1
D02_id_step,SECONDARY_DYNAMIC,12,q,23,5.75958653158129,6.02138591938044,14,0,14,0,0.333683968795954,4,1
D02_id_step,SECONDARY_DYNAMIC,12,q,24,6.02138591938044,6.28318530717959,12,0,12,0,0.333683968795954,4,1
D03_id_iq_step,SECONDARY_DYNAMIC,6,d,1,0,0.261799387799149,14,1,13,0.0714285714285714,0.728286099797613,6,1
D03_id_iq_step,SECONDARY_DYNAMIC,6,d,2,0.261799387799149,0.523598775598299,13,2,11,0.153846153846154,0.728286099797613,6,1
D03_id_iq_step,SECONDARY_DYNAMIC,6,d,3,0.523598775598299,0.785398163397448,15,2,13,0.133333333333333,0.728286099797613,6,1
D03_id_iq_step,SECONDARY_DYNAMIC,6,d,4,0.785398163397448,1.0471975511966,14,0,14,0,0.728286099797613,6,1
D03_id_iq_step,SECONDARY_DYNAMIC,6,d,5,1.0471975511966,1.30899693899575,13,0,13,0,0.728286099797613,6,1
D03_id_iq_step,SECONDARY_DYNAMIC,6,d,6,1.30899693899575,1.5707963267949,15,0,15,0,0.728286099797613,6,1
D03_id_iq_step,SECONDARY_DYNAMIC,6,d,7,1.5707963267949,1.83259571459405,13,0,13,0,0.728286099797613,6,1
D03_id_iq_step,SECONDARY_DYNAMIC,6,d,8,1.83259571459405,2.0943951023932,14,0,14,0,0.728286099797613,6,1
D03_id_iq_step,SECONDARY_DYNAMIC,6,d,9,2.0943951023932,2.35619449019234,14,0,14,0,0.728286099797613,6,1
D03_id_iq_step,SECONDARY_DYNAMIC,6,d,10,2.35619449019234,2.61799387799149,15,0,15,0,0.728286099797613,6,1
D03_id_iq_step,SECONDARY_DYNAMIC,6,d,11,2.61799387799149,2.87979326579064,13,1,12,0.0769230769230769,0.728286099797613,6,1
D03_id_iq_step,SECONDARY_DYNAMIC,6,d,12,2.87979326579064,3.14159265358979,14,0,14,0,0.728286099797613,6,1
D03_id_iq_step,SECONDARY_DYNAMIC,6,d,13,3.14159265358979,3.40339204138894,14,0,14,0,0.728286099797613,6,1
D03_id_iq_step,SECONDARY_DYNAMIC,6,d,14,3.40339204138894,3.66519142918809,13,0,13,0,0.728286099797613,6,1
D03_id_iq_step,SECONDARY_DYNAMIC,6,d,15,3.66519142918809,3.92699081698724,15,0,15,0,0.728286099797613,6,1
D03_id_iq_step,SECONDARY_DYNAMIC,6,d,16,3.92699081698724,4.18879020478639,13,0,13,0,0.728286099797613,6,1
D03_id_iq_step,SECONDARY_DYNAMIC,6,d,17,4.18879020478639,4.45058959258554,14,0,14,0,0.728286099797613,6,1
D03_id_iq_step,SECONDARY_DYNAMIC,6,d,18,4.45058959258554,4.71238898038469,15,0,15,0,0.728286099797613,6,1
D03_id_iq_step,SECONDARY_DYNAMIC,6,d,19,4.71238898038469,4.97418836818384,12,0,12,0,0.728286099797613,6,1
D03_id_iq_step,SECONDARY_DYNAMIC,6,d,20,4.97418836818384,5.23598775598299,15,0,15,0,0.728286099797613,6,1
D03_id_iq_step,SECONDARY_DYNAMIC,6,d,21,5.23598775598299,5.49778714378214,13,0,13,0,0.728286099797613,6,1
D03_id_iq_step,SECONDARY_DYNAMIC,6,d,22,5.49778714378214,5.75958653158129,15,0,15,0,0.728286099797613,6,1
D03_id_iq_step,SECONDARY_DYNAMIC,6,d,23,5.75958653158129,6.02138591938044,14,0,14,0,0.728286099797613,6,1
D03_id_iq_step,SECONDARY_DYNAMIC,6,d,24,6.02138591938044,6.28318530717959,13,0,13,0,0.728286099797613,6,1
D03_id_iq_step,SECONDARY_DYNAMIC,12,q,1,0,0.261799387799149,13,0,13,0,0.810315443613013,6,1
D03_id_iq_step,SECONDARY_DYNAMIC,12,q,2,0.261799387799149,0.523598775598299,14,0,14,0,0.810315443613013,6,1
D03_id_iq_step,SECONDARY_DYNAMIC,12,q,3,0.523598775598299,0.785398163397448,15,0,15,0,0.810315443613013,6,1
D03_id_iq_step,SECONDARY_DYNAMIC,12,q,4,0.785398163397448,1.0471975511966,15,0,15,0,0.810315443613013,6,1
D03_id_iq_step,SECONDARY_DYNAMIC,12,q,5,1.0471975511966,1.30899693899575,12,1,11,0.0833333333333333,0.810315443613013,6,1
D03_id_iq_step,SECONDARY_DYNAMIC,12,q,6,1.30899693899575,1.5707963267949,14,0,14,0,0.810315443613013,6,1
D03_id_iq_step,SECONDARY_DYNAMIC,12,q,7,1.5707963267949,1.83259571459405,13,0,13,0,0.810315443613013,6,1
D03_id_iq_step,SECONDARY_DYNAMIC,12,q,8,1.83259571459405,2.0943951023932,15,0,15,0,0.810315443613013,6,1
D03_id_iq_step,SECONDARY_DYNAMIC,12,q,9,2.0943951023932,2.35619449019234,15,0,15,0,0.810315443613013,6,1
D03_id_iq_step,SECONDARY_DYNAMIC,12,q,10,2.35619449019234,2.61799387799149,12,1,11,0.0833333333333333,0.810315443613013,6,1
D03_id_iq_step,SECONDARY_DYNAMIC,12,q,11,2.61799387799149,2.87979326579064,15,1,14,0.0666666666666667,0.810315443613013,6,1
D03_id_iq_step,SECONDARY_DYNAMIC,12,q,12,2.87979326579064,3.14159265358979,15,3,12,0.2,0.810315443613013,6,1
D03_id_iq_step,SECONDARY_DYNAMIC,12,q,13,3.14159265358979,3.40339204138894,13,0,13,0,0.810315443613013,6,1
D03_id_iq_step,SECONDARY_DYNAMIC,12,q,14,3.40339204138894,3.66519142918809,14,0,14,0,0.810315443613013,6,1
D03_id_iq_step,SECONDARY_DYNAMIC,12,q,15,3.66519142918809,3.92699081698724,12,0,12,0,0.810315443613013,6,1
D03_id_iq_step,SECONDARY_DYNAMIC,12,q,16,3.92699081698724,4.18879020478639,15,0,15,0,0.810315443613013,6,1
D03_id_iq_step,SECONDARY_DYNAMIC,12,q,17,4.18879020478639,4.45058959258554,15,0,15,0,0.810315443613013,6,1
D03_id_iq_step,SECONDARY_DYNAMIC,12,q,18,4.45058959258554,4.71238898038469,14,0,14,0,0.810315443613013,6,1
D03_id_iq_step,SECONDARY_DYNAMIC,12,q,19,4.71238898038469,4.97418836818384,13,0,13,0,0.810315443613013,6,1
D03_id_iq_step,SECONDARY_DYNAMIC,12,q,20,4.97418836818384,5.23598775598299,13,0,13,0,0.810315443613013,6,1
D03_id_iq_step,SECONDARY_DYNAMIC,12,q,21,5.23598775598299,5.49778714378214,14,0,14,0,0.810315443613013,6,1
D03_id_iq_step,SECONDARY_DYNAMIC,12,q,22,5.49778714378214,5.75958653158129,15,0,15,0,0.810315443613013,6,1
D03_id_iq_step,SECONDARY_DYNAMIC,12,q,23,5.75958653158129,6.02138591938044,14,0,14,0,0.810315443613013,6,1
D03_id_iq_step,SECONDARY_DYNAMIC,12,q,24,6.02138591938044,6.28318530717959,13,0,13,0,0.810315443613013,6,1
D04_torque_ramp,SECONDARY_DYNAMIC,6,d,1,0,0.261799387799149,12,4,8,0.333333333333333,0.353000070781751,10,1
D04_torque_ramp,SECONDARY_DYNAMIC,6,d,2,0.261799387799149,0.523598775598299,10,0,10,0,0.353000070781751,10,1
D04_torque_ramp,SECONDARY_DYNAMIC,6,d,3,0.523598775598299,0.785398163397448,10,0,10,0,0.353000070781751,10,1
D04_torque_ramp,SECONDARY_DYNAMIC,6,d,4,0.785398163397448,1.0471975511966,10,0,10,0,0.353000070781751,10,1
D04_torque_ramp,SECONDARY_DYNAMIC,6,d,5,1.0471975511966,1.30899693899575,10,0,10,0,0.353000070781751,10,1
D04_torque_ramp,SECONDARY_DYNAMIC,6,d,6,1.30899693899575,1.5707963267949,12,0,12,0,0.353000070781751,10,1
D04_torque_ramp,SECONDARY_DYNAMIC,6,d,7,1.5707963267949,1.83259571459405,10,0,10,0,0.353000070781751,10,1
D04_torque_ramp,SECONDARY_DYNAMIC,6,d,8,1.83259571459405,2.0943951023932,10,0,10,0,0.353000070781751,10,1
D04_torque_ramp,SECONDARY_DYNAMIC,6,d,9,2.0943951023932,2.35619449019234,10,0,10,0,0.353000070781751,10,1
D04_torque_ramp,SECONDARY_DYNAMIC,6,d,10,2.35619449019234,2.61799387799149,10,0,10,0,0.353000070781751,10,1
D04_torque_ramp,SECONDARY_DYNAMIC,6,d,11,2.61799387799149,2.87979326579064,12,0,12,0,0.353000070781751,10,1
D04_torque_ramp,SECONDARY_DYNAMIC,6,d,12,2.87979326579064,3.14159265358979,10,0,10,0,0.353000070781751,10,1
D04_torque_ramp,SECONDARY_DYNAMIC,6,d,13,3.14159265358979,3.40339204138894,10,2,8,0.2,0.353000070781751,10,1
D04_torque_ramp,SECONDARY_DYNAMIC,6,d,14,3.40339204138894,3.66519142918809,10,0,10,0,0.353000070781751,10,1
D04_torque_ramp,SECONDARY_DYNAMIC,6,d,15,3.66519142918809,3.92699081698724,10,0,10,0,0.353000070781751,10,1
D04_torque_ramp,SECONDARY_DYNAMIC,6,d,16,3.92699081698724,4.18879020478639,12,0,12,0,0.353000070781751,10,1
D04_torque_ramp,SECONDARY_DYNAMIC,6,d,17,4.18879020478639,4.45058959258554,10,2,8,0.2,0.353000070781751,10,1
D04_torque_ramp,SECONDARY_DYNAMIC,6,d,18,4.45058959258554,4.71238898038469,10,0,10,0,0.353000070781751,10,1
D04_torque_ramp,SECONDARY_DYNAMIC,6,d,19,4.71238898038469,4.97418836818384,10,0,10,0,0.353000070781751,10,1
D04_torque_ramp,SECONDARY_DYNAMIC,6,d,20,4.97418836818384,5.23598775598299,10,0,10,0,0.353000070781751,10,1
D04_torque_ramp,SECONDARY_DYNAMIC,6,d,21,5.23598775598299,5.49778714378214,12,0,12,0,0.353000070781751,10,1
D04_torque_ramp,SECONDARY_DYNAMIC,6,d,22,5.49778714378214,5.75958653158129,10,0,10,0,0.353000070781751,10,1
D04_torque_ramp,SECONDARY_DYNAMIC,6,d,23,5.75958653158129,6.02138591938044,10,2,8,0.2,0.353000070781751,10,1
D04_torque_ramp,SECONDARY_DYNAMIC,6,d,24,6.02138591938044,6.28318530717959,10,0,10,0,0.353000070781751,10,1
D04_torque_ramp,SECONDARY_DYNAMIC,12,d,1,0,0.261799387799149,10,0,10,0,0.588877345046326,10,1
D04_torque_ramp,SECONDARY_DYNAMIC,12,d,2,0.261799387799149,0.523598775598299,10,0,10,0,0.588877345046326,10,1
D04_torque_ramp,SECONDARY_DYNAMIC,12,d,3,0.523598775598299,0.785398163397448,10,0,10,0,0.588877345046326,10,1
D04_torque_ramp,SECONDARY_DYNAMIC,12,d,4,0.785398163397448,1.0471975511966,12,2,10,0.166666666666667,0.588877345046326,10,1
D04_torque_ramp,SECONDARY_DYNAMIC,12,d,5,1.0471975511966,1.30899693899575,10,4,6,0.4,0.588877345046326,10,1
D04_torque_ramp,SECONDARY_DYNAMIC,12,d,6,1.30899693899575,1.5707963267949,10,0,10,0,0.588877345046326,10,1
D04_torque_ramp,SECONDARY_DYNAMIC,12,d,7,1.5707963267949,1.83259571459405,10,0,10,0,0.588877345046326,10,1
D04_torque_ramp,SECONDARY_DYNAMIC,12,d,8,1.83259571459405,2.0943951023932,10,0,10,0,0.588877345046326,10,1
D04_torque_ramp,SECONDARY_DYNAMIC,12,d,9,2.0943951023932,2.35619449019234,12,0,12,0,0.588877345046326,10,1
D04_torque_ramp,SECONDARY_DYNAMIC,12,d,10,2.35619449019234,2.61799387799149,10,0,10,0,0.588877345046326,10,1
D04_torque_ramp,SECONDARY_DYNAMIC,12,d,11,2.61799387799149,2.87979326579064,10,0,10,0,0.588877345046326,10,1
D04_torque_ramp,SECONDARY_DYNAMIC,12,d,12,2.87979326579064,3.14159265358979,10,2,8,0.2,0.588877345046326,10,1
D04_torque_ramp,SECONDARY_DYNAMIC,12,d,13,3.14159265358979,3.40339204138894,10,0,10,0,0.588877345046326,10,1
D04_torque_ramp,SECONDARY_DYNAMIC,12,d,14,3.40339204138894,3.66519142918809,12,0,12,0,0.588877345046326,10,1
D04_torque_ramp,SECONDARY_DYNAMIC,12,d,15,3.66519142918809,3.92699081698724,10,0,10,0,0.588877345046326,10,1
D04_torque_ramp,SECONDARY_DYNAMIC,12,d,16,3.92699081698724,4.18879020478639,10,0,10,0,0.588877345046326,10,1
D04_torque_ramp,SECONDARY_DYNAMIC,12,d,17,4.18879020478639,4.45058959258554,10,0,10,0,0.588877345046326,10,1
D04_torque_ramp,SECONDARY_DYNAMIC,12,d,18,4.45058959258554,4.71238898038469,10,0,10,0,0.588877345046326,10,1
D04_torque_ramp,SECONDARY_DYNAMIC,12,d,19,4.71238898038469,4.97418836818384,12,0,12,0,0.588877345046326,10,1
D04_torque_ramp,SECONDARY_DYNAMIC,12,d,20,4.97418836818384,5.23598775598299,10,0,10,0,0.588877345046326,10,1
D04_torque_ramp,SECONDARY_DYNAMIC,12,d,21,5.23598775598299,5.49778714378214,10,0,10,0,0.588877345046326,10,1
D04_torque_ramp,SECONDARY_DYNAMIC,12,d,22,5.49778714378214,5.75958653158129,10,0,10,0,0.588877345046326,10,1
D04_torque_ramp,SECONDARY_DYNAMIC,12,d,23,5.75958653158129,6.02138591938044,12,0,12,0,0.588877345046326,10,1
D04_torque_ramp,SECONDARY_DYNAMIC,12,d,24,6.02138591938044,6.28318530717959,10,2,8,0.2,0.588877345046326,10,1
P01_Ld_minus10,ENGINEERING_PRIMARY,6,d,1,0,0.261799387799149,13,0,13,0,0.425737031485982,18,1
P01_Ld_minus10,ENGINEERING_PRIMARY,6,d,2,0.261799387799149,0.523598775598299,13,0,13,0,0.425737031485982,18,1
P01_Ld_minus10,ENGINEERING_PRIMARY,6,d,3,0.523598775598299,0.785398163397448,15,3,12,0.2,0.425737031485982,18,1
P01_Ld_minus10,ENGINEERING_PRIMARY,6,d,4,0.785398163397448,1.0471975511966,14,0,14,0,0.425737031485982,18,1
P01_Ld_minus10,ENGINEERING_PRIMARY,6,d,5,1.0471975511966,1.30899693899575,15,0,15,0,0.425737031485982,18,1
P01_Ld_minus10,ENGINEERING_PRIMARY,6,d,6,1.30899693899575,1.5707963267949,13,0,13,0,0.425737031485982,18,1
P01_Ld_minus10,ENGINEERING_PRIMARY,6,d,7,1.5707963267949,1.83259571459405,13,0,13,0,0.425737031485982,18,1
P01_Ld_minus10,ENGINEERING_PRIMARY,6,d,8,1.83259571459405,2.0943951023932,14,0,14,0,0.425737031485982,18,1
P01_Ld_minus10,ENGINEERING_PRIMARY,6,d,9,2.0943951023932,2.35619449019234,14,0,14,0,0.425737031485982,18,1
P01_Ld_minus10,ENGINEERING_PRIMARY,6,d,10,2.35619449019234,2.61799387799149,15,0,15,0,0.425737031485982,18,1
P01_Ld_minus10,ENGINEERING_PRIMARY,6,d,11,2.61799387799149,2.87979326579064,13,0,13,0,0.425737031485982,18,1
P01_Ld_minus10,ENGINEERING_PRIMARY,6,d,12,2.87979326579064,3.14159265358979,15,0,15,0,0.425737031485982,18,1
P01_Ld_minus10,ENGINEERING_PRIMARY,6,d,13,3.14159265358979,3.40339204138894,13,0,13,0,0.425737031485982,18,1
P01_Ld_minus10,ENGINEERING_PRIMARY,6,d,14,3.40339204138894,3.66519142918809,13,2,11,0.153846153846154,0.425737031485982,18,1
P01_Ld_minus10,ENGINEERING_PRIMARY,6,d,15,3.66519142918809,3.92699081698724,15,9,6,0.6,0.425737031485982,18,1
P01_Ld_minus10,ENGINEERING_PRIMARY,6,d,16,3.92699081698724,4.18879020478639,13,0,13,0,0.425737031485982,18,1
P01_Ld_minus10,ENGINEERING_PRIMARY,6,d,17,4.18879020478639,4.45058959258554,15,0,15,0,0.425737031485982,18,1
P01_Ld_minus10,ENGINEERING_PRIMARY,6,d,18,4.45058959258554,4.71238898038469,14,0,14,0,0.425737031485982,18,1
P01_Ld_minus10,ENGINEERING_PRIMARY,6,d,19,4.71238898038469,4.97418836818384,13,0,13,0,0.425737031485982,18,1
P01_Ld_minus10,ENGINEERING_PRIMARY,6,d,20,4.97418836818384,5.23598775598299,14,0,14,0,0.425737031485982,18,1
P01_Ld_minus10,ENGINEERING_PRIMARY,6,d,21,5.23598775598299,5.49778714378214,14,0,14,0,0.425737031485982,18,1
P01_Ld_minus10,ENGINEERING_PRIMARY,6,d,22,5.49778714378214,5.75958653158129,15,4,11,0.266666666666667,0.425737031485982,18,1
P01_Ld_minus10,ENGINEERING_PRIMARY,6,d,23,5.75958653158129,6.02138591938044,14,0,14,0,0.425737031485982,18,1
P01_Ld_minus10,ENGINEERING_PRIMARY,6,d,24,6.02138591938044,6.28318530717959,14,0,14,0,0.425737031485982,18,1
P01_Ld_minus10,ENGINEERING_PRIMARY,12,d,1,0,0.261799387799149,14,0,14,0,0.581011360847043,18,1
P01_Ld_minus10,ENGINEERING_PRIMARY,12,d,2,0.261799387799149,0.523598775598299,12,0,12,0,0.581011360847043,18,1
P01_Ld_minus10,ENGINEERING_PRIMARY,12,d,3,0.523598775598299,0.785398163397448,15,0,15,0,0.581011360847043,18,1
P01_Ld_minus10,ENGINEERING_PRIMARY,12,d,4,0.785398163397448,1.0471975511966,12,3,9,0.25,0.581011360847043,18,1
P01_Ld_minus10,ENGINEERING_PRIMARY,12,d,5,1.0471975511966,1.30899693899575,17,8,9,0.470588235294118,0.581011360847043,18,1
P01_Ld_minus10,ENGINEERING_PRIMARY,12,d,6,1.30899693899575,1.5707963267949,13,3,10,0.230769230769231,0.581011360847043,18,1
P01_Ld_minus10,ENGINEERING_PRIMARY,12,d,7,1.5707963267949,1.83259571459405,13,0,13,0,0.581011360847043,18,1
P01_Ld_minus10,ENGINEERING_PRIMARY,12,d,8,1.83259571459405,2.0943951023932,14,0,14,0,0.581011360847043,18,1
P01_Ld_minus10,ENGINEERING_PRIMARY,12,d,9,2.0943951023932,2.35619449019234,12,0,12,0,0.581011360847043,18,1
P01_Ld_minus10,ENGINEERING_PRIMARY,12,d,10,2.35619449019234,2.61799387799149,18,0,18,0,0.581011360847043,18,1
P01_Ld_minus10,ENGINEERING_PRIMARY,12,d,11,2.61799387799149,2.87979326579064,12,0,12,0,0.581011360847043,18,1
P01_Ld_minus10,ENGINEERING_PRIMARY,12,d,12,2.87979326579064,3.14159265358979,14,0,14,0,0.581011360847043,18,1
P01_Ld_minus10,ENGINEERING_PRIMARY,12,d,13,3.14159265358979,3.40339204138894,13,0,13,0,0.581011360847043,18,1
P01_Ld_minus10,ENGINEERING_PRIMARY,12,d,14,3.40339204138894,3.66519142918809,15,0,15,0,0.581011360847043,18,1
P01_Ld_minus10,ENGINEERING_PRIMARY,12,d,15,3.66519142918809,3.92699081698724,15,0,15,0,0.581011360847043,18,1
P01_Ld_minus10,ENGINEERING_PRIMARY,12,d,16,3.92699081698724,4.18879020478639,12,0,12,0,0.581011360847043,18,1
P01_Ld_minus10,ENGINEERING_PRIMARY,12,d,17,4.18879020478639,4.45058959258554,15,0,15,0,0.581011360847043,18,1
P01_Ld_minus10,ENGINEERING_PRIMARY,12,d,18,4.45058959258554,4.71238898038469,13,0,13,0,0.581011360847043,18,1
P01_Ld_minus10,ENGINEERING_PRIMARY,12,d,19,4.71238898038469,4.97418836818384,15,4,11,0.266666666666667,0.581011360847043,18,1
P01_Ld_minus10,ENGINEERING_PRIMARY,12,d,20,4.97418836818384,5.23598775598299,15,0,15,0,0.581011360847043,18,1
P01_Ld_minus10,ENGINEERING_PRIMARY,12,d,21,5.23598775598299,5.49778714378214,12,0,12,0,0.581011360847043,18,1
P01_Ld_minus10,ENGINEERING_PRIMARY,12,d,22,5.49778714378214,5.75958653158129,15,0,15,0,0.581011360847043,18,1
P01_Ld_minus10,ENGINEERING_PRIMARY,12,d,23,5.75958653158129,6.02138591938044,12,0,12,0,0.581011360847043,18,1
P01_Ld_minus10,ENGINEERING_PRIMARY,12,d,24,6.02138591938044,6.28318530717959,16,0,16,0,0.581011360847043,18,1
P02_Ld_plus10,ENGINEERING_PRIMARY,6,d,1,0,0.261799387799149,14,0,14,0,1,1,1
P02_Ld_plus10,ENGINEERING_PRIMARY,6,d,2,0.261799387799149,0.523598775598299,15,0,15,0,1,1,1
P02_Ld_plus10,ENGINEERING_PRIMARY,6,d,3,0.523598775598299,0.785398163397448,13,0,13,0,1,1,1
P02_Ld_plus10,ENGINEERING_PRIMARY,6,d,4,0.785398163397448,1.0471975511966,14,0,14,0,1,1,1
P02_Ld_plus10,ENGINEERING_PRIMARY,6,d,5,1.0471975511966,1.30899693899575,13,0,13,0,1,1,1
P02_Ld_plus10,ENGINEERING_PRIMARY,6,d,6,1.30899693899575,1.5707963267949,14,0,14,0,1,1,1
P02_Ld_plus10,ENGINEERING_PRIMARY,6,d,7,1.5707963267949,1.83259571459405,15,0,15,0,1,1,1
P02_Ld_plus10,ENGINEERING_PRIMARY,6,d,8,1.83259571459405,2.0943951023932,13,0,13,0,1,1,1
P02_Ld_plus10,ENGINEERING_PRIMARY,6,d,9,2.0943951023932,2.35619449019234,15,0,15,0,1,1,1
P02_Ld_plus10,ENGINEERING_PRIMARY,6,d,10,2.35619449019234,2.61799387799149,13,0,13,0,1,1,1
P02_Ld_plus10,ENGINEERING_PRIMARY,6,d,11,2.61799387799149,2.87979326579064,14,0,14,0,1,1,1
P02_Ld_plus10,ENGINEERING_PRIMARY,6,d,12,2.87979326579064,3.14159265358979,14,0,14,0,1,1,1
P02_Ld_plus10,ENGINEERING_PRIMARY,6,d,13,3.14159265358979,3.40339204138894,13,0,13,0,1,1,1
P02_Ld_plus10,ENGINEERING_PRIMARY,6,d,14,3.40339204138894,3.66519142918809,15,0,15,0,1,1,1
P02_Ld_plus10,ENGINEERING_PRIMARY,6,d,15,3.66519142918809,3.92699081698724,14,0,14,0,1,1,1
P02_Ld_plus10,ENGINEERING_PRIMARY,6,d,16,3.92699081698724,4.18879020478639,14,0,14,0,1,1,1
P02_Ld_plus10,ENGINEERING_PRIMARY,6,d,17,4.18879020478639,4.45058959258554,14,0,14,0,1,1,1
P02_Ld_plus10,ENGINEERING_PRIMARY,6,d,18,4.45058959258554,4.71238898038469,13,0,13,0,1,1,1
P02_Ld_plus10,ENGINEERING_PRIMARY,6,d,19,4.71238898038469,4.97418836818384,15,1,14,0.0666666666666667,1,1,1
P02_Ld_plus10,ENGINEERING_PRIMARY,6,d,20,4.97418836818384,5.23598775598299,14,0,14,0,1,1,1
P02_Ld_plus10,ENGINEERING_PRIMARY,6,d,21,5.23598775598299,5.49778714378214,14,0,14,0,1,1,1
P02_Ld_plus10,ENGINEERING_PRIMARY,6,d,22,5.49778714378214,5.75958653158129,13,0,13,0,1,1,1
P02_Ld_plus10,ENGINEERING_PRIMARY,6,d,23,5.75958653158129,6.02138591938044,15,0,15,0,1,1,1
P02_Ld_plus10,ENGINEERING_PRIMARY,6,d,24,6.02138591938044,6.28318530717959,13,0,13,0,1,1,1
P02_Ld_plus10,ENGINEERING_PRIMARY,12,d,1,0,0.261799387799149,15,0,15,0,1,1,1
P02_Ld_plus10,ENGINEERING_PRIMARY,12,d,2,0.261799387799149,0.523598775598299,12,0,12,0,1,1,1
P02_Ld_plus10,ENGINEERING_PRIMARY,12,d,3,0.523598775598299,0.785398163397448,14,0,14,0,1,1,1
P02_Ld_plus10,ENGINEERING_PRIMARY,12,d,4,0.785398163397448,1.0471975511966,16,0,16,0,1,1,1
P02_Ld_plus10,ENGINEERING_PRIMARY,12,d,5,1.0471975511966,1.30899693899575,12,0,12,0,1,1,1
P02_Ld_plus10,ENGINEERING_PRIMARY,12,d,6,1.30899693899575,1.5707963267949,15,0,15,0,1,1,1
P02_Ld_plus10,ENGINEERING_PRIMARY,12,d,7,1.5707963267949,1.83259571459405,13,0,13,0,1,1,1
P02_Ld_plus10,ENGINEERING_PRIMARY,12,d,8,1.83259571459405,2.0943951023932,14,0,14,0,1,1,1
P02_Ld_plus10,ENGINEERING_PRIMARY,12,d,9,2.0943951023932,2.35619449019234,16,0,16,0,1,1,1
P02_Ld_plus10,ENGINEERING_PRIMARY,12,d,10,2.35619449019234,2.61799387799149,12,0,12,0,1,1,1
P02_Ld_plus10,ENGINEERING_PRIMARY,12,d,11,2.61799387799149,2.87979326579064,15,0,15,0,1,1,1
P02_Ld_plus10,ENGINEERING_PRIMARY,12,d,12,2.87979326579064,3.14159265358979,12,1,11,0.0833333333333333,1,1,1
P02_Ld_plus10,ENGINEERING_PRIMARY,12,d,13,3.14159265358979,3.40339204138894,15,0,15,0,1,1,1
P02_Ld_plus10,ENGINEERING_PRIMARY,12,d,14,3.40339204138894,3.66519142918809,15,0,15,0,1,1,1
P02_Ld_plus10,ENGINEERING_PRIMARY,12,d,15,3.66519142918809,3.92699081698724,13,0,13,0,1,1,1
P02_Ld_plus10,ENGINEERING_PRIMARY,12,d,16,3.92699081698724,4.18879020478639,14,0,14,0,1,1,1
P02_Ld_plus10,ENGINEERING_PRIMARY,12,d,17,4.18879020478639,4.45058959258554,12,0,12,0,1,1,1
P02_Ld_plus10,ENGINEERING_PRIMARY,12,d,18,4.45058959258554,4.71238898038469,18,0,18,0,1,1,1
P02_Ld_plus10,ENGINEERING_PRIMARY,12,d,19,4.71238898038469,4.97418836818384,12,0,12,0,1,1,1
P02_Ld_plus10,ENGINEERING_PRIMARY,12,d,20,4.97418836818384,5.23598775598299,14,0,14,0,1,1,1
P02_Ld_plus10,ENGINEERING_PRIMARY,12,d,21,5.23598775598299,5.49778714378214,13,0,13,0,1,1,1
P02_Ld_plus10,ENGINEERING_PRIMARY,12,d,22,5.49778714378214,5.75958653158129,13,0,13,0,1,1,1
P02_Ld_plus10,ENGINEERING_PRIMARY,12,d,23,5.75958653158129,6.02138591938044,17,0,17,0,1,1,1
P02_Ld_plus10,ENGINEERING_PRIMARY,12,d,24,6.02138591938044,6.28318530717959,12,0,12,0,1,1,1
P03_Lq_minus10,ENGINEERING_PRIMARY,6,q,1,0,0.261799387799149,14,0,14,0,0.371178268068368,21,1
P03_Lq_minus10,ENGINEERING_PRIMARY,6,q,2,0.261799387799149,0.523598775598299,13,0,13,0,0.371178268068368,21,1
P03_Lq_minus10,ENGINEERING_PRIMARY,6,q,3,0.523598775598299,0.785398163397448,15,0,15,0,0.371178268068368,21,1
P03_Lq_minus10,ENGINEERING_PRIMARY,6,q,4,0.785398163397448,1.0471975511966,14,0,14,0,0.371178268068368,21,1
P03_Lq_minus10,ENGINEERING_PRIMARY,6,q,5,1.0471975511966,1.30899693899575,14,0,14,0,0.371178268068368,21,1
P03_Lq_minus10,ENGINEERING_PRIMARY,6,q,6,1.30899693899575,1.5707963267949,13,1,12,0.0769230769230769,0.371178268068368,21,1
P03_Lq_minus10,ENGINEERING_PRIMARY,6,q,7,1.5707963267949,1.83259571459405,13,0,13,0,0.371178268068368,21,1
P03_Lq_minus10,ENGINEERING_PRIMARY,6,q,8,1.83259571459405,2.0943951023932,15,0,15,0,0.371178268068368,21,1
P03_Lq_minus10,ENGINEERING_PRIMARY,6,q,9,2.0943951023932,2.35619449019234,14,0,14,0,0.371178268068368,21,1
P03_Lq_minus10,ENGINEERING_PRIMARY,6,q,10,2.35619449019234,2.61799387799149,15,0,15,0,0.371178268068368,21,1
P03_Lq_minus10,ENGINEERING_PRIMARY,6,q,11,2.61799387799149,2.87979326579064,13,0,13,0,0.371178268068368,21,1
P03_Lq_minus10,ENGINEERING_PRIMARY,6,q,12,2.87979326579064,3.14159265358979,13,3,10,0.230769230769231,0.371178268068368,21,1
P03_Lq_minus10,ENGINEERING_PRIMARY,6,q,13,3.14159265358979,3.40339204138894,14,0,14,0,0.371178268068368,21,1
P03_Lq_minus10,ENGINEERING_PRIMARY,6,q,14,3.40339204138894,3.66519142918809,14,0,14,0,0.371178268068368,21,1
P03_Lq_minus10,ENGINEERING_PRIMARY,6,q,15,3.66519142918809,3.92699081698724,15,1,14,0.0666666666666667,0.371178268068368,21,1
P03_Lq_minus10,ENGINEERING_PRIMARY,6,q,16,3.92699081698724,4.18879020478639,13,4,9,0.307692307692308,0.371178268068368,21,1
P03_Lq_minus10,ENGINEERING_PRIMARY,6,q,17,4.18879020478639,4.45058959258554,15,0,15,0,0.371178268068368,21,1
P03_Lq_minus10,ENGINEERING_PRIMARY,6,q,18,4.45058959258554,4.71238898038469,13,0,13,0,0.371178268068368,21,1
P03_Lq_minus10,ENGINEERING_PRIMARY,6,q,19,4.71238898038469,4.97418836818384,13,0,13,0,0.371178268068368,21,1
P03_Lq_minus10,ENGINEERING_PRIMARY,6,q,20,4.97418836818384,5.23598775598299,15,0,15,0,0.371178268068368,21,1
P03_Lq_minus10,ENGINEERING_PRIMARY,6,q,21,5.23598775598299,5.49778714378214,13,0,13,0,0.371178268068368,21,1
P03_Lq_minus10,ENGINEERING_PRIMARY,6,q,22,5.49778714378214,5.75958653158129,15,0,15,0,0.371178268068368,21,1
P03_Lq_minus10,ENGINEERING_PRIMARY,6,q,23,5.75958653158129,6.02138591938044,14,10,4,0.714285714285714,0.371178268068368,21,1
P03_Lq_minus10,ENGINEERING_PRIMARY,6,q,24,6.02138591938044,6.28318530717959,13,2,11,0.153846153846154,0.371178268068368,21,1
P03_Lq_minus10,ENGINEERING_PRIMARY,12,q,1,0,0.261799387799149,15,1,14,0.0666666666666667,0.544524402928254,21,1
P03_Lq_minus10,ENGINEERING_PRIMARY,12,q,2,0.261799387799149,0.523598775598299,14,0,14,0,0.544524402928254,21,1
P03_Lq_minus10,ENGINEERING_PRIMARY,12,q,3,0.523598775598299,0.785398163397448,13,0,13,0,0.544524402928254,21,1
P03_Lq_minus10,ENGINEERING_PRIMARY,12,q,4,0.785398163397448,1.0471975511966,13,0,13,0,0.544524402928254,21,1
P03_Lq_minus10,ENGINEERING_PRIMARY,12,q,5,1.0471975511966,1.30899693899575,14,0,14,0,0.544524402928254,21,1
P03_Lq_minus10,ENGINEERING_PRIMARY,12,q,6,1.30899693899575,1.5707963267949,15,0,15,0,0.544524402928254,21,1
P03_Lq_minus10,ENGINEERING_PRIMARY,12,q,7,1.5707963267949,1.83259571459405,15,0,15,0,0.544524402928254,21,1
P03_Lq_minus10,ENGINEERING_PRIMARY,12,q,8,1.83259571459405,2.0943951023932,12,0,12,0,0.544524402928254,21,1
P03_Lq_minus10,ENGINEERING_PRIMARY,12,q,9,2.0943951023932,2.35619449019234,14,0,14,0,0.544524402928254,21,1
P03_Lq_minus10,ENGINEERING_PRIMARY,12,q,10,2.35619449019234,2.61799387799149,13,5,8,0.384615384615385,0.544524402928254,21,1
P03_Lq_minus10,ENGINEERING_PRIMARY,12,q,11,2.61799387799149,2.87979326579064,15,8,7,0.533333333333333,0.544524402928254,21,1
P03_Lq_minus10,ENGINEERING_PRIMARY,12,q,12,2.87979326579064,3.14159265358979,15,2,13,0.133333333333333,0.544524402928254,21,1
P03_Lq_minus10,ENGINEERING_PRIMARY,12,q,13,3.14159265358979,3.40339204138894,12,0,12,0,0.544524402928254,21,1
P03_Lq_minus10,ENGINEERING_PRIMARY,12,q,14,3.40339204138894,3.66519142918809,15,0,15,0,0.544524402928254,21,1
P03_Lq_minus10,ENGINEERING_PRIMARY,12,q,15,3.66519142918809,3.92699081698724,12,0,12,0,0.544524402928254,21,1
P03_Lq_minus10,ENGINEERING_PRIMARY,12,q,16,3.92699081698724,4.18879020478639,16,0,16,0,0.544524402928254,21,1
P03_Lq_minus10,ENGINEERING_PRIMARY,12,q,17,4.18879020478639,4.45058959258554,14,0,14,0,0.544524402928254,21,1
P03_Lq_minus10,ENGINEERING_PRIMARY,12,q,18,4.45058959258554,4.71238898038469,12,0,12,0,0.544524402928254,21,1
P03_Lq_minus10,ENGINEERING_PRIMARY,12,q,19,4.71238898038469,4.97418836818384,15,4,11,0.266666666666667,0.544524402928254,21,1
P03_Lq_minus10,ENGINEERING_PRIMARY,12,q,20,4.97418836818384,5.23598775598299,12,1,11,0.0833333333333333,0.544524402928254,21,1
P03_Lq_minus10,ENGINEERING_PRIMARY,12,q,21,5.23598775598299,5.49778714378214,16,0,16,0,0.544524402928254,21,1
P03_Lq_minus10,ENGINEERING_PRIMARY,12,q,22,5.49778714378214,5.75958653158129,14,0,14,0,0.544524402928254,21,1
P03_Lq_minus10,ENGINEERING_PRIMARY,12,q,23,5.75958653158129,6.02138591938044,12,0,12,0,0.544524402928254,21,1
P03_Lq_minus10,ENGINEERING_PRIMARY,12,q,24,6.02138591938044,6.28318530717959,15,0,15,0,0.544524402928254,21,1
P04_Lq_plus10,ENGINEERING_PRIMARY,6,d,1,0,0.261799387799149,15,0,15,0,0.51857695611792,8,1
P04_Lq_plus10,ENGINEERING_PRIMARY,6,d,2,0.261799387799149,0.523598775598299,13,0,13,0,0.51857695611792,8,1
P04_Lq_plus10,ENGINEERING_PRIMARY,6,d,3,0.523598775598299,0.785398163397448,14,0,14,0,0.51857695611792,8,1
P04_Lq_plus10,ENGINEERING_PRIMARY,6,d,4,0.785398163397448,1.0471975511966,14,0,14,0,0.51857695611792,8,1
P04_Lq_plus10,ENGINEERING_PRIMARY,6,d,5,1.0471975511966,1.30899693899575,13,0,13,0,0.51857695611792,8,1
P04_Lq_plus10,ENGINEERING_PRIMARY,6,d,6,1.30899693899575,1.5707963267949,15,0,15,0,0.51857695611792,8,1
P04_Lq_plus10,ENGINEERING_PRIMARY,6,d,7,1.5707963267949,1.83259571459405,13,0,13,0,0.51857695611792,8,1
P04_Lq_plus10,ENGINEERING_PRIMARY,6,d,8,1.83259571459405,2.0943951023932,14,0,14,0,0.51857695611792,8,1
P04_Lq_plus10,ENGINEERING_PRIMARY,6,d,9,2.0943951023932,2.35619449019234,15,0,15,0,0.51857695611792,8,1
P04_Lq_plus10,ENGINEERING_PRIMARY,6,d,10,2.35619449019234,2.61799387799149,13,0,13,0,0.51857695611792,8,1
P04_Lq_plus10,ENGINEERING_PRIMARY,6,d,11,2.61799387799149,2.87979326579064,14,1,13,0.0714285714285714,0.51857695611792,8,1
P04_Lq_plus10,ENGINEERING_PRIMARY,6,d,12,2.87979326579064,3.14159265358979,13,0,13,0,0.51857695611792,8,1
P04_Lq_plus10,ENGINEERING_PRIMARY,6,d,13,3.14159265358979,3.40339204138894,15,0,15,0,0.51857695611792,8,1
P04_Lq_plus10,ENGINEERING_PRIMARY,6,d,14,3.40339204138894,3.66519142918809,14,0,14,0,0.51857695611792,8,1
P04_Lq_plus10,ENGINEERING_PRIMARY,6,d,15,3.66519142918809,3.92699081698724,13,0,13,0,0.51857695611792,8,1
P04_Lq_plus10,ENGINEERING_PRIMARY,6,d,16,3.92699081698724,4.18879020478639,15,1,14,0.0666666666666667,0.51857695611792,8,1
P04_Lq_plus10,ENGINEERING_PRIMARY,6,d,17,4.18879020478639,4.45058959258554,13,0,13,0,0.51857695611792,8,1
P04_Lq_plus10,ENGINEERING_PRIMARY,6,d,18,4.45058959258554,4.71238898038469,15,2,13,0.133333333333333,0.51857695611792,8,1
P04_Lq_plus10,ENGINEERING_PRIMARY,6,d,19,4.71238898038469,4.97418836818384,14,1,13,0.0714285714285714,0.51857695611792,8,1
P04_Lq_plus10,ENGINEERING_PRIMARY,6,d,20,4.97418836818384,5.23598775598299,13,0,13,0,0.51857695611792,8,1
P04_Lq_plus10,ENGINEERING_PRIMARY,6,d,21,5.23598775598299,5.49778714378214,15,0,15,0,0.51857695611792,8,1
P04_Lq_plus10,ENGINEERING_PRIMARY,6,d,22,5.49778714378214,5.75958653158129,13,0,13,0,0.51857695611792,8,1
P04_Lq_plus10,ENGINEERING_PRIMARY,6,d,23,5.75958653158129,6.02138591938044,14,2,12,0.142857142857143,0.51857695611792,8,1
P04_Lq_plus10,ENGINEERING_PRIMARY,6,d,24,6.02138591938044,6.28318530717959,14,1,13,0.0714285714285714,0.51857695611792,8,1
P04_Lq_plus10,ENGINEERING_PRIMARY,12,q,1,0,0.261799387799149,17,0,17,0,0.0809497563638763,8,1
P04_Lq_plus10,ENGINEERING_PRIMARY,12,q,2,0.261799387799149,0.523598775598299,13,2,11,0.153846153846154,0.0809497563638763,8,1
P04_Lq_plus10,ENGINEERING_PRIMARY,12,q,3,0.523598775598299,0.785398163397448,13,0,13,0,0.0809497563638763,8,1
P04_Lq_plus10,ENGINEERING_PRIMARY,12,q,4,0.785398163397448,1.0471975511966,15,0,15,0,0.0809497563638763,8,1
P04_Lq_plus10,ENGINEERING_PRIMARY,12,q,5,1.0471975511966,1.30899693899575,12,1,11,0.0833333333333333,0.0809497563638763,8,1
P04_Lq_plus10,ENGINEERING_PRIMARY,12,q,6,1.30899693899575,1.5707963267949,17,0,17,0,0.0809497563638763,8,1
P04_Lq_plus10,ENGINEERING_PRIMARY,12,q,7,1.5707963267949,1.83259571459405,13,0,13,0,0.0809497563638763,8,1
P04_Lq_plus10,ENGINEERING_PRIMARY,12,q,8,1.83259571459405,2.0943951023932,13,0,13,0,0.0809497563638763,8,1
P04_Lq_plus10,ENGINEERING_PRIMARY,12,q,9,2.0943951023932,2.35619449019234,14,0,14,0,0.0809497563638763,8,1
P04_Lq_plus10,ENGINEERING_PRIMARY,12,q,10,2.35619449019234,2.61799387799149,12,0,12,0,0.0809497563638763,8,1
P04_Lq_plus10,ENGINEERING_PRIMARY,12,q,11,2.61799387799149,2.87979326579064,18,0,18,0,0.0809497563638763,8,1
P04_Lq_plus10,ENGINEERING_PRIMARY,12,q,12,2.87979326579064,3.14159265358979,12,1,11,0.0833333333333333,0.0809497563638763,8,1
P04_Lq_plus10,ENGINEERING_PRIMARY,12,q,13,3.14159265358979,3.40339204138894,14,2,12,0.142857142857143,0.0809497563638763,8,1
P04_Lq_plus10,ENGINEERING_PRIMARY,12,q,14,3.40339204138894,3.66519142918809,13,0,13,0,0.0809497563638763,8,1
P04_Lq_plus10,ENGINEERING_PRIMARY,12,q,15,3.66519142918809,3.92699081698724,15,1,14,0.0666666666666667,0.0809497563638763,8,1
P04_Lq_plus10,ENGINEERING_PRIMARY,12,q,16,3.92699081698724,4.18879020478639,15,0,15,0,0.0809497563638763,8,1
P04_Lq_plus10,ENGINEERING_PRIMARY,12,q,17,4.18879020478639,4.45058959258554,12,0,12,0,0.0809497563638763,8,1
P04_Lq_plus10,ENGINEERING_PRIMARY,12,q,18,4.45058959258554,4.71238898038469,15,0,15,0,0.0809497563638763,8,1
P04_Lq_plus10,ENGINEERING_PRIMARY,12,q,19,4.71238898038469,4.97418836818384,12,0,12,0,0.0809497563638763,8,1
P04_Lq_plus10,ENGINEERING_PRIMARY,12,q,20,4.97418836818384,5.23598775598299,16,0,16,0,0.0809497563638763,8,1
P04_Lq_plus10,ENGINEERING_PRIMARY,12,q,21,5.23598775598299,5.49778714378214,14,0,14,0,0.0809497563638763,8,1
P04_Lq_plus10,ENGINEERING_PRIMARY,12,q,22,5.49778714378214,5.75958653158129,12,1,11,0.0833333333333333,0.0809497563638763,8,1
P04_Lq_plus10,ENGINEERING_PRIMARY,12,q,23,5.75958653158129,6.02138591938044,15,0,15,0,0.0809497563638763,8,1
P04_Lq_plus10,ENGINEERING_PRIMARY,12,q,24,6.02138591938044,6.28318530717959,12,0,12,0,0.0809497563638763,8,1
P05_cross_mismatch,ENGINEERING_PRIMARY,6,d,1,0,0.261799387799149,10,4,6,0.4,0.379296431830814,16,1
P05_cross_mismatch,ENGINEERING_PRIMARY,6,d,2,0.261799387799149,0.523598775598299,10,0,10,0,0.379296431830814,16,1
P05_cross_mismatch,ENGINEERING_PRIMARY,6,d,3,0.523598775598299,0.785398163397448,10,2,8,0.2,0.379296431830814,16,1
P05_cross_mismatch,ENGINEERING_PRIMARY,6,d,4,0.785398163397448,1.0471975511966,10,0,10,0,0.379296431830814,16,1
P05_cross_mismatch,ENGINEERING_PRIMARY,6,d,5,1.0471975511966,1.30899693899575,12,0,12,0,0.379296431830814,16,1
P05_cross_mismatch,ENGINEERING_PRIMARY,6,d,6,1.30899693899575,1.5707963267949,10,0,10,0,0.379296431830814,16,1
P05_cross_mismatch,ENGINEERING_PRIMARY,6,d,7,1.5707963267949,1.83259571459405,10,0,10,0,0.379296431830814,16,1
P05_cross_mismatch,ENGINEERING_PRIMARY,6,d,8,1.83259571459405,2.0943951023932,10,0,10,0,0.379296431830814,16,1
P05_cross_mismatch,ENGINEERING_PRIMARY,6,d,9,2.0943951023932,2.35619449019234,10,0,10,0,0.379296431830814,16,1
P05_cross_mismatch,ENGINEERING_PRIMARY,6,d,10,2.35619449019234,2.61799387799149,12,0,12,0,0.379296431830814,16,1
P05_cross_mismatch,ENGINEERING_PRIMARY,6,d,11,2.61799387799149,2.87979326579064,10,0,10,0,0.379296431830814,16,1
P05_cross_mismatch,ENGINEERING_PRIMARY,6,d,12,2.87979326579064,3.14159265358979,10,0,10,0,0.379296431830814,16,1
P05_cross_mismatch,ENGINEERING_PRIMARY,6,d,13,3.14159265358979,3.40339204138894,10,0,10,0,0.379296431830814,16,1
P05_cross_mismatch,ENGINEERING_PRIMARY,6,d,14,3.40339204138894,3.66519142918809,12,0,12,0,0.379296431830814,16,1
P05_cross_mismatch,ENGINEERING_PRIMARY,6,d,15,3.66519142918809,3.92699081698724,10,6,4,0.6,0.379296431830814,16,1
P05_cross_mismatch,ENGINEERING_PRIMARY,6,d,16,3.92699081698724,4.18879020478639,10,0,10,0,0.379296431830814,16,1
P05_cross_mismatch,ENGINEERING_PRIMARY,6,d,17,4.18879020478639,4.45058959258554,10,0,10,0,0.379296431830814,16,1
P05_cross_mismatch,ENGINEERING_PRIMARY,6,d,18,4.45058959258554,4.71238898038469,10,0,10,0,0.379296431830814,16,1
P05_cross_mismatch,ENGINEERING_PRIMARY,6,d,19,4.71238898038469,4.97418836818384,12,4,8,0.333333333333333,0.379296431830814,16,1
P05_cross_mismatch,ENGINEERING_PRIMARY,6,d,20,4.97418836818384,5.23598775598299,10,0,10,0,0.379296431830814,16,1
P05_cross_mismatch,ENGINEERING_PRIMARY,6,d,21,5.23598775598299,5.49778714378214,10,0,10,0,0.379296431830814,16,1
P05_cross_mismatch,ENGINEERING_PRIMARY,6,d,22,5.49778714378214,5.75958653158129,10,0,10,0,0.379296431830814,16,1
P05_cross_mismatch,ENGINEERING_PRIMARY,6,d,23,5.75958653158129,6.02138591938044,10,0,10,0,0.379296431830814,16,1
P05_cross_mismatch,ENGINEERING_PRIMARY,6,d,24,6.02138591938044,6.28318530717959,12,0,12,0,0.379296431830814,16,1
P05_cross_mismatch,ENGINEERING_PRIMARY,12,q,1,0,0.261799387799149,10,0,10,0,0.5122785800213,16,1
P05_cross_mismatch,ENGINEERING_PRIMARY,12,q,2,0.261799387799149,0.523598775598299,10,0,10,0,0.5122785800213,16,1
P05_cross_mismatch,ENGINEERING_PRIMARY,12,q,3,0.523598775598299,0.785398163397448,10,0,10,0,0.5122785800213,16,1
P05_cross_mismatch,ENGINEERING_PRIMARY,12,q,4,0.785398163397448,1.0471975511966,12,4,8,0.333333333333333,0.5122785800213,16,1
P05_cross_mismatch,ENGINEERING_PRIMARY,12,q,5,1.0471975511966,1.30899693899575,10,0,10,0,0.5122785800213,16,1
P05_cross_mismatch,ENGINEERING_PRIMARY,12,q,6,1.30899693899575,1.5707963267949,10,0,10,0,0.5122785800213,16,1
P05_cross_mismatch,ENGINEERING_PRIMARY,12,q,7,1.5707963267949,1.83259571459405,10,0,10,0,0.5122785800213,16,1
P05_cross_mismatch,ENGINEERING_PRIMARY,12,q,8,1.83259571459405,2.0943951023932,12,0,12,0,0.5122785800213,16,1
P05_cross_mismatch,ENGINEERING_PRIMARY,12,q,9,2.0943951023932,2.35619449019234,10,0,10,0,0.5122785800213,16,1
P05_cross_mismatch,ENGINEERING_PRIMARY,12,q,10,2.35619449019234,2.61799387799149,10,0,10,0,0.5122785800213,16,1
P05_cross_mismatch,ENGINEERING_PRIMARY,12,q,11,2.61799387799149,2.87979326579064,10,0,10,0,0.5122785800213,16,1
P05_cross_mismatch,ENGINEERING_PRIMARY,12,q,12,2.87979326579064,3.14159265358979,10,0,10,0,0.5122785800213,16,1
P05_cross_mismatch,ENGINEERING_PRIMARY,12,q,13,3.14159265358979,3.40339204138894,12,0,12,0,0.5122785800213,16,1
P05_cross_mismatch,ENGINEERING_PRIMARY,12,q,14,3.40339204138894,3.66519142918809,10,0,10,0,0.5122785800213,16,1
P05_cross_mismatch,ENGINEERING_PRIMARY,12,q,15,3.66519142918809,3.92699081698724,10,0,10,0,0.5122785800213,16,1
P05_cross_mismatch,ENGINEERING_PRIMARY,12,q,16,3.92699081698724,4.18879020478639,10,2,8,0.2,0.5122785800213,16,1
P05_cross_mismatch,ENGINEERING_PRIMARY,12,q,17,4.18879020478639,4.45058959258554,10,2,8,0.2,0.5122785800213,16,1
P05_cross_mismatch,ENGINEERING_PRIMARY,12,q,18,4.45058959258554,4.71238898038469,12,0,12,0,0.5122785800213,16,1
P05_cross_mismatch,ENGINEERING_PRIMARY,12,q,19,4.71238898038469,4.97418836818384,10,0,10,0,0.5122785800213,16,1
P05_cross_mismatch,ENGINEERING_PRIMARY,12,q,20,4.97418836818384,5.23598775598299,10,6,4,0.6,0.5122785800213,16,1
P05_cross_mismatch,ENGINEERING_PRIMARY,12,q,21,5.23598775598299,5.49778714378214,10,2,8,0.2,0.5122785800213,16,1
P05_cross_mismatch,ENGINEERING_PRIMARY,12,q,22,5.49778714378214,5.75958653158129,10,0,10,0,0.5122785800213,16,1
P05_cross_mismatch,ENGINEERING_PRIMARY,12,q,23,5.75958653158129,6.02138591938044,12,0,12,0,0.5122785800213,16,1
P05_cross_mismatch,ENGINEERING_PRIMARY,12,q,24,6.02138591938044,6.28318530717959,10,0,10,0,0.5122785800213,16,1
P06_controller_high_L,ENGINEERING_PRIMARY,6,d,1,0,0.261799387799149,10,0,10,0,0.366741697521109,18,1
P06_controller_high_L,ENGINEERING_PRIMARY,6,d,2,0.261799387799149,0.523598775598299,12,0,12,0,0.366741697521109,18,1
P06_controller_high_L,ENGINEERING_PRIMARY,6,d,3,0.523598775598299,0.785398163397448,10,6,4,0.6,0.366741697521109,18,1
P06_controller_high_L,ENGINEERING_PRIMARY,6,d,4,0.785398163397448,1.0471975511966,10,0,10,0,0.366741697521109,18,1
P06_controller_high_L,ENGINEERING_PRIMARY,6,d,5,1.0471975511966,1.30899693899575,10,0,10,0,0.366741697521109,18,1
P06_controller_high_L,ENGINEERING_PRIMARY,6,d,6,1.30899693899575,1.5707963267949,10,0,10,0,0.366741697521109,18,1
P06_controller_high_L,ENGINEERING_PRIMARY,6,d,7,1.5707963267949,1.83259571459405,12,0,12,0,0.366741697521109,18,1
P06_controller_high_L,ENGINEERING_PRIMARY,6,d,8,1.83259571459405,2.0943951023932,10,0,10,0,0.366741697521109,18,1
P06_controller_high_L,ENGINEERING_PRIMARY,6,d,9,2.0943951023932,2.35619449019234,10,0,10,0,0.366741697521109,18,1
P06_controller_high_L,ENGINEERING_PRIMARY,6,d,10,2.35619449019234,2.61799387799149,10,0,10,0,0.366741697521109,18,1
P06_controller_high_L,ENGINEERING_PRIMARY,6,d,11,2.61799387799149,2.87979326579064,12,0,12,0,0.366741697521109,18,1
P06_controller_high_L,ENGINEERING_PRIMARY,6,d,12,2.87979326579064,3.14159265358979,10,0,10,0,0.366741697521109,18,1
P06_controller_high_L,ENGINEERING_PRIMARY,6,d,13,3.14159265358979,3.40339204138894,10,0,10,0,0.366741697521109,18,1
P06_controller_high_L,ENGINEERING_PRIMARY,6,d,14,3.40339204138894,3.66519142918809,10,0,10,0,0.366741697521109,18,1
P06_controller_high_L,ENGINEERING_PRIMARY,6,d,15,3.66519142918809,3.92699081698724,10,0,10,0,0.366741697521109,18,1
P06_controller_high_L,ENGINEERING_PRIMARY,6,d,16,3.92699081698724,4.18879020478639,12,10,2,0.833333333333333,0.366741697521109,18,1
P06_controller_high_L,ENGINEERING_PRIMARY,6,d,17,4.18879020478639,4.45058959258554,10,2,8,0.2,0.366741697521109,18,1
P06_controller_high_L,ENGINEERING_PRIMARY,6,d,18,4.45058959258554,4.71238898038469,10,0,10,0,0.366741697521109,18,1
P06_controller_high_L,ENGINEERING_PRIMARY,6,d,19,4.71238898038469,4.97418836818384,10,0,10,0,0.366741697521109,18,1
P06_controller_high_L,ENGINEERING_PRIMARY,6,d,20,4.97418836818384,5.23598775598299,10,0,10,0,0.366741697521109,18,1
P06_controller_high_L,ENGINEERING_PRIMARY,6,d,21,5.23598775598299,5.49778714378214,12,0,12,0,0.366741697521109,18,1
P06_controller_high_L,ENGINEERING_PRIMARY,6,d,22,5.49778714378214,5.75958653158129,10,0,10,0,0.366741697521109,18,1
P06_controller_high_L,ENGINEERING_PRIMARY,6,d,23,5.75958653158129,6.02138591938044,10,0,10,0,0.366741697521109,18,1
P06_controller_high_L,ENGINEERING_PRIMARY,6,d,24,6.02138591938044,6.28318530717959,10,0,10,0,0.366741697521109,18,1
P06_controller_high_L,ENGINEERING_PRIMARY,12,d,1,0,0.261799387799149,10,0,10,0,0.938796737397221,18,1
P06_controller_high_L,ENGINEERING_PRIMARY,12,d,2,0.261799387799149,0.523598775598299,10,0,10,0,0.938796737397221,18,1
P06_controller_high_L,ENGINEERING_PRIMARY,12,d,3,0.523598775598299,0.785398163397448,10,0,10,0,0.938796737397221,18,1
P06_controller_high_L,ENGINEERING_PRIMARY,12,d,4,0.785398163397448,1.0471975511966,10,0,10,0,0.938796737397221,18,1
P06_controller_high_L,ENGINEERING_PRIMARY,12,d,5,1.0471975511966,1.30899693899575,12,0,12,0,0.938796737397221,18,1
P06_controller_high_L,ENGINEERING_PRIMARY,12,d,6,1.30899693899575,1.5707963267949,10,0,10,0,0.938796737397221,18,1
P06_controller_high_L,ENGINEERING_PRIMARY,12,d,7,1.5707963267949,1.83259571459405,10,4,6,0.4,0.938796737397221,18,1
P06_controller_high_L,ENGINEERING_PRIMARY,12,d,8,1.83259571459405,2.0943951023932,10,2,8,0.2,0.938796737397221,18,1
P06_controller_high_L,ENGINEERING_PRIMARY,12,d,9,2.0943951023932,2.35619449019234,10,2,8,0.2,0.938796737397221,18,1
P06_controller_high_L,ENGINEERING_PRIMARY,12,d,10,2.35619449019234,2.61799387799149,12,6,6,0.5,0.938796737397221,18,1
P06_controller_high_L,ENGINEERING_PRIMARY,12,d,11,2.61799387799149,2.87979326579064,10,4,6,0.4,0.938796737397221,18,1
P06_controller_high_L,ENGINEERING_PRIMARY,12,d,12,2.87979326579064,3.14159265358979,10,0,10,0,0.938796737397221,18,1
P06_controller_high_L,ENGINEERING_PRIMARY,12,d,13,3.14159265358979,3.40339204138894,10,0,10,0,0.938796737397221,18,1
P06_controller_high_L,ENGINEERING_PRIMARY,12,d,14,3.40339204138894,3.66519142918809,10,0,10,0,0.938796737397221,18,1
P06_controller_high_L,ENGINEERING_PRIMARY,12,d,15,3.66519142918809,3.92699081698724,12,0,12,0,0.938796737397221,18,1
P06_controller_high_L,ENGINEERING_PRIMARY,12,d,16,3.92699081698724,4.18879020478639,10,0,10,0,0.938796737397221,18,1
P06_controller_high_L,ENGINEERING_PRIMARY,12,d,17,4.18879020478639,4.45058959258554,10,0,10,0,0.938796737397221,18,1
P06_controller_high_L,ENGINEERING_PRIMARY,12,d,18,4.45058959258554,4.71238898038469,10,0,10,0,0.938796737397221,18,1
P06_controller_high_L,ENGINEERING_PRIMARY,12,d,19,4.71238898038469,4.97418836818384,10,0,10,0,0.938796737397221,18,1
P06_controller_high_L,ENGINEERING_PRIMARY,12,d,20,4.97418836818384,5.23598775598299,12,0,12,0,0.938796737397221,18,1
P06_controller_high_L,ENGINEERING_PRIMARY,12,d,21,5.23598775598299,5.49778714378214,10,0,10,0,0.938796737397221,18,1
P06_controller_high_L,ENGINEERING_PRIMARY,12,d,22,5.49778714378214,5.75958653158129,10,0,10,0,0.938796737397221,18,1
P06_controller_high_L,ENGINEERING_PRIMARY,12,d,23,5.75958653158129,6.02138591938044,10,0,10,0,0.938796737397221,18,1
P06_controller_high_L,ENGINEERING_PRIMARY,12,d,24,6.02138591938044,6.28318530717959,12,0,12,0,0.938796737397221,18,1
P07_controller_low_L,ENGINEERING_PRIMARY,6,d,1,0,0.261799387799149,12,0,12,0,0.997158900260609,4,1
P07_controller_low_L,ENGINEERING_PRIMARY,6,d,2,0.261799387799149,0.523598775598299,10,0,10,0,0.997158900260609,4,1
P07_controller_low_L,ENGINEERING_PRIMARY,6,d,3,0.523598775598299,0.785398163397448,10,0,10,0,0.997158900260609,4,1
P07_controller_low_L,ENGINEERING_PRIMARY,6,d,4,0.785398163397448,1.0471975511966,10,0,10,0,0.997158900260609,4,1
P07_controller_low_L,ENGINEERING_PRIMARY,6,d,5,1.0471975511966,1.30899693899575,10,0,10,0,0.997158900260609,4,1
P07_controller_low_L,ENGINEERING_PRIMARY,6,d,6,1.30899693899575,1.5707963267949,12,0,12,0,0.997158900260609,4,1
P07_controller_low_L,ENGINEERING_PRIMARY,6,d,7,1.5707963267949,1.83259571459405,10,0,10,0,0.997158900260609,4,1
P07_controller_low_L,ENGINEERING_PRIMARY,6,d,8,1.83259571459405,2.0943951023932,10,0,10,0,0.997158900260609,4,1
P07_controller_low_L,ENGINEERING_PRIMARY,6,d,9,2.0943951023932,2.35619449019234,10,0,10,0,0.997158900260609,4,1
P07_controller_low_L,ENGINEERING_PRIMARY,6,d,10,2.35619449019234,2.61799387799149,10,0,10,0,0.997158900260609,4,1
P07_controller_low_L,ENGINEERING_PRIMARY,6,d,11,2.61799387799149,2.87979326579064,12,0,12,0,0.997158900260609,4,1
P07_controller_low_L,ENGINEERING_PRIMARY,6,d,12,2.87979326579064,3.14159265358979,10,0,10,0,0.997158900260609,4,1
P07_controller_low_L,ENGINEERING_PRIMARY,6,d,13,3.14159265358979,3.40339204138894,10,0,10,0,0.997158900260609,4,1
P07_controller_low_L,ENGINEERING_PRIMARY,6,d,14,3.40339204138894,3.66519142918809,10,0,10,0,0.997158900260609,4,1
P07_controller_low_L,ENGINEERING_PRIMARY,6,d,15,3.66519142918809,3.92699081698724,10,0,10,0,0.997158900260609,4,1
P07_controller_low_L,ENGINEERING_PRIMARY,6,d,16,3.92699081698724,4.18879020478639,12,0,12,0,0.997158900260609,4,1
P07_controller_low_L,ENGINEERING_PRIMARY,6,d,17,4.18879020478639,4.45058959258554,10,0,10,0,0.997158900260609,4,1
P07_controller_low_L,ENGINEERING_PRIMARY,6,d,18,4.45058959258554,4.71238898038469,10,0,10,0,0.997158900260609,4,1
P07_controller_low_L,ENGINEERING_PRIMARY,6,d,19,4.71238898038469,4.97418836818384,10,0,10,0,0.997158900260609,4,1
P07_controller_low_L,ENGINEERING_PRIMARY,6,d,20,4.97418836818384,5.23598775598299,12,0,12,0,0.997158900260609,4,1
P07_controller_low_L,ENGINEERING_PRIMARY,6,d,21,5.23598775598299,5.49778714378214,10,0,10,0,0.997158900260609,4,1
P07_controller_low_L,ENGINEERING_PRIMARY,6,d,22,5.49778714378214,5.75958653158129,10,2,8,0.2,0.997158900260609,4,1
P07_controller_low_L,ENGINEERING_PRIMARY,6,d,23,5.75958653158129,6.02138591938044,10,2,8,0.2,0.997158900260609,4,1
P07_controller_low_L,ENGINEERING_PRIMARY,6,d,24,6.02138591938044,6.28318530717959,10,0,10,0,0.997158900260609,4,1
P07_controller_low_L,ENGINEERING_PRIMARY,12,d,1,0,0.261799387799149,12,0,12,0,0.988651744737893,4,1
P07_controller_low_L,ENGINEERING_PRIMARY,12,d,2,0.261799387799149,0.523598775598299,10,0,10,0,0.988651744737893,4,1
P07_controller_low_L,ENGINEERING_PRIMARY,12,d,3,0.523598775598299,0.785398163397448,10,0,10,0,0.988651744737893,4,1
P07_controller_low_L,ENGINEERING_PRIMARY,12,d,4,0.785398163397448,1.0471975511966,10,0,10,0,0.988651744737893,4,1
P07_controller_low_L,ENGINEERING_PRIMARY,12,d,5,1.0471975511966,1.30899693899575,10,0,10,0,0.988651744737893,4,1
P07_controller_low_L,ENGINEERING_PRIMARY,12,d,6,1.30899693899575,1.5707963267949,12,0,12,0,0.988651744737893,4,1
P07_controller_low_L,ENGINEERING_PRIMARY,12,d,7,1.5707963267949,1.83259571459405,10,0,10,0,0.988651744737893,4,1
P07_controller_low_L,ENGINEERING_PRIMARY,12,d,8,1.83259571459405,2.0943951023932,10,0,10,0,0.988651744737893,4,1
P07_controller_low_L,ENGINEERING_PRIMARY,12,d,9,2.0943951023932,2.35619449019234,10,0,10,0,0.988651744737893,4,1
P07_controller_low_L,ENGINEERING_PRIMARY,12,d,10,2.35619449019234,2.61799387799149,12,0,12,0,0.988651744737893,4,1
P07_controller_low_L,ENGINEERING_PRIMARY,12,d,11,2.61799387799149,2.87979326579064,10,0,10,0,0.988651744737893,4,1
P07_controller_low_L,ENGINEERING_PRIMARY,12,d,12,2.87979326579064,3.14159265358979,10,0,10,0,0.988651744737893,4,1
P07_controller_low_L,ENGINEERING_PRIMARY,12,d,13,3.14159265358979,3.40339204138894,10,0,10,0,0.988651744737893,4,1
P07_controller_low_L,ENGINEERING_PRIMARY,12,d,14,3.40339204138894,3.66519142918809,10,0,10,0,0.988651744737893,4,1
P07_controller_low_L,ENGINEERING_PRIMARY,12,d,15,3.66519142918809,3.92699081698724,12,0,12,0,0.988651744737893,4,1
P07_controller_low_L,ENGINEERING_PRIMARY,12,d,16,3.92699081698724,4.18879020478639,10,0,10,0,0.988651744737893,4,1
P07_controller_low_L,ENGINEERING_PRIMARY,12,d,17,4.18879020478639,4.45058959258554,10,0,10,0,0.988651744737893,4,1
P07_controller_low_L,ENGINEERING_PRIMARY,12,d,18,4.45058959258554,4.71238898038469,10,0,10,0,0.988651744737893,4,1
P07_controller_low_L,ENGINEERING_PRIMARY,12,d,19,4.71238898038469,4.97418836818384,10,0,10,0,0.988651744737893,4,1
P07_controller_low_L,ENGINEERING_PRIMARY,12,d,20,4.97418836818384,5.23598775598299,12,0,12,0,0.988651744737893,4,1
P07_controller_low_L,ENGINEERING_PRIMARY,12,d,21,5.23598775598299,5.49778714378214,10,0,10,0,0.988651744737893,4,1
P07_controller_low_L,ENGINEERING_PRIMARY,12,d,22,5.49778714378214,5.75958653158129,10,2,8,0.2,0.988651744737893,4,1
P07_controller_low_L,ENGINEERING_PRIMARY,12,d,23,5.75958653158129,6.02138591938044,10,2,8,0.2,0.988651744737893,4,1
P07_controller_low_L,ENGINEERING_PRIMARY,12,d,24,6.02138591938044,6.28318530717959,10,0,10,0,0.988651744737893,4,1
P08_opposed_20pct,ENGINEERING_PRIMARY,6,d,1,0,0.261799387799149,12,0,12,0,0.564376757772393,18,1
P08_opposed_20pct,ENGINEERING_PRIMARY,6,d,2,0.261799387799149,0.523598775598299,10,0,10,0,0.564376757772393,18,1
P08_opposed_20pct,ENGINEERING_PRIMARY,6,d,3,0.523598775598299,0.785398163397448,10,0,10,0,0.564376757772393,18,1
P08_opposed_20pct,ENGINEERING_PRIMARY,6,d,4,0.785398163397448,1.0471975511966,10,0,10,0,0.564376757772393,18,1
P08_opposed_20pct,ENGINEERING_PRIMARY,6,d,5,1.0471975511966,1.30899693899575,10,0,10,0,0.564376757772393,18,1
P08_opposed_20pct,ENGINEERING_PRIMARY,6,d,6,1.30899693899575,1.5707963267949,12,0,12,0,0.564376757772393,18,1
P08_opposed_20pct,ENGINEERING_PRIMARY,6,d,7,1.5707963267949,1.83259571459405,10,8,2,0.8,0.564376757772393,18,1
P08_opposed_20pct,ENGINEERING_PRIMARY,6,d,8,1.83259571459405,2.0943951023932,10,4,6,0.4,0.564376757772393,18,1
P08_opposed_20pct,ENGINEERING_PRIMARY,6,d,9,2.0943951023932,2.35619449019234,10,0,10,0,0.564376757772393,18,1
P08_opposed_20pct,ENGINEERING_PRIMARY,6,d,10,2.35619449019234,2.61799387799149,10,0,10,0,0.564376757772393,18,1
P08_opposed_20pct,ENGINEERING_PRIMARY,6,d,11,2.61799387799149,2.87979326579064,12,0,12,0,0.564376757772393,18,1
P08_opposed_20pct,ENGINEERING_PRIMARY,6,d,12,2.87979326579064,3.14159265358979,10,0,10,0,0.564376757772393,18,1
P08_opposed_20pct,ENGINEERING_PRIMARY,6,d,13,3.14159265358979,3.40339204138894,10,0,10,0,0.564376757772393,18,1
P08_opposed_20pct,ENGINEERING_PRIMARY,6,d,14,3.40339204138894,3.66519142918809,10,4,6,0.4,0.564376757772393,18,1
P08_opposed_20pct,ENGINEERING_PRIMARY,6,d,15,3.66519142918809,3.92699081698724,10,0,10,0,0.564376757772393,18,1
P08_opposed_20pct,ENGINEERING_PRIMARY,6,d,16,3.92699081698724,4.18879020478639,12,0,12,0,0.564376757772393,18,1
P08_opposed_20pct,ENGINEERING_PRIMARY,6,d,17,4.18879020478639,4.45058959258554,9,0,9,0,0.564376757772393,18,1
P08_opposed_20pct,ENGINEERING_PRIMARY,6,d,18,4.45058959258554,4.71238898038469,10,0,10,0,0.564376757772393,18,1
P08_opposed_20pct,ENGINEERING_PRIMARY,6,d,19,4.71238898038469,4.97418836818384,10,0,10,0,0.564376757772393,18,1
P08_opposed_20pct,ENGINEERING_PRIMARY,6,d,20,4.97418836818384,5.23598775598299,12,0,12,0,0.564376757772393,18,1
P08_opposed_20pct,ENGINEERING_PRIMARY,6,d,21,5.23598775598299,5.49778714378214,10,0,10,0,0.564376757772393,18,1
P08_opposed_20pct,ENGINEERING_PRIMARY,6,d,22,5.49778714378214,5.75958653158129,10,2,8,0.2,0.564376757772393,18,1
P08_opposed_20pct,ENGINEERING_PRIMARY,6,d,23,5.75958653158129,6.02138591938044,10,0,10,0,0.564376757772393,18,1
P08_opposed_20pct,ENGINEERING_PRIMARY,6,d,24,6.02138591938044,6.28318530717959,10,0,10,0,0.564376757772393,18,1
P08_opposed_20pct,ENGINEERING_PRIMARY,12,q,1,0,0.261799387799149,10,0,10,0,0.484901358750081,18,1
P08_opposed_20pct,ENGINEERING_PRIMARY,12,q,2,0.261799387799149,0.523598775598299,9,0,9,0,0.484901358750081,18,1
P08_opposed_20pct,ENGINEERING_PRIMARY,12,q,3,0.523598775598299,0.785398163397448,12,0,12,0,0.484901358750081,18,1
P08_opposed_20pct,ENGINEERING_PRIMARY,12,q,4,0.785398163397448,1.0471975511966,10,0,10,0,0.484901358750081,18,1
P08_opposed_20pct,ENGINEERING_PRIMARY,12,q,5,1.0471975511966,1.30899693899575,10,0,10,0,0.484901358750081,18,1
P08_opposed_20pct,ENGINEERING_PRIMARY,12,q,6,1.30899693899575,1.5707963267949,10,2,8,0.2,0.484901358750081,18,1
P08_opposed_20pct,ENGINEERING_PRIMARY,12,q,7,1.5707963267949,1.83259571459405,10,6,4,0.6,0.484901358750081,18,1
P08_opposed_20pct,ENGINEERING_PRIMARY,12,q,8,1.83259571459405,2.0943951023932,12,4,8,0.333333333333333,0.484901358750081,18,1
P08_opposed_20pct,ENGINEERING_PRIMARY,12,q,9,2.0943951023932,2.35619449019234,10,0,10,0,0.484901358750081,18,1
P08_opposed_20pct,ENGINEERING_PRIMARY,12,q,10,2.35619449019234,2.61799387799149,10,0,10,0,0.484901358750081,18,1
P08_opposed_20pct,ENGINEERING_PRIMARY,12,q,11,2.61799387799149,2.87979326579064,10,0,10,0,0.484901358750081,18,1
P08_opposed_20pct,ENGINEERING_PRIMARY,12,q,12,2.87979326579064,3.14159265358979,10,2,8,0.2,0.484901358750081,18,1
P08_opposed_20pct,ENGINEERING_PRIMARY,12,q,13,3.14159265358979,3.40339204138894,12,0,12,0,0.484901358750081,18,1
P08_opposed_20pct,ENGINEERING_PRIMARY,12,q,14,3.40339204138894,3.66519142918809,10,0,10,0,0.484901358750081,18,1
P08_opposed_20pct,ENGINEERING_PRIMARY,12,q,15,3.66519142918809,3.92699081698724,10,0,10,0,0.484901358750081,18,1
P08_opposed_20pct,ENGINEERING_PRIMARY,12,q,16,3.92699081698724,4.18879020478639,10,0,10,0,0.484901358750081,18,1
P08_opposed_20pct,ENGINEERING_PRIMARY,12,q,17,4.18879020478639,4.45058959258554,10,0,10,0,0.484901358750081,18,1
P08_opposed_20pct,ENGINEERING_PRIMARY,12,q,18,4.45058959258554,4.71238898038469,12,0,12,0,0.484901358750081,18,1
P08_opposed_20pct,ENGINEERING_PRIMARY,12,q,19,4.71238898038469,4.97418836818384,10,0,10,0,0.484901358750081,18,1
P08_opposed_20pct,ENGINEERING_PRIMARY,12,q,20,4.97418836818384,5.23598775598299,10,4,6,0.4,0.484901358750081,18,1
P08_opposed_20pct,ENGINEERING_PRIMARY,12,q,21,5.23598775598299,5.49778714378214,10,0,10,0,0.484901358750081,18,1
P08_opposed_20pct,ENGINEERING_PRIMARY,12,q,22,5.49778714378214,5.75958653158129,12,0,12,0,0.484901358750081,18,1
P08_opposed_20pct,ENGINEERING_PRIMARY,12,q,23,5.75958653158129,6.02138591938044,10,0,10,0,0.484901358750081,18,1
P08_opposed_20pct,ENGINEERING_PRIMARY,12,q,24,6.02138591938044,6.28318530717959,10,0,10,0,0.484901358750081,18,1
__ALL_PRIMARY__,ENGINEERING_PRIMARY_POOLED,6,case_specific,1,0,0.261799387799149,140,4,136,0.0285714285714286,0.157148815061066,118,1
__ALL_PRIMARY__,ENGINEERING_PRIMARY_POOLED,6,case_specific,2,0.261799387799149,0.523598775598299,141,3,138,0.0212765957446809,0.157148815061066,118,1
__ALL_PRIMARY__,ENGINEERING_PRIMARY_POOLED,6,case_specific,3,0.523598775598299,0.785398163397448,136,13,123,0.0955882352941176,0.157148815061066,118,1
__ALL_PRIMARY__,ENGINEERING_PRIMARY_POOLED,6,case_specific,4,0.785398163397448,1.0471975511966,135,0,135,0,0.157148815061066,118,1
__ALL_PRIMARY__,ENGINEERING_PRIMARY_POOLED,6,case_specific,5,1.0471975511966,1.30899693899575,138,1,137,0.0072463768115942,0.157148815061066,118,1
__ALL_PRIMARY__,ENGINEERING_PRIMARY_POOLED,6,case_specific,6,1.30899693899575,1.5707963267949,139,1,138,0.00719424460431655,0.157148815061066,118,1
__ALL_PRIMARY__,ENGINEERING_PRIMARY_POOLED,6,case_specific,7,1.5707963267949,1.83259571459405,136,8,128,0.0588235294117647,0.157148815061066,118,1
__ALL_PRIMARY__,ENGINEERING_PRIMARY_POOLED,6,case_specific,8,1.83259571459405,2.0943951023932,136,4,132,0.0294117647058824,0.157148815061066,118,1
__ALL_PRIMARY__,ENGINEERING_PRIMARY_POOLED,6,case_specific,9,2.0943951023932,2.35619449019234,136,0,136,0,0.157148815061066,118,1
__ALL_PRIMARY__,ENGINEERING_PRIMARY_POOLED,6,case_specific,10,2.35619449019234,2.61799387799149,139,1,138,0.00719424460431655,0.157148815061066,118,1
__ALL_PRIMARY__,ENGINEERING_PRIMARY_POOLED,6,case_specific,11,2.61799387799149,2.87979326579064,139,1,138,0.00719424460431655,0.157148815061066,118,1
__ALL_PRIMARY__,ENGINEERING_PRIMARY_POOLED,6,case_specific,12,2.87979326579064,3.14159265358979,135,10,125,0.0740740740740741,0.157148815061066,118,1
__ALL_PRIMARY__,ENGINEERING_PRIMARY_POOLED,6,case_specific,13,3.14159265358979,3.40339204138894,136,0,136,0,0.157148815061066,118,1
__ALL_PRIMARY__,ENGINEERING_PRIMARY_POOLED,6,case_specific,14,3.40339204138894,3.66519142918809,144,6,138,0.0416666666666667,0.157148815061066,118,1
__ALL_PRIMARY__,ENGINEERING_PRIMARY_POOLED,6,case_specific,15,3.66519142918809,3.92699081698724,136,16,120,0.117647058823529,0.157148815061066,118,1
__ALL_PRIMARY__,ENGINEERING_PRIMARY_POOLED,6,case_specific,16,3.92699081698724,4.18879020478639,139,15,124,0.107913669064748,0.157148815061066,118,1
__ALL_PRIMARY__,ENGINEERING_PRIMARY_POOLED,6,case_specific,17,4.18879020478639,4.45058959258554,136,2,134,0.0147058823529412,0.157148815061066,118,1
__ALL_PRIMARY__,ENGINEERING_PRIMARY_POOLED,6,case_specific,18,4.45058959258554,4.71238898038469,137,2,135,0.0145985401459854,0.157148815061066,118,1
__ALL_PRIMARY__,ENGINEERING_PRIMARY_POOLED,6,case_specific,19,4.71238898038469,4.97418836818384,138,6,132,0.0434782608695652,0.157148815061066,118,1
__ALL_PRIMARY__,ENGINEERING_PRIMARY_POOLED,6,case_specific,20,4.97418836818384,5.23598775598299,139,0,139,0,0.157148815061066,118,1
__ALL_PRIMARY__,ENGINEERING_PRIMARY_POOLED,6,case_specific,21,5.23598775598299,5.49778714378214,136,0,136,0,0.157148815061066,118,1
__ALL_PRIMARY__,ENGINEERING_PRIMARY_POOLED,6,case_specific,22,5.49778714378214,5.75958653158129,138,8,130,0.0579710144927536,0.157148815061066,118,1
__ALL_PRIMARY__,ENGINEERING_PRIMARY_POOLED,6,case_specific,23,5.75958653158129,6.02138591938044,136,14,122,0.102941176470588,0.157148815061066,118,1
__ALL_PRIMARY__,ENGINEERING_PRIMARY_POOLED,6,case_specific,24,6.02138591938044,6.28318530717959,137,3,134,0.0218978102189781,0.157148815061066,118,1
__ALL_PRIMARY__,ENGINEERING_PRIMARY_POOLED,12,case_specific,1,0,0.261799387799149,145,1,144,0.00689655172413793,0.285524234500378,118,1
__ALL_PRIMARY__,ENGINEERING_PRIMARY_POOLED,12,case_specific,2,0.261799387799149,0.523598775598299,126,2,124,0.0158730158730159,0.285524234500378,118,1
__ALL_PRIMARY__,ENGINEERING_PRIMARY_POOLED,12,case_specific,3,0.523598775598299,0.785398163397448,137,0,137,0,0.285524234500378,118,1
__ALL_PRIMARY__,ENGINEERING_PRIMARY_POOLED,12,case_specific,4,0.785398163397448,1.0471975511966,142,8,134,0.0563380281690141,0.285524234500378,118,1
__ALL_PRIMARY__,ENGINEERING_PRIMARY_POOLED,12,case_specific,5,1.0471975511966,1.30899693899575,133,15,118,0.112781954887218,0.285524234500378,118,1
__ALL_PRIMARY__,ENGINEERING_PRIMARY_POOLED,12,case_specific,6,1.30899693899575,1.5707963267949,144,5,139,0.0347222222222222,0.285524234500378,118,1
__ALL_PRIMARY__,ENGINEERING_PRIMARY_POOLED,12,case_specific,7,1.5707963267949,1.83259571459405,130,11,119,0.0846153846153846,0.285524234500378,118,1
__ALL_PRIMARY__,ENGINEERING_PRIMARY_POOLED,12,case_specific,8,1.83259571459405,2.0943951023932,139,6,133,0.0431654676258993,0.285524234500378,118,1
__ALL_PRIMARY__,ENGINEERING_PRIMARY_POOLED,12,case_specific,9,2.0943951023932,2.35619449019234,138,2,136,0.0144927536231884,0.285524234500378,118,1
__ALL_PRIMARY__,ENGINEERING_PRIMARY_POOLED,12,case_specific,10,2.35619449019234,2.61799387799149,137,12,125,0.0875912408759124,0.285524234500378,118,1
__ALL_PRIMARY__,ENGINEERING_PRIMARY_POOLED,12,case_specific,11,2.61799387799149,2.87979326579064,140,14,126,0.1,0.285524234500378,118,1
__ALL_PRIMARY__,ENGINEERING_PRIMARY_POOLED,12,case_specific,12,2.87979326579064,3.14159265358979,129,6,123,0.0465116279069767,0.285524234500378,118,1
__ALL_PRIMARY__,ENGINEERING_PRIMARY_POOLED,12,case_specific,13,3.14159265358979,3.40339204138894,143,4,139,0.027972027972028,0.285524234500378,118,1
__ALL_PRIMARY__,ENGINEERING_PRIMARY_POOLED,12,case_specific,14,3.40339204138894,3.66519142918809,137,0,137,0,0.285524234500378,118,1
__ALL_PRIMARY__,ENGINEERING_PRIMARY_POOLED,12,case_specific,15,3.66519142918809,3.92699081698724,139,1,138,0.00719424460431655,0.285524234500378,118,1
__ALL_PRIMARY__,ENGINEERING_PRIMARY_POOLED,12,case_specific,16,3.92699081698724,4.18879020478639,135,2,133,0.0148148148148148,0.285524234500378,118,1
__ALL_PRIMARY__,ENGINEERING_PRIMARY_POOLED,12,case_specific,17,4.18879020478639,4.45058959258554,131,2,129,0.0152671755725191,0.285524234500378,118,1
__ALL_PRIMARY__,ENGINEERING_PRIMARY_POOLED,12,case_specific,18,4.45058959258554,4.71238898038469,157,1,156,0.00636942675159236,0.285524234500378,118,1
__ALL_PRIMARY__,ENGINEERING_PRIMARY_POOLED,12,case_specific,19,4.71238898038469,4.97418836818384,134,8,126,0.0597014925373134,0.285524234500378,118,1
__ALL_PRIMARY__,ENGINEERING_PRIMARY_POOLED,12,case_specific,20,4.97418836818384,5.23598775598299,142,11,131,0.0774647887323944,0.285524234500378,118,1
__ALL_PRIMARY__,ENGINEERING_PRIMARY_POOLED,12,case_specific,21,5.23598775598299,5.49778714378214,133,2,131,0.0150375939849624,0.285524234500378,118,1
__ALL_PRIMARY__,ENGINEERING_PRIMARY_POOLED,12,case_specific,22,5.49778714378214,5.75958653158129,134,3,131,0.0223880597014925,0.285524234500378,118,1
__ALL_PRIMARY__,ENGINEERING_PRIMARY_POOLED,12,case_specific,23,5.75958653158129,6.02138591938044,144,2,142,0.0138888888888889,0.285524234500378,118,1
__ALL_PRIMARY__,ENGINEERING_PRIMARY_POOLED,12,case_specific,24,6.02138591938044,6.28318530717959,133,0,133,0,0.285524234500378,118,1
