case_id,evidence_role,axis,order,cycle_count,calibration_cycle_count,validation_cycle_count,mean_speed,frequency_hz,amplitude_mean,amplitude_std,amplitude_cv,circular_mean_phase,phase_resultant_R,peak_snr_db,calibration_amplitude,validation_amplitude,validation_to_calibration_amplitude_ratio,validation_phase_shift,held_out_repeatable,snr_pass,cv_pass,phase_pass,stable_periodic_component
C05_negative_id,ENGINEERING_PRIMARY,d,6,3,1,2,300,359.999999999999,0.00861342647182126,0.000402509168669298,0.0467304353251407,-0.0379011518330934,0.998876297775219,27.1459396720462,0.00829731418520896,0.00877148261512742,1.05714721888725,0.0416058581840895,1,1,1,1,1
C05_negative_id,ENGINEERING_PRIMARY,q,6,3,1,2,300,359.999999999999,0.00762830021055639,0.00015175886494621,0.0198941914656425,-3.13393111200783,0.999314571945608,27.0504359284427,0.00751099136487429,0.00768695463339744,1.02342743587032,0.0508679694368438,1,1,1,1,1
C05_negative_id,ENGINEERING_PRIMARY,dq_positive,6,3,1,2,300,359.999999999999,0.0117643815158144,0.000474851963615154,0.0403635297764552,-0.742995717862668,0.99946637070212,27.1036682519172,0.0114810126786968,0.0119060659343732,1.03702227909434,0.030764477689626,1,1,1,1,1
C05_negative_id,ENGINEERING_PRIMARY,dq_negative,6,3,1,2,300,359.999999999999,0.0112417943641225,0.000350605165131231,0.0311876515238676,-0.707120294247476,0.998569930964171,27.1036682519172,0.0108952822732674,0.01141505040955,1.04770579809189,0.062140305241653,1,1,1,1,1
C05_negative_id,ENGINEERING_PRIMARY,d,12,3,1,2,300,719.999999999998,0.00360334563662012,0.00064262613155218,0.178341518232748,-0.719952591564837,0.982149929004927,14.0191642428339,0.00306965666466489,0.00387019012259774,1.26078924954307,0.270909479581216,1,1,1,1,1
C05_negative_id,ENGINEERING_PRIMARY,q,12,3,1,2,300,719.999999999998,0.00576231627302416,0.000777066464316837,0.134853143683663,1.86591157482945,0.999289907389974,20.8275736983192,0.0052587261049209,0.00601411135707579,1.14364415204055,0.0786692092499046,1,1,1,1,1
C05_negative_id,ENGINEERING_PRIMARY,dq_positive,12,3,1,2,300,719.999999999998,0.00500474354816753,0.00144178705453491,0.28808410274345,-2.18873134284244,0.999688598156672,17.7393421380713,0.0041270417599244,0.00544359444228909,1.31900638737147,0.0306848004233077,1,1,1,1,1
C05_negative_id,ENGINEERING_PRIMARY,dq_negative,12,3,1,2,300,719.999999999998,0.00818024648052106,0.00075774763849002,0.0926313944566807,0.084385492732315,0.995298769687337,17.7393421380713,0.00755787740591474,0.00849143101782422,1.12352060793933,0.165387616420541,1,1,1,1,1
C06_low_bus_43p2V,ENGINEERING_PRIMARY,d,6,3,1,2,300,359.999999999999,0.00777787118317501,0.000368559628224002,0.0473856688474432,-0.298982464304626,0.99945412395264,26.2940130195807,0.00811617502224084,0.00760871926364209,0.937475996117856,0.0375616193714088,1,1,1,1,1
C06_low_bus_43p2V,ENGINEERING_PRIMARY,q,6,3,1,2,300,359.999999999999,0.00724131471338695,0.000236712258571211,0.0326891273118683,2.83517590476875,0.999833458535895,28.9479826166199,0.00751445868274224,0.0071047427287093,0.945476318211197,0.0371580875982248,1,1,1,1,1
C06_low_bus_43p2V,ENGINEERING_PRIMARY,dq_positive,6,3,1,2,300,359.999999999999,0.0105889737217899,0.000490322085469813,0.0463049676344772,-1.05259371958187,0.999789321667854,27.3313695161939,0.0110218995823805,0.0103725107914947,0.94108195361134,0.0419304575689201,1,1,1,1,1
C06_low_bus_43p2V,ENGINEERING_PRIMARY,dq_negative,6,3,1,2,300,359.999999999999,0.0106648117809717,0.000377116153192412,0.0353607884449744,-0.447192379420005,0.99946490968091,27.3313695161939,0.0110993919729187,0.0104475216849982,0.941269729953583,0.0328800585165974,1,1,1,1,1
C06_low_bus_43p2V,ENGINEERING_PRIMARY,d,12,3,1,2,300,719.999999999998,0.00258424424379562,0.000328917041364939,0.127277846184477,-0.580519236986312,0.989964591062466,15.0790325849773,0.0026423343339953,0.00255519919869577,0.967023425393796,0.265908676358891,1,1,1,1,1
C06_low_bus_43p2V,ENGINEERING_PRIMARY,q,12,3,1,2,300,719.999999999998,0.00338629087654556,0.000410057337535314,0.12109335921952,1.51025858608667,0.999206516093727,17.9489039494545,0.00375789261154244,0.00320049000904713,0.851671492478725,0.0526021676410256,1,1,1,1,1
C06_low_bus_43p2V,ENGINEERING_PRIMARY,dq_positive,12,3,1,2,300,719.999999999998,0.00177310308416809,0.000582307009714121,0.328411255337322,-2.30296652274499,0.944782520709215,16.679454847568,0.00230684722030635,0.00150623101609897,0.652939216277591,0.163067221351793,1,1,0,1,0
C06_low_bus_43p2V,ENGINEERING_PRIMARY,dq_negative,12,3,1,2,300,719.999999999998,0.00576495220344395,0.000285631547017426,0.0495462125161751,0.281409900043941,0.997780198901197,16.679454847568,0.00607337065616419,0.00561074297708382,0.923826865628427,0.125773466675685,1,1,1,1,1
C09_S2_boundary,ENGINEERING_PRIMARY,d,6,5,2,3,500,599.999999999996,0.0158319699520943,8.35245014599428e-14,5.2756859514437e-12,-0.378756785261275,1,78.5680121980248,0.0158319699520771,0.0158319699521058,1.00000000000181,1.67575755489326e-11,1,1,1,1,1
C09_S2_boundary,ENGINEERING_PRIMARY,q,6,5,2,3,500,599.999999999996,0.010320920437024,4.27677874465037e-14,4.14379586660543e-12,3.03693158159671,1,75.8962386583609,0.010320920436978,0.0103209204370547,1.00000000000743,2.26348850401645e-11,1,1,1,1,1
C09_S2_boundary,ENGINEERING_PRIMARY,dq_positive,6,5,2,3,500,599.999999999996,0.0211099509498957,5.33646659310312e-14,2.5279388880482e-12,-0.868797308699967,1,77.587163688602,0.0211099509498749,0.0211099509499095,1.00000000000164,2.07292858236483e-11,1,1,1,1,1
C09_S2_boundary,ENGINEERING_PRIMARY,dq_negative,6,5,2,3,500,599.999999999996,0.0163925383438867,1.31918740496074e-13,8.04748707787963e-12,-0.272401044647357,1,77.587163688602,0.0163925383438222,0.0163925383439296,1.00000000000656,1.48303707203505e-11,1,1,1,1,1
C09_S2_boundary,ENGINEERING_PRIMARY,d,12,5,2,3,500,1199.99999999999,0.0142452002298288,1.46673708667987e-13,1.02963599178381e-11,0.649264318780743,1,83.0787585079819,0.0142452002299656,0.0142452002297375,0.999999999983988,6.62219810869607e-12,1,1,1,1,1
C09_S2_boundary,ENGINEERING_PRIMARY,q,12,5,2,3,500,1199.99999999999,0.0101528260170682,1.24804216063915e-13,1.22925593183713e-11,-2.56892818706117,1,71.6572193665566,0.0101528260171525,0.0101528260170121,0.999999999986169,5.09074972893048e-12,1,1,1,1,1
C09_S2_boundary,ENGINEERING_PRIMARY,dq_positive,12,5,2,3,500,1199.99999999999,0.016848446255063,1.60393101016503e-13,9.51975621896323e-12,0.00472511486602453,1,75.8092432689676,0.0168484462552098,0.0168484462549651,0.999999999985473,7.23389036421989e-12,1,1,1,1,1
C09_S2_boundary,ENGINEERING_PRIMARY,dq_negative,12,5,2,3,500,1199.99999999999,0.0181146645078455,2.18056712289009e-13,1.20375793984243e-11,-1.24224102267486,1,75.8092432689676,0.0181146645080186,0.0181146645077301,0.999999999984074,5.13089553970811e-12,1,1,1,1,1
D02_id_step,SECONDARY_DYNAMIC,d,6,3,1,2,300,359.999999999999,0.0112449101907793,0.000399175648780874,0.0354983403165098,-1.66932072816143,0.99993054071984,29.4080742159303,0.0111991396053856,0.0112677954834762,1.00613046006298,0.0103216267977659,1,1,1,1,0
D02_id_step,SECONDARY_DYNAMIC,q,6,3,1,2,300,359.999999999999,0.00147064393250056,0.000276010090862237,0.187679753584494,0.336881643183214,0.980250629978653,6.29880486700603,0.00115276897778921,0.00162958140985624,1.41362358048659,0.305709319664273,1,1,1,1,0
D02_id_step,SECONDARY_DYNAMIC,dq_positive,6,3,1,2,300,359.999999999999,0.00994597682973034,0.000407083677874109,0.0409294818239734,-1.72753404696374,0.999327331810183,23.0332136700468,0.0103003575316255,0.00976878647878277,0.948392951292165,0.0245471772990824,1,1,1,1,0
D02_id_step,SECONDARY_DYNAMIC,dq_negative,6,3,1,2,300,359.999999999999,0.0125793360878284,0.000628090343383356,0.0499303253365723,1.62280884903523,0.999964171801107,23.0332136700468,0.0121409160756026,0.0127985460939413,1.05416642485983,0.00628979925807719,1,1,1,1,0
D02_id_step,SECONDARY_DYNAMIC,d,12,3,1,2,300,719.999999999998,0.00339812979392081,0.000495554611479078,0.145831572521337,-2.95824817762806,0.995365619775782,15.3458170346612,0.00393899440334968,0.00312769748920638,0.794034509555691,0.0607359629291176,1,1,1,1,0
D02_id_step,SECONDARY_DYNAMIC,q,12,3,1,2,300,719.999999999998,0.00447513170932392,0.000253108024367569,0.0565587877201958,2.97672712502268,0.981736502527768,12.0106626312065,0.00476649521480387,0.00432944995658395,0.908308885559658,0.404362865431487,1,1,1,1,0
D02_id_step,SECONDARY_DYNAMIC,dq_positive,12,3,1,2,300,719.999999999998,0.00641660837518135,0.000109315688190936,0.0170363659115859,-2.25296786448296,0.992954585210073,12.9770001456081,0.00652039259928351,0.00636471626313027,0.976124698968227,0.215351348919346,1,1,1,1,0
D02_id_step,SECONDARY_DYNAMIC,dq_negative,12,3,1,2,300,719.999999999998,0.00465039551581309,0.0010635006655868,0.228690368802072,-2.15580669723936,0.983657438111191,12.9770001456081,0.00582707365973226,0.00406205644385351,0.697100582737467,0.384407469510485,1,1,1,1,0
D03_id_iq_step,SECONDARY_DYNAMIC,d,6,3,1,2,300,359.999999999999,0.00848692324989606,6.48078487656618e-05,0.00763620064155235,0.118199997693437,0.999615453482832,31.6868748913248,0.0084139750637589,0.00852339734296464,1.01300482570682,0.0257194791639843,1,1,1,1,0
D03_id_iq_step,SECONDARY_DYNAMIC,q,6,3,1,2,300,359.999999999999,0.00708637616528863,0.000171684199945055,0.0242273619041026,-2.93529848368066,0.999582718408856,30.4601524208481,0.00708523171650447,0.00708694838968071,1.00024228892504,0.0493949772602023,1,1,1,1,0
D03_id_iq_step,SECONDARY_DYNAMIC,dq_positive,6,3,1,2,300,359.999999999999,0.0115247463347545,5.6454765891022e-05,0.00489856906618193,-0.540976632992148,0.99982783131283,31.1403329386856,0.0115499879626416,0.011512125520811,0.996721863091712,0.0300633682209774,1,1,1,1,0
D03_id_iq_step,SECONDARY_DYNAMIC,dq_negative,6,3,1,2,300,359.999999999999,0.0105681811905027,0.000196459884314384,0.0185897535983709,-0.84960570920322,0.999256906343332,31.1403329386856,0.0104205924861818,0.0106419755426632,1.02124476672271,0.0419592326405363,1,1,1,1,0
D03_id_iq_step,SECONDARY_DYNAMIC,d,12,3,1,2,300,719.999999999998,0.0027291176276486,0.000239440636854546,0.0877355502851107,-0.185278105838953,0.991642463871337,17.9939059498476,0.00250149216696596,0.00284293035798992,1.13649380778916,0.153607154057983,1,1,1,1,0
D03_id_iq_step,SECONDARY_DYNAMIC,q,12,3,1,2,300,719.999999999998,0.00397320914974693,3.09475003697394e-05,0.00778904386941488,2.17282096840216,0.998032967990412,16.0137840281383,0.00395608843407187,0.00398176950758445,1.0064915317088,0.12958489275632,1,1,1,1,0
D03_id_iq_step,SECONDARY_DYNAMIC,dq_positive,12,3,1,2,300,719.999999999998,0.00281586332029899,0.000334167230706418,0.118673100465308,-1.78313859548847,0.998124094430707,16.5487800159522,0.00276812134239511,0.00283973430925093,1.0258706024765,0.0208369403348591,1,1,1,1,0
D03_id_iq_step,SECONDARY_DYNAMIC,dq_negative,12,3,1,2,300,719.999999999998,0.00620380432899686,0.000289692470616385,0.0466959393387618,-0.286707098278852,0.996176023909322,16.5487800159522,0.00601279483709159,0.00629930907494949,1.04765075902648,0.161039219132208,1,1,1,1,0
D04_torque_ramp,SECONDARY_DYNAMIC,d,6,4,2,2,400,479.999999999998,0.0136826199666283,2.87421188055782e-15,2.10062976795964e-13,-0.208716576662967,1,25.6290577824668,0.013682619966629,0.0136826199666275,0.99999999999989,5.34386893207135e-13,1,1,1,1,0
D04_torque_ramp,SECONDARY_DYNAMIC,q,6,4,2,2,400,479.999999999998,0.00959214771459316,4.90550978113214e-15,5.11408907274131e-13,-3.13155426557521,1,25.0846021772141,0.00959214771459475,0.00959214771459158,0.999999999999669,4.11808587449423e-13,1,1,1,1,0
D04_torque_ramp,SECONDARY_DYNAMIC,dq_positive,6,4,2,2,400,479.999999999998,0.0183354250824372,3.53917431595935e-15,1.93023848645287e-13,-0.744693140986245,1,25.4420145337347,0.0183354250824356,0.0183354250824387,1.00000000000017,1.11100888857245e-13,1,1,1,1,0
D04_torque_ramp,SECONDARY_DYNAMIC,dq_negative,6,4,2,2,400,479.999999999998,0.0149083520519819,1.52177175769621e-14,1.02075115505064e-12,-0.470359336668367,1,25.4420145337347,0.0149083520519873,0.0149083520519765,0.999999999999282,3.91528766779337e-13,1,1,1,1,0
D04_torque_ramp,SECONDARY_DYNAMIC,d,12,4,2,2,400,959.999999999996,0.0104009850966139,3.53597541742505e-15,3.39965434483335e-13,0.256855639141127,1,20.5470597923067,0.0104009850966149,0.010400985096613,0.999999999999815,1.13814152716005e-13,1,1,1,1,0
D04_torque_ramp,SECONDARY_DYNAMIC,q,12,4,2,2,400,959.999999999996,0.00836831908795743,4.1928825034182e-15,5.0104237892315e-13,-2.97072135422435,1,18.8231352106415,0.0083683190879589,0.00836831908795596,0.999999999999648,6.0056578582687e-13,1,1,1,1,0
D04_torque_ramp,SECONDARY_DYNAMIC,dq_positive,12,4,2,2,400,959.999999999996,0.0127773139310629,5.57151548085335e-15,4.36047475307659e-13,-0.454044482091428,1,19.7856248566057,0.0127773139310628,0.0127773139310629,1.00000000000001,3.88828457083249e-13,1,1,1,1,0
D04_torque_ramp,SECONDARY_DYNAMIC,dq_negative,12,4,2,2,400,959.999999999996,0.0138981566901076,1.03579032833446e-14,7.45271730222835e-13,-0.900222685963984,1,19.7856248566057,0.0138981566901109,0.0138981566901043,0.999999999999529,2.34343194406044e-13,1,1,1,1,0
P01_Ld_minus10,ENGINEERING_PRIMARY,d,6,3,1,2,300,359.999999999999,0.00946095523850835,0.000203424393170429,0.0215014644972046,0.635234788446364,0.999834133953776,33.6710505257534,0.00925315895103375,0.00956485338224565,1.03368519149637,0.0335767759405979,1,1,1,1,1
P01_Ld_minus10,ENGINEERING_PRIMARY,q,6,3,1,2,300,359.999999999999,0.00659194728610431,7.11575493364429e-05,0.0107946174700823,-2.86292452604832,0.999981370160789,36.4298717131026,0.00662298720720592,0.00657642732555351,0.992969957483572,0.00478942991963049,1,1,1,1,1
P01_Ld_minus10,ENGINEERING_PRIMARY,dq_positive,6,3,1,2,300,359.999999999999,0.00945705913903767,0.000121285537191679,0.01282486821839,-0.0765621792131524,0.999656871941077,34.3914597820221,0.0094295715644523,0.00947080292633036,1.00437255941018,0.0526394527632496,1,1,1,1,1
P01_Ld_minus10,ENGINEERING_PRIMARY,dq_negative,6,3,1,2,300,359.999999999999,0.0132854827033834,0.00024182926078433,0.0182025197114399,-1.11896907870613,0.999960155363588,34.3914597820221,0.0130404371226846,0.0134080054937328,1.02818681364667,0.00949789520047834,1,1,1,1,1
P01_Ld_minus10,ENGINEERING_PRIMARY,d,12,3,1,2,300,719.999999999998,0.00813220285026857,0.000319886676103607,0.0393357964617229,1.19959291388861,0.999502913308391,24.4631237667788,0.00820631520987237,0.00809514667046667,0.986453294010451,0.0668067414363759,1,1,1,1,1
P01_Ld_minus10,ENGINEERING_PRIMARY,q,12,3,1,2,300,719.999999999998,0.00357232857848867,0.000144905560684759,0.0405633349511382,-2.81828917770646,0.999895771139313,22.1074464094585,0.00355538378997246,0.00358080097274677,1.00714892801334,0.0291565515664211,1,1,1,1,1
P01_Ld_minus10,ENGINEERING_PRIMARY,dq_positive,12,3,1,2,300,719.999999999998,0.00585312614495112,0.000278196197238873,0.0475295065148807,0.798372144748014,0.999509227389127,23.9857961258222,0.00600885689397324,0.00577526077044006,0.961124698481758,0.0658981920127602,1,1,1,1,1
P01_Ld_minus10,ENGINEERING_PRIMARY,dq_negative,12,3,1,2,300,719.999999999998,0.0111140771804184,0.000423468110098402,0.0381019587343246,-1.40672244572385,0.999609379679457,23.9857961258222,0.0111293470277152,0.0111064422567701,0.997941948356171,0.0593080354833937,1,1,1,1,1
P02_Ld_plus10,ENGINEERING_PRIMARY,d,6,3,1,2,300,359.999999999999,0.0101461606797073,0.000117620138112683,0.0115925759334689,-0.578965874428248,0.998313645506043,21.2291792034944,0.0102817914744827,0.0100783452823196,0.980212962627377,0.12049086989109,1,1,1,1,1
P02_Ld_plus10,ENGINEERING_PRIMARY,q,6,3,1,2,300,359.999999999999,0.00778663952402638,2.75532843444815e-05,0.00353853344044801,-3.12754258880804,0.996886855172112,22.6670082655627,0.00781042286013325,0.00777474785597294,0.995432385057868,0.164476460565336,1,1,1,1,1
P02_Ld_plus10,ENGINEERING_PRIMARY,dq_positive,6,3,1,2,300,359.999999999999,0.0158694216821245,3.96522761723849e-05,0.00249865918031845,-0.997935378858551,0.997901735233823,21.7067849443517,0.0158912778529266,0.0158584935967234,0.997936965390282,0.134712920838433,1,1,1,1,1
P02_Ld_plus10,ENGINEERING_PRIMARY,dq_negative,6,3,1,2,300,359.999999999999,0.00867650502424017,0.0002760144259145,0.0318117058819627,-0.260558084659968,0.997616498344358,21.7067849443517,0.00899461897796441,0.00851744804737805,0.946949289152174,0.143414622861982,1,1,1,1,1
P02_Ld_plus10,ENGINEERING_PRIMARY,d,12,3,1,2,300,719.999999999998,0.00482517639252237,0.00104648740860598,0.216880653363831,-1.22263766816041,0.94794339825828,7.12049785051266,0.0054061187199151,0.00453470522882601,0.838809775323844,0.665712793684687,1,1,1,1,1
P02_Ld_plus10,ENGINEERING_PRIMARY,q,12,3,1,2,300,719.999999999998,0.00454930736323127,0.000679558374821074,0.149376228195406,2.62152446157309,0.980044048326897,12.0344927618035,0.00503736960591535,0.00430527624188923,0.85466753061629,0.341803032570563,1,1,1,1,1
P02_Ld_plus10,ENGINEERING_PRIMARY,dq_positive,12,3,1,2,300,719.999999999998,0.00851050807174761,0.00175698267246727,0.206448623002889,-1.64688696370354,0.964445221458474,8.87021768530258,0.00988379875813889,0.00782386272855197,0.791584584025383,0.50584064673831,1,1,1,1,1
P02_Ld_plus10,ENGINEERING_PRIMARY,dq_negative,12,3,1,2,300,719.999999999998,0.00388858469460284,0.000798560651244343,0.205360231025109,0.143699885304846,0.965208929678731,8.87021768530258,0.00339307330151363,0.00413634039114745,1.21905423891145,0.557368644618722,1,1,1,1,1
P03_Lq_minus10,ENGINEERING_PRIMARY,d,6,3,1,2,300,359.999999999999,0.00706611564887864,0.000298846435257848,0.0422928876497052,-0.103109904828694,0.99996210821327,30.7477508644013,0.00711419147055536,0.00704207773804028,0.989863397293487,0.0174185637478109,1,1,1,1,1
P03_Lq_minus10,ENGINEERING_PRIMARY,q,6,3,1,2,300,359.999999999999,0.00849240163615172,0.000333734748757871,0.0392980411262203,2.5649824346104,0.999929074633826,34.8074507907419,0.00845888015182029,0.00850916237831743,1.0059443124379,0.0246921613132195,1,1,1,1,1
P03_Lq_minus10,ENGINEERING_PRIMARY,dq_positive,6,3,1,2,300,359.999999999999,0.00820511623202802,0.000359642443405304,0.043831486749873,-1.27436504477782,0.999940530336378,32.6748653829754,0.00838511534735846,0.0081151166743628,0.967800243430077,0.0231091931857357,1,1,1,1,1
P03_Lq_minus10,ENGINEERING_PRIMARY,dq_negative,6,3,1,2,300,359.999999999999,0.013295113158015,0.000546545334388862,0.0411087388195246,-0.501495407145246,0.999993820088764,32.6748653829754,0.0131916105164099,0.0133468644788175,1.01176914389751,0.00134412606008426,1,1,1,1,1
P03_Lq_minus10,ENGINEERING_PRIMARY,d,12,3,1,2,300,719.999999999998,0.00425174425548613,0.000234736072638024,0.0552093584498029,0.207155780546953,0.997581306316577,17.1315729515807,0.00444520298455144,0.00415501489095347,0.934718820578844,0.029678247233384,1,1,1,1,1
P03_Lq_minus10,ENGINEERING_PRIMARY,q,12,3,1,2,300,719.999999999998,0.0070914297377351,0.000609240890614959,0.0859122790673721,2.10088550929227,0.998843387726424,17.6878292420086,0.00740259593801572,0.00693584663759479,0.936947889047414,0.0402036675879458,1,1,1,1,1
P03_Lq_minus10,ENGINEERING_PRIMARY,dq_positive,12,3,1,2,300,719.999999999998,0.00334729306069462,0.000477829286898497,0.142750956738559,-2.19509339504486,0.998510504076374,17.5345297930886,0.00350454281877988,0.003268668181652,0.932694605452132,0.0538152259490838,1,1,1,1,1
P03_Lq_minus10,ENGINEERING_PRIMARY,dq_negative,12,3,1,2,300,719.999999999998,0.0112032510423547,0.000803453692105377,0.0717161196395461,-0.409435728065492,0.998569177886842,17.5345297930886,0.011697636172412,0.010956058477326,0.936604482806964,0.0359579059733199,1,1,1,1,1
P04_Lq_plus10,ENGINEERING_PRIMARY,d,6,3,1,2,300,359.999999999999,0.01079254323259,0.000486084059801132,0.0450388800235069,0.00348169042007471,0.991435046904134,19.6034021794588,0.0113310790080928,0.0105232753448386,0.928709025620836,0.27691444813069,1,1,1,1,1
P04_Lq_plus10,ENGINEERING_PRIMARY,q,6,3,1,2,300,359.999999999999,0.00890039347872135,0.000512241397309545,0.0575526687144999,-2.45004708026225,0.994778514652571,19.765157527491,0.00937173209023113,0.00866472417296645,0.924559525340929,0.216444143858671,1,1,1,1,1
P04_Lq_plus10,ENGINEERING_PRIMARY,dq_positive,6,3,1,2,300,359.999999999999,0.0178277046460301,0.00102954905434217,0.0577499501356967,-0.392369670609502,0.992902671049245,19.6683897317741,0.0189106717625584,0.0172862210877659,0.914098732441184,0.251215056128325,1,1,1,1,1
P04_Lq_plus10,ENGINEERING_PRIMARY,dq_negative,6,3,1,2,300,359.999999999999,0.00857395816388756,0.0001250194633943,0.0145813008419923,-0.931872823022127,0.992597744749789,19.6683897317741,0.00865054456125138,0.00853566496520565,0.986719957890245,0.257741110050662,1,1,1,1,1
P04_Lq_plus10,ENGINEERING_PRIMARY,d,12,3,1,2,300,719.999999999998,0.00733900102351144,0.000240460681399864,0.0327647701137413,0.0966479693796771,0.972889726944939,12.8714752308727,0.00728428508214277,0.00736635899419577,1.01126725699605,0.494013496571784,1,1,1,1,1
P04_Lq_plus10,ENGINEERING_PRIMARY,q,12,3,1,2,300,719.999999999998,0.00847958381073791,0.000820292171198251,0.0967373151214679,-2.31101345674847,0.971701994213706,10.014185989063,0.00941769021320919,0.00801053060950227,0.850583362602728,0.49708083555145,1,1,1,1,1
P04_Lq_plus10,ENGINEERING_PRIMARY,dq_positive,12,3,1,2,300,719.999999999998,0.0144644026829315,0.000815589498036241,0.0563859784544484,-0.352951086889052,0.967946883251861,11.0353730605629,0.0152789719741611,0.0140571180373167,0.920030356825664,0.534125484689328,1,1,1,1,1
P04_Lq_plus10,ENGINEERING_PRIMARY,dq_negative,12,3,1,2,300,719.999999999998,0.00653376595651849,0.000474851553653429,0.0726765477694663,-1.40350484434681,0.989132454019381,11.0353730605629,0.00707533826983616,0.00626297979985965,0.885184504401749,0.309181578461512,1,1,1,1,1
P05_cross_mismatch,ENGINEERING_PRIMARY,d,6,4,2,2,400,479.999999999998,0.0152488781399006,3.59249492354399e-14,2.35590768749327e-12,0.534386810398182,1,26.5106488902664,0.0152488781398914,0.0152488781399097,1.0000000000012,2.71256534514761e-12,1,1,1,1,1
P05_cross_mismatch,ENGINEERING_PRIMARY,q,6,4,2,2,400,479.999999999998,0.0124097431961167,2.62763331620894e-14,2.11739540027806e-12,-2.15304434161002,1,27.9388186797334,0.012409743196108,0.0124097431961253,1.0000000000014,2.99340288325252e-12,1,1,1,1,1
P05_cross_mismatch,ENGINEERING_PRIMARY,dq_positive,6,4,2,2,400,479.999999999998,0.0235067628015477,5.46602083045083e-14,2.32529713963462e-12,0.0400972657448489,1,27.0247846838872,0.0235067628015316,0.0235067628015638,1.00000000000137,2.77214457430837e-12,1,1,1,1,1
P05_cross_mismatch,ENGINEERING_PRIMARY,dq_negative,6,4,2,2,400,479.999999999998,0.014848977204844,3.08666342759674e-14,2.07870440166735e-12,-1.38397996895016,1,27.0247846838872,0.0148489772048363,0.0148489772048518,1.00000000000105,2.95529403173762e-12,1,1,1,1,1
P05_cross_mismatch,ENGINEERING_PRIMARY,d,12,4,2,2,400,959.999999999996,0.0167360160258429,6.35562213844455e-14,3.79757173309976e-12,1.66769407868384,1,21.4974123147939,0.0167360160258203,0.0167360160258655,1.0000000000027,1.44372949700855e-12,1,1,1,1,1
P05_cross_mismatch,ENGINEERING_PRIMARY,q,12,4,2,2,400,959.999999999996,0.0170146767610826,9.24523058906314e-14,5.43367982764716e-12,-1.40679377522521,1,22.9282311722692,0.0170146767610409,0.0170146767611243,1.0000000000049,3.63232106591824e-12,1,1,1,1,1
P05_cross_mismatch,ENGINEERING_PRIMARY,dq_positive,12,4,2,2,400,959.999999999996,0.0246532356059355,1.01597584516736e-13,4.12106492391918e-12,0.908128279265759,1,22.1671569773593,0.0246532356059011,0.02465323560597,1.00000000000279,3.58280725777078e-12,1,1,1,1,1
P05_cross_mismatch,ENGINEERING_PRIMARY,dq_negative,12,4,2,2,400,959.999999999996,0.0230522209246966,1.20750682272841e-13,5.23813660589538e-12,-2.49547436211374,1,22.1671569773593,0.0230522209246391,0.0230522209247541,1.00000000000499,1.38186559034307e-12,1,1,1,1,1
P06_controller_high_L,ENGINEERING_PRIMARY,d,6,4,2,2,400,479.999999999998,0.0146606014568148,2.73029573207515e-14,1.86233541653641e-12,0.0520617041963603,1,25.3290507340085,0.0146606014568011,0.0146606014568286,1.00000000000188,4.35557466780456e-13,1,1,1,1,1
P06_controller_high_L,ENGINEERING_PRIMARY,q,6,4,2,2,400,479.999999999998,0.0127677170952945,1.92643464825047e-14,1.50883249830187e-12,1.1822330006106,1,25.4263065556748,0.0127677170952872,0.0127677170953018,1.00000000000114,1.48648762632266e-13,1,1,1,1,1
P06_controller_high_L,ENGINEERING_PRIMARY,dq_positive,6,4,2,2,400,479.999999999998,0.00627219016616523,2.35778639107717e-14,3.75911177533493e-12,1.10361794209102,1,25.3707715053005,0.00627219016615525,0.00627219016617521,1.00000000000318,9.6070806160533e-13,1,1,1,1,1
P06_controller_high_L,ENGINEERING_PRIMARY,dq_negative,6,4,2,2,400,479.999999999998,0.026768550583129,4.26372300065586e-14,1.59281055857507e-12,0.152796960325024,1,25.3707715053005,0.0267685505831092,0.0267685505831487,1.00000000000147,2.46423236611588e-13,1,1,1,1,1
P06_controller_high_L,ENGINEERING_PRIMARY,d,12,4,2,2,400,959.999999999996,0.018852520976755,5.78480899323797e-14,3.0684538160019e-12,0.658480477618807,1,19.1778593906896,0.0188525209767411,0.0188525209767689,1.00000000000147,1.38142012882331e-12,1,1,1,1,1
P06_controller_high_L,ENGINEERING_PRIMARY,q,12,4,2,2,400,959.999999999996,0.014282390529688,3.72350554039406e-14,2.60706044457629e-12,1.46111591183161,1,18.9631968058305,0.0142823905296886,0.0142823905296875,0.999999999999921,1.19686927348096e-12,1,1,1,1,1
P06_controller_high_L,ENGINEERING_PRIMARY,dq_positive,12,4,2,2,400,959.999999999996,0.013118975535742,4.58681163641065e-14,3.49631846169246e-12,1.51631984037189,1,19.0983617271201,0.0131189755357343,0.0131189755357497,1.00000000000118,3.05816226755455e-12,1,1,1,1,1
P06_controller_high_L,ENGINEERING_PRIMARY,dq_negative,12,4,2,2,400,959.999999999996,0.0307685055492726,8.4863543348096e-14,2.75813016697206e-12,-0.330085023553559,1,19.0983617271201,0.0307685055492594,0.0307685055492858,1.00000000000086,9.97048146600307e-13,1,1,1,1,1
P07_controller_low_L,ENGINEERING_PRIMARY,d,6,4,2,2,400,479.999999999998,0.0282533511725207,1.93378585622252e-14,6.84444774148891e-13,-0.515871891011411,1,20.3341036463724,0.0282533511725131,0.0282533511725283,1.00000000000054,1.73512691646249e-13,1,1,1,1,1
P07_controller_low_L,ENGINEERING_PRIMARY,q,6,4,2,2,400,479.999999999998,0.0214970934374213,1.53685999902088e-14,7.1491525284324e-13,-2.08200314838212,1,20.599723426931,0.021497093437417,0.0214970934374257,1.0000000000004,4.75089916048196e-15,1,1,1,1,1
P07_controller_low_L,ENGINEERING_PRIMARY,dq_positive,6,4,2,2,400,479.999999999998,0.0497503117669147,2.07628317777854e-14,4.17340736979929e-13,-0.513856121985895,1,20.4295419724979,0.0497503117669027,0.0497503117669266,1.00000000000048,1.00750334306748e-13,1,1,1,1,1
P07_controller_low_L,ENGINEERING_PRIMARY,dq_negative,6,4,2,2,400,479.999999999998,0.00675723586718664,2.80193169409074e-14,4.14656488120684e-12,0.530713573815583,1,20.4295419724979,0.00675723586718332,0.00675723586718996,1.00000000000098,7.02332484360679e-13,1,1,1,1,1
P07_controller_low_L,ENGINEERING_PRIMARY,d,12,4,2,2,400,959.999999999996,0.0270646991787352,2.3274783864386e-14,8.59968319273733e-13,-0.587531964073059,1,19.9246782851861,0.0270646991787398,0.0270646991787305,0.999999999999655,3.64115336400741e-14,1,1,1,1,1
P07_controller_low_L,ENGINEERING_PRIMARY,q,12,4,2,2,400,959.999999999996,0.0241550711499959,1.54637341225774e-14,6.40185823778044e-13,-1.33675857071173,1,19.400645374266,0.0241550711499937,0.0241550711499981,1.00000000000018,5.10588286774515e-13,1,1,1,1,1
P07_controller_low_L,ENGINEERING_PRIMARY,dq_positive,12,4,2,2,400,959.999999999996,0.046973051442554,2.55387313776598e-14,5.43689000253529e-13,-0.201485062878938,1,19.6845333110347,0.0469730514425535,0.0469730514425544,1.00000000000002,1.0417142066518e-13,1,1,1,1,1
P07_controller_low_L,ENGINEERING_PRIMARY,dq_negative,12,4,2,2,400,959.999999999996,0.0206267604332033,3.84973869886734e-14,1.86638067152336e-12,1.61785453524191,1,19.6845333110347,0.0206267604332115,0.0206267604331952,0.999999999999211,7.35053191119605e-13,1,1,1,1,1
P08_opposed_20pct,ENGINEERING_PRIMARY,d,6,4,2,2,400,479.999999999998,0.0219531436959701,1.53352523639451e-14,6.98544708508431e-13,-1.82036507582547,1,22.8888567827685,0.0219531436959603,0.0219531436959798,1.00000000000089,4.9914325101917e-12,1,1,1,1,1
P08_opposed_20pct,ENGINEERING_PRIMARY,q,6,4,2,2,400,479.999999999998,0.0217315930373041,2.31450309737113e-14,1.06504069600333e-12,1.59108121241123,1,23.8964748215222,0.021731593037323,0.0217315930372851,0.999999999998258,6.26782534276738e-12,1,1,1,1,1
P08_opposed_20pct,ENGINEERING_PRIMARY,dq_positive,6,4,2,2,400,479.999999999998,0.0347645050055975,1.52316555564243e-14,4.381381398634e-13,-2.466977229957,1,23.3581982741555,0.0347645050055962,0.0347645050055987,1.00000000000007,6.62629849401729e-12,1,1,1,1,1
P08_opposed_20pct,ENGINEERING_PRIMARY,dq_negative,6,4,2,2,400,479.999999999998,0.0264543852672031,2.08854995097408e-14,7.89491016282797e-13,0.906704811595644,1,23.3581982741555,0.0264543852672196,0.0264543852671866,0.999999999998755,3.89080496404735e-12,1,1,1,1,1
P08_opposed_20pct,ENGINEERING_PRIMARY,d,12,4,2,2,400,959.999999999996,0.0183559478216895,1.85891202088384e-14,1.01270282468734e-12,3.05014940854848,1,17.3358231822922,0.0183559478216817,0.0183559478216973,1.00000000000085,4.672038745723e-12,1,1,1,1,1
P08_opposed_20pct,ENGINEERING_PRIMARY,q,12,4,2,2,400,959.999999999996,0.0252229151967813,2.14289310849119e-14,8.49581855139665e-13,0.798581684116623,1,19.4093524333449,0.0252229151967681,0.0252229151967946,1.00000000000105,5.19848153838009e-12,1,1,1,1,1
P08_opposed_20pct,ENGINEERING_PRIMARY,dq_positive,12,4,2,2,400,959.999999999996,0.0411424901786714,2.55063678690564e-14,6.19951970779812e-13,2.65401283533643,1,18.5719610334922,0.0411424901786497,0.0411424901786932,1.00000000000106,4.9476560679992e-12,1,1,1,1,1
P08_opposed_20pct,ENGINEERING_PRIMARY,dq_negative,12,4,2,2,400,959.999999999996,0.015923820044548,4.87111875906809e-15,3.05901394605113e-13,1.58400878333921,1,18.5719610334922,0.0159238200445443,0.0159238200445517,1.00000000000046,5.47389199841474e-12,1,1,1,1,1
