case_id,window_id,evidence_role,order,frequency_hz,frequency_resolution_hz,order_resolution,sample_rate_hz,nyquist_frequency_hz,nyquist_order,fft_bin_frequency_hz,fft_amplitude_d,fft_amplitude_q,fft_phase_d,fft_phase_q,amplitude_d,amplitude_q,complex_amplitude,phase_d,phase_q,local_noise_floor_d,local_noise_floor_q,local_noise_floor,peak_snr_db,energy_share,leakage_fraction,aliasing_flag,validity
C01_nominal_100rpm_10A,C01_nominal_100rpm_10A__steady,ENGINEERING_PRIMARY,6,119.999999999999,NaN,NaN,10000,5000,250.000000000001,NaN,NaN,NaN,NaN,NaN,NaN,NaN,NaN,NaN,NaN,NaN,NaN,NaN,NaN,NaN,NaN,0,EXCLUDED:fewer_than_3_complete_cycles
C01_nominal_100rpm_10A,C01_nominal_100rpm_10A__steady,ENGINEERING_PRIMARY,12,239.999999999999,NaN,NaN,10000,5000,250.000000000001,NaN,NaN,NaN,NaN,NaN,NaN,NaN,NaN,NaN,NaN,NaN,NaN,NaN,NaN,NaN,NaN,0,EXCLUDED:fewer_than_3_complete_cycles
C02_light_100rpm_4A,C02_light_100rpm_4A__steady,ENGINEERING_PRIMARY,6,119.999999999999,NaN,NaN,10000,5000,250.000000000001,NaN,NaN,NaN,NaN,NaN,NaN,NaN,NaN,NaN,NaN,NaN,NaN,NaN,NaN,NaN,NaN,0,EXCLUDED:fewer_than_3_complete_cycles
C02_light_100rpm_4A,C02_light_100rpm_4A__steady,ENGINEERING_PRIMARY,12,239.999999999999,NaN,NaN,10000,5000,250.000000000001,NaN,NaN,NaN,NaN,NaN,NaN,NaN,NaN,NaN,NaN,NaN,NaN,NaN,NaN,NaN,NaN,0,EXCLUDED:fewer_than_3_complete_cycles
C03_light_200rpm_6A,C03_light_200rpm_6A__steady,ENGINEERING_PRIMARY,6,239.999999999999,NaN,NaN,10000,5000,125.000000000001,NaN,NaN,NaN,NaN,NaN,NaN,NaN,NaN,NaN,NaN,NaN,NaN,NaN,NaN,NaN,NaN,0,EXCLUDED:fewer_than_3_complete_cycles
C03_light_200rpm_6A,C03_light_200rpm_6A__steady,ENGINEERING_PRIMARY,12,479.999999999997,NaN,NaN,10000,5000,125.000000000001,NaN,NaN,NaN,NaN,NaN,NaN,NaN,NaN,NaN,NaN,NaN,NaN,NaN,NaN,NaN,NaN,0,EXCLUDED:fewer_than_3_complete_cycles
C04_high_200rpm_18A,C04_high_200rpm_18A__steady,ENGINEERING_PRIMARY,6,239.999999999999,NaN,NaN,10000,5000,125.000000000001,NaN,NaN,NaN,NaN,NaN,NaN,NaN,NaN,NaN,NaN,NaN,NaN,NaN,NaN,NaN,NaN,0,EXCLUDED:fewer_than_3_complete_cycles
C04_high_200rpm_18A,C04_high_200rpm_18A__steady,ENGINEERING_PRIMARY,12,479.999999999997,NaN,NaN,10000,5000,125.000000000001,NaN,NaN,NaN,NaN,NaN,NaN,NaN,NaN,NaN,NaN,NaN,NaN,NaN,NaN,NaN,NaN,0,EXCLUDED:fewer_than_3_complete_cycles
C05_negative_id,C05_negative_id__steady,ENGINEERING_PRIMARY,6,359.999999999999,20,0.333333333333334,10000,5000,83.3333333333335,360,0.00864346392999278,0.00765714560172511,-1.53400287701452,1.65498382390471,0.0086442078832527,0.00766077689898627,0.0115503174252888,-0.0407554169597022,-3.13490550339104,0.000379689178065961,0.000340213089134817,0.000509812532171444,27.1036682519172,0.401257390225486,0.00025670499634888,0,VALID
C05_negative_id,C05_negative_id__steady,ENGINEERING_PRIMARY,12,719.999999999998,20,0.333333333333334,10000,5000,83.3333333333335,720,0.00359096205092581,0.0058618928129975,2.54656513039189,-1.12471308531845,0.0035972581316108,0.00587018402069142,0.00688471687887171,-0.751890340503644,1.86156012347854,0.000716165491805065,0.000533670296308298,0.000893138845205032,17.7393421380713,0.142563180513074,0.00150464173266457,0,VALID
C06_low_bus_43p2V,C06_low_bus_43p2V__steady,ENGINEERING_PRIMARY,6,359.999999999999,20,0.333333333333334,10000,5000,83.3333333333335,360,0.00780626902779811,0.0072719386457962,-1.7931196295666,1.34138868818604,0.00780834499200393,0.00727499896907799,0.0106722004063941,-0.299793903317853,2.83482223052961,0.000378319164864835,0.000259677191394711,0.00045886559495638,27.3313695161939,0.431241077407638,0.000337794133626154,0,VALID
C06_low_bus_43p2V,C06_low_bus_43p2V__steady,ENGINEERING_PRIMARY,12,719.999999999998,20,0.333333333333334,10000,5000,83.3333333333335,720,0.00259495979282135,0.00343810364976205,2.72472008328197,-1.48101665988208,0.00259830455957679,0.00344509574018018,0.00431507488270194,-0.573968137738732,1.50582322912145,0.000457866032783752,0.000436270751649173,0.000632434560031049,16.679454847568,0.0704999569730567,0.00176037500733691,0,VALID
C07_known_false_safe,C07_known_false_safe__steady,ENGINEERING_PRIMARY,6,600,NaN,NaN,10000,5000,50,NaN,NaN,NaN,NaN,NaN,NaN,NaN,NaN,NaN,NaN,NaN,NaN,NaN,NaN,NaN,NaN,0,EXCLUDED:no_registered_steady_phase;early_termination
C07_known_false_safe,C07_known_false_safe__steady,ENGINEERING_PRIMARY,12,1200,NaN,NaN,10000,5000,50,NaN,NaN,NaN,NaN,NaN,NaN,NaN,NaN,NaN,NaN,NaN,NaN,NaN,NaN,NaN,NaN,0,EXCLUDED:no_registered_steady_phase;early_termination
C08_S2_nontrigger,C08_S2_nontrigger__steady,ENGINEERING_PRIMARY,6,119.999999999999,NaN,NaN,10000,5000,250.000000000001,NaN,NaN,NaN,NaN,NaN,NaN,NaN,NaN,NaN,NaN,NaN,NaN,NaN,NaN,NaN,NaN,0,EXCLUDED:fewer_than_3_complete_cycles
C08_S2_nontrigger,C08_S2_nontrigger__steady,ENGINEERING_PRIMARY,12,239.999999999999,NaN,NaN,10000,5000,250.000000000001,NaN,NaN,NaN,NaN,NaN,NaN,NaN,NaN,NaN,NaN,NaN,NaN,NaN,NaN,NaN,NaN,0,EXCLUDED:fewer_than_3_complete_cycles
C09_S2_boundary,C09_S2_boundary__steady,ENGINEERING_PRIMARY,6,599.999999999996,20,0.200000000000001,10000,5000,50.0000000000003,600,0.0160295721727469,0.0104480902201654,0.641237198425604,-2.22631717072365,0.0160259409671919,0.0104438216112009,0.0191286223688615,-0.379228435617287,3.03640866696497,1.8898308261641e-06,1.67512612628141e-06,2.52537286167224e-06,77.587163688602,0.427512827777683,0.000280880481070718,0,VALID
C09_S2_boundary,C09_S2_boundary__steady,ENGINEERING_PRIMARY,12,1199.99999999999,20,0.200000000000001,10000,5000,50.0000000000003,1200,0.0149543210547004,0.0106527249283943,2.68937513322306,-0.528863833207216,0.014950853346941,0.0106494250617747,0.0183558783485861,0.649587672793029,-2.56862079310334,1.04888543824418e-06,2.78269234629539e-06,2.97380856086797e-06,75.8092432689676,0.393669804938396,0.000258169251041946,0,VALID
D01_iq_step,D01_iq_step__steady,SECONDARY_DYNAMIC,6,360,NaN,NaN,10000,5000,83.3333333333332,NaN,NaN,NaN,NaN,NaN,NaN,NaN,NaN,NaN,NaN,NaN,NaN,NaN,NaN,NaN,NaN,0,EXCLUDED:no_registered_steady_phase;early_termination
D01_iq_step,D01_iq_step__steady,SECONDARY_DYNAMIC,12,720.000000000001,NaN,NaN,10000,5000,83.3333333333332,NaN,NaN,NaN,NaN,NaN,NaN,NaN,NaN,NaN,NaN,NaN,NaN,NaN,NaN,NaN,NaN,0,EXCLUDED:no_registered_steady_phase;early_termination
D02_id_step,D02_id_step__steady,SECONDARY_DYNAMIC,6,359.999999999999,20,0.333333333333334,10000,5000,83.3333333333335,360,0.011444942617181,0.00151350682437434,3.13121446921745,-1.21239236994453,0.0112915351180036,0.00145819567580309,0.0113853019261695,-1.6693322895807,0.313281338012097,0.000382251570824274,0.000706115203830214,0.000802941432781875,23.0332136700468,0.394132405007217,0.0139901290862646,0,VALID
D02_id_step,D02_id_step__steady,SECONDARY_DYNAMIC,12,719.999999999998,20,0.333333333333334,10000,5000,83.3333333333335,720,0.00360739226678328,0.00434248794649708,0.249267194771141,-0.0422280498317629,0.00344140032684998,0.00446987128969568,0.00564118653796246,-2.96079830793509,2.98440711168512,0.000588090743753917,0.0011214034456998,0.00126625290164186,12.9770001456081,0.0967595769381498,0.000745958730152544,0,VALID
D03_id_iq_step,D03_id_iq_step__steady,SECONDARY_DYNAMIC,6,359.999999999999,20,0.333333333333334,10000,5000,83.3333333333335,360,0.00852351712359643,0.00711572461474276,-1.37598509443237,1.85456852056862,0.00852442657142612,0.00711898626447854,0.0111061160540249,0.117268759776857,-2.93540427528642,0.000221983875671469,0.000213506221115019,0.000307996343343459,31.1403329386856,0.399355789923054,0.000251085264473983,0,VALID
D03_id_iq_step,D03_id_iq_step__steady,SECONDARY_DYNAMIC,12,719.999999999998,20,0.333333333333334,10000,5000,83.3333333333335,720,0.00275120260816534,0.00403943680220851,3.10911177110158,-0.814802218515112,0.00275305435765809,0.00404532042631188,0.00489325307415796,-0.190423970703978,2.1709813762322,0.000346832262459515,0.000640123433421634,0.000728045759755722,16.5487800159522,0.077523063376915,0.0012068834146075,0,VALID
D04_torque_ramp,D04_torque_ramp__steady,SECONDARY_DYNAMIC,6,479.999999999998,20,0.250000000000001,10000,5000,62.5000000000003,480,0.013761205501736,0.00964749916763859,-0.445472711442197,2.91557998435272,0.0137620926794111,0.00964750098719606,0.0168068280830932,-0.208930407275394,-3.13096846187712,0.000719832729091828,0.000537260266069227,0.000898224777752521,25.4420145337347,0.414614827714072,4.32855509649191e-05,0,VALID
D04_torque_ramp,D04_torque_ramp__steady,SECONDARY_DYNAMIC,12,959.999999999996,20,0.250000000000001,10000,5000,62.5000000000003,960,0.0107139821773843,0.00862547775864163,-0.213665994337595,2.84200990452677,0.0107130367840225,0.00862515068474715,0.013753631573894,0.259764066045045,-2.96784593867957,0.00100591111382067,0.000987665606471357,0.00140973065481119,19.7856248566057,0.277656654872261,6.84552210604189e-05,0,VALID
D05_torque_step,D05_torque_step__steady,SECONDARY_DYNAMIC,6,480.000000000001,NaN,NaN,10000,5000,62.4999999999998,NaN,NaN,NaN,NaN,NaN,NaN,NaN,NaN,NaN,NaN,NaN,NaN,NaN,NaN,NaN,NaN,0,EXCLUDED:no_registered_steady_phase;early_termination
D05_torque_step,D05_torque_step__steady,SECONDARY_DYNAMIC,12,960.000000000003,NaN,NaN,10000,5000,62.4999999999998,NaN,NaN,NaN,NaN,NaN,NaN,NaN,NaN,NaN,NaN,NaN,NaN,NaN,NaN,NaN,NaN,0,EXCLUDED:no_registered_steady_phase;early_termination
P01_Ld_minus10,P01_Ld_minus10__steady,ENGINEERING_PRIMARY,6,359.999999999999,20,0.333333333333334,10000,5000,83.3333333333335,360,0.00954526262907011,0.00662488763492928,-0.856641975952587,1.92673809874016,0.00955207306175703,0.0066293530497846,0.011627141593523,0.636143674777358,-2.86335658343495,0.000197945261250996,9.99948337233436e-05,0.000221768557787356,34.3914597820221,0.108796517843966,0.000700171935381794,0,VALID
P01_Ld_minus10,P01_Ld_minus10__steady,ENGINEERING_PRIMARY,12,719.999999999998,20,0.333333333333334,10000,5000,83.3333333333335,720,0.00827718922856444,0.00363179003868224,-1.78986343728821,0.480871405762757,0.00827790658291015,0.00363051364916721,0.00903904678338244,1.19672065010322,-2.81680586335497,0.000495181410649315,0.000284836573951817,0.000571258700864376,23.9857961258222,0.0657528136070776,1.59499579461317e-05,0,VALID
P02_Ld_plus10,P02_Ld_plus10__steady,ENGINEERING_PRIMARY,6,359.999999999999,20,0.333333333333334,10000,5000,83.3333333333335,360,0.0101981788314188,0.00780061843341687,-2.07688799083265,1.66161780259589,0.0101975824386483,0.00780654535170952,0.0128426180322131,-0.583667235656631,-3.12822989326436,0.00088519359884161,0.000574259877255643,0.00105515028031832,21.7067849443517,0.172186118425768,0.000243578800154784,0,VALID
P02_Ld_plus10,P02_Ld_plus10__steady,ENGINEERING_PRIMARY,12,719.999999999998,20,0.333333333333334,10000,5000,83.3333333333335,720,0.00461177101148694,0.00452263749388093,2.06126452942512,-0.363838022639964,0.00462201456466208,0.00452598308838003,0.00646896758008961,-1.2363724392286,2.62191209328806,0.00203613428688378,0.00113236982720341,0.00232982923403936,8.87021768530258,0.0436878782682448,0.00149295584483504,0,VALID
P03_Lq_minus10,P03_Lq_minus10__steady,ENGINEERING_PRIMARY,6,359.999999999999,20,0.333333333333334,10000,5000,83.3333333333335,360,0.00709975752233877,0.008522717049605,-1.59775798896919,1.07232815429442,0.00710198209530219,0.00852067348106981,0.0110923408824738,-0.104464141810051,2.56545281298619,0.00020605920970607,0.000154917822356356,0.000257798234261458,32.6748653829754,0.0955895583829581,1.31522621111726e-05,0,VALID
P03_Lq_minus10,P03_Lq_minus10__steady,ENGINEERING_PRIMARY,12,719.999999999998,20,0.333333333333334,10000,5000,83.3333333333335,720,0.00431510951078798,0.00721299868308267,-2.77847427869576,-0.88733012248995,0.00431395142636902,0.00722282746774171,0.00841305019228077,0.206806360157807,2.09860396731006,0.000600200845954082,0.000942574700731882,0.00111744714503362,17.5345297930886,0.0549883894593328,0.000932156260623697,0,VALID
P04_Lq_plus10,P04_Lq_plus10__steady,ENGINEERING_PRIMARY,6,359.999999999999,20,0.333333333333334,10000,5000,83.3333333333335,360,0.0107523303929444,0.00889972540843861,-1.49451964722768,2.33585404483227,0.0107595932021999,0.00889993706251306,0.0139634424693025,-0.00123196435118012,-2.45405392327288,0.00112622650224634,0.00091438492844655,0.00145068464241276,19.6683897317741,0.165554561895666,0.000410398695337703,0,VALID
P04_Lq_plus10,P04_Lq_plus10__steady,ENGINEERING_PRIMARY,12,719.999999999998,20,0.333333333333334,10000,5000,83.3333333333335,720,0.00726646261920768,0.00828796312436743,-2.88813039216504,0.96302080412379,0.00726547330007156,0.0082859487939666,0.0110201655926891,0.0975002128577303,-2.33397752860689,0.00165078361491902,0.00261597112310704,0.00309328166519233,11.0353730605629,0.103117504218028,0.000196622897350092,0,VALID
P05_cross_mismatch,P05_cross_mismatch__steady,ENGINEERING_PRIMARY,6,479.999999999998,20,0.250000000000001,10000,5000,62.5000000000003,480,0.0153173534063958,0.0124653496289576,0.296265387172487,-2.39013706970612,0.0153175407955986,0.0124645670635208,0.0197482274674421,0.532986053642492,-2.15359132742537,0.000723863371306962,0.000499730969589834,0.00087960742509774,27.0247846838872,0.154828635057176,1.76522902896494e-05,0,VALID
P05_cross_mismatch,P05_cross_mismatch__steady,ENGINEERING_PRIMARY,12,959.999999999996,20,0.250000000000001,10000,5000,62.5000000000003,960,0.0172007207784259,0.0175213940083534,1.19795973734333,-1.87782981957463,0.0172031543120049,0.0175209250182674,0.0245546600827297,1.6713469548026,-1.40457431085624,0.0014478963364318,0.00125067789043171,0.00191326918823969,22.1671569773593,0.239366239041819,5.58026752060967e-05,0,VALID
P06_controller_high_L,P06_controller_high_L__steady,ENGINEERING_PRIMARY,6,479.999999999998,20,0.250000000000001,10000,5000,62.5000000000003,480,0.0147963201948918,0.012876211956902,-0.181664953081757,0.947010987259272,0.0147880081023036,0.0128894091612041,0.0196168818153837,0.0566055415063383,1.18464928100023,0.000800676612602445,0.000690108985862236,0.00105703994737017,25.3707715053005,0.0326406705021418,0.000122306200814492,0,VALID
P06_controller_high_L,P06_controller_high_L__steady,ENGINEERING_PRIMARY,12,959.999999999996,20,0.250000000000001,10000,5000,62.5000000000003,960,0.0196359350274033,0.0148682494401191,0.19415035656471,0.99296732843206,0.0196343429266618,0.0148726808856819,0.0246313633177111,0.668179857944946,1.4666013206392,0.00215835760766982,0.00167582791102348,0.00273256413464561,19.0983617271201,0.05146073923628,5.70913046999677e-05,0,VALID
P07_controller_low_L,P07_controller_low_L__steady,ENGINEERING_PRIMARY,6,479.999999999998,20,0.250000000000001,10000,5000,62.5000000000003,480,0.0284092266001471,0.0216073347703917,-0.751744129044283,-2.31933728650449,0.0283932850282847,0.0215899633200957,0.0356693867463473,-0.514663252882686,-2.08371260838092,0.0027321872469296,0.00201495677078227,0.0033948340077839,20.4295419724979,0.201123222757429,0.000650544638028427,0,VALID
P07_controller_low_L,P07_controller_low_L__steady,ENGINEERING_PRIMARY,12,959.999999999996,20,0.250000000000001,10000,5000,62.5000000000003,960,0.0278380989529894,0.0248426311338293,-1.05866658284316,-1.80815251813774,0.0278235969621593,0.0248293149421176,0.0372913854449998,-0.585280970007797,-1.33519901310457,0.0028065924946136,0.00266031135727362,0.0038670683920071,19.6845333110347,0.219830511832395,0.000527904837662048,0,VALID
P08_opposed_20pct,P08_opposed_20pct__steady,ENGINEERING_PRIMARY,6,479.999999999998,20,0.250000000000001,10000,5000,62.5000000000003,480,0.0221384974926518,0.0218924797466799,-2.05468924434814,1.36045215575057,0.0221540941952401,0.0219206224191815,0.0311659682483297,-1.81753390960505,1.59757398340638,0.00158858756532003,0.00139968123548253,0.00211724302186861,23.3581982741555,0.0892414342870971,0.000990813800204973,0,VALID
P08_opposed_20pct,P08_opposed_20pct__steady,ENGINEERING_PRIMARY,12,959.999999999996,20,0.250000000000001,10000,5000,62.5000000000003,960,0.0188651665131435,0.0258539336189109,2.58056350672947,0.334452516014153,0.0188679799249027,0.0258540793425815,0.0320067818610217,3.05370994626782,0.807897040927563,0.00256409579454938,0.00276733321400749,0.00377262777927731,18.5719610334922,0.094121602723134,5.54926450015591e-05,0,VALID
B01_500rpm_20A_48V_fast,B01_500rpm_20A_48V_fast__steady,SECONDARY_STRESS,6,600,NaN,NaN,10000,5000,50,NaN,NaN,NaN,NaN,NaN,NaN,NaN,NaN,NaN,NaN,NaN,NaN,NaN,NaN,NaN,NaN,0,EXCLUDED:no_registered_steady_phase;early_termination;stress_test_secondary_only
B01_500rpm_20A_48V_fast,B01_500rpm_20A_48V_fast__steady,SECONDARY_STRESS,12,1200,NaN,NaN,10000,5000,50,NaN,NaN,NaN,NaN,NaN,NaN,NaN,NaN,NaN,NaN,NaN,NaN,NaN,NaN,NaN,NaN,0,EXCLUDED:no_registered_steady_phase;early_termination;stress_test_secondary_only
B02_500rpm_negid_48V,B02_500rpm_negid_48V__steady,SECONDARY_STRESS,6,600,NaN,NaN,10000,5000,50,NaN,NaN,NaN,NaN,NaN,NaN,NaN,NaN,NaN,NaN,NaN,NaN,NaN,NaN,NaN,NaN,0,EXCLUDED:no_registered_steady_phase;early_termination;stress_test_secondary_only
B02_500rpm_negid_48V,B02_500rpm_negid_48V__steady,SECONDARY_STRESS,12,1200,NaN,NaN,10000,5000,50,NaN,NaN,NaN,NaN,NaN,NaN,NaN,NaN,NaN,NaN,NaN,NaN,NaN,NaN,NaN,NaN,0,EXCLUDED:no_registered_steady_phase;early_termination;stress_test_secondary_only
