upstream_project,source_absolute_path,source_relative_path,file_size_bytes,modified_time,sha256,copied_to_new_project,byte_identical,destination_absolute_path,destination_relative_path,use_in_new_project
ipmsm_probe,C:\Users\catkin\Documents\baseline_zhou\zhou_icf_mpc_ipmsm_probe_iter01\FINAL_IPMSM_PROBE_REPORT.md,FINAL_IPMSM_PROBE_REPORT.md,3010,2026-07-12T21:15:20.000,784f992a37c792d02ecfbb39f82ca09092263487f3a9967d1c5ea0430093d745,1,1,C:\Users\catkin\Documents\baseline_zhou\zhou_icf_mpc_model_error_decomposition_iter01\reference\upstream_snapshots\ipmsm_probe\FINAL_IPMSM_PROBE_REPORT.md,reference\upstream_snapshots\ipmsm_probe\FINAL_IPMSM_PROBE_REPORT.md,frozen evidence snapshot
ipmsm_probe,C:\Users\catkin\Documents\baseline_zhou\zhou_icf_mpc_ipmsm_probe_iter01\README.md,README.md,2514,2026-07-12T20:56:58.000,d62bea57b4d83a6d60cfeb191009d7aa36c1e38e2228cdcbedbac09ae1a02325,1,1,C:\Users\catkin\Documents\baseline_zhou\zhou_icf_mpc_model_error_decomposition_iter01\reference\upstream_snapshots\ipmsm_probe\README.md,reference\upstream_snapshots\ipmsm_probe\README.md,frozen evidence snapshot
jd_jq_audit,C:\Users\catkin\Documents\baseline_zhou\baseline_zhou-main\baseline_zhou-main\zhou_icf_mpc_constraint_audit_v1\README.md,README.md,1332,2026-07-15T10:43:56.000,3029cdab50c8d2e57e25e129c463ef689a1386018af9ff7cd917b88e76a2b8a3,1,1,C:\Users\catkin\Documents\baseline_zhou\zhou_icf_mpc_model_error_decomposition_iter01\reference\upstream_snapshots\jd_jq_audit\README.md,reference\upstream_snapshots\jd_jq_audit\README.md,frozen evidence snapshot
jd_jq_audit,C:\Users\catkin\Documents\baseline_zhou\baseline_zhou-main\baseline_zhou-main\zhou_icf_mpc_constraint_audit_v1\results\summary\06_pareto_fronts_data.csv,results\summary\06_pareto_fronts_data.csv,669078,2026-07-15T11:04:10.000,cdfd03b1aaa0817ff1de5cead31a967b84bbdf3292e1fdc17099617de0197231,1,1,C:\Users\catkin\Documents\baseline_zhou\zhou_icf_mpc_model_error_decomposition_iter01\reference\upstream_snapshots\jd_jq_audit\all_constraint_cases.csv,reference\upstream_snapshots\jd_jq_audit\all_constraint_cases.csv,frozen evidence snapshot
jd_jq_audit,C:\Users\catkin\Documents\baseline_zhou\baseline_zhou-main\baseline_zhou-main\zhou_icf_mpc_constraint_audit_v1\results\summary\20260715_104605\vector_mode_distribution.csv,results\summary\20260715_104605\vector_mode_distribution.csv,98113,2026-07-15T11:04:10.000,174228ffb51ed3b371097b8fa16e1176641f1cca39d6fa262488299766b6a57e,1,1,C:\Users\catkin\Documents\baseline_zhou\zhou_icf_mpc_model_error_decomposition_iter01\reference\upstream_snapshots\jd_jq_audit\vector_mode_distribution.csv,reference\upstream_snapshots\jd_jq_audit\vector_mode_distribution.csv,frozen evidence snapshot
robust_residual,C:\Users\catkin\Documents\baseline_zhou\zhou_icf_mpc_ipmsm_robust_constraint_iter01\CALIBRATION_SCENARIOS.csv,CALIBRATION_SCENARIOS.csv,3402,2026-07-13T12:20:38.000,387a6a12fad05ed5cc2f22aac517707c15023ebb646f4aa505db30d84c2b99f7,1,1,C:\Users\catkin\Documents\baseline_zhou\zhou_icf_mpc_model_error_decomposition_iter01\reference\upstream_snapshots\robust_residual\CALIBRATION_SCENARIOS.csv,reference\upstream_snapshots\robust_residual\CALIBRATION_SCENARIOS.csv,frozen evidence snapshot
robust_residual,C:\Users\catkin\Documents\baseline_zhou\zhou_icf_mpc_ipmsm_robust_constraint_iter01\DATA_SPLIT.md,DATA_SPLIT.md,479,2026-07-13T12:20:38.000,bdd3703430f2be227f34c0a946e5fee672795c68a10bbc12299ca0c21c5b80a0,1,1,C:\Users\catkin\Documents\baseline_zhou\zhou_icf_mpc_model_error_decomposition_iter01\reference\upstream_snapshots\robust_residual\DATA_SPLIT.md,reference\upstream_snapshots\robust_residual\DATA_SPLIT.md,frozen evidence snapshot
robust_residual,C:\Users\catkin\Documents\baseline_zhou\zhou_icf_mpc_ipmsm_robust_constraint_iter01\EXPERIMENT_HANDOFF.md,EXPERIMENT_HANDOFF.md,3436,2026-07-13T12:35:41.000,59d0b7de787d17209971c5d050cf7b828aeb68c3998a2929d1005bfa9cc171dd,1,1,C:\Users\catkin\Documents\baseline_zhou\zhou_icf_mpc_model_error_decomposition_iter01\reference\upstream_snapshots\robust_residual\EXPERIMENT_HANDOFF.md,reference\upstream_snapshots\robust_residual\EXPERIMENT_HANDOFF.md,frozen evidence snapshot
robust_residual,C:\Users\catkin\Documents\baseline_zhou\zhou_icf_mpc_ipmsm_robust_constraint_iter01\FINAL_ROBUST_CONSTRAINT_REPORT.md,FINAL_ROBUST_CONSTRAINT_REPORT.md,8090,2026-07-13T12:35:41.000,9b422e977af61320d90827e9e2e79643b13e6a13b8b8771f1ef2e0e2fb6385fa,1,1,C:\Users\catkin\Documents\baseline_zhou\zhou_icf_mpc_model_error_decomposition_iter01\reference\upstream_snapshots\robust_residual\FINAL_ROBUST_CONSTRAINT_REPORT.md,reference\upstream_snapshots\robust_residual\FINAL_ROBUST_CONSTRAINT_REPORT.md,frozen evidence snapshot
robust_residual,C:\Users\catkin\Documents\baseline_zhou\zhou_icf_mpc_ipmsm_robust_constraint_iter01\README.md,README.md,3382,2026-07-13T12:32:52.000,355d769615971cadd74f55caba4ed5e59e775f83cb68228bc3aba4f49e89da97,1,1,C:\Users\catkin\Documents\baseline_zhou\zhou_icf_mpc_model_error_decomposition_iter01\reference\upstream_snapshots\robust_residual\README.md,reference\upstream_snapshots\robust_residual\README.md,frozen evidence snapshot
robust_residual,C:\Users\catkin\Documents\baseline_zhou\zhou_icf_mpc_ipmsm_robust_constraint_iter01\RESIDUAL_ALIGNMENT_AUDIT.md,RESIDUAL_ALIGNMENT_AUDIT.md,555,2026-07-13T12:22:59.000,514a3def240710495904426554ccf6ed9fb8fa7d9bed7bc56aa758cf2e16e027,1,1,C:\Users\catkin\Documents\baseline_zhou\zhou_icf_mpc_model_error_decomposition_iter01\reference\upstream_snapshots\robust_residual\RESIDUAL_ALIGNMENT_AUDIT.md,reference\upstream_snapshots\robust_residual\RESIDUAL_ALIGNMENT_AUDIT.md,frozen evidence snapshot
robust_residual,C:\Users\catkin\Documents\baseline_zhou\zhou_icf_mpc_ipmsm_robust_constraint_iter01\RESIDUAL_DATASET_SCHEMA.md,RESIDUAL_DATASET_SCHEMA.md,393,2026-07-13T12:22:59.000,9b44f17e80816e7c54f956209415187e36d54d740e901161b7a58e0f44d69fb1,1,1,C:\Users\catkin\Documents\baseline_zhou\zhou_icf_mpc_model_error_decomposition_iter01\reference\upstream_snapshots\robust_residual\RESIDUAL_DATASET_SCHEMA.md,reference\upstream_snapshots\robust_residual\RESIDUAL_DATASET_SCHEMA.md,frozen evidence snapshot
robust_residual,C:\Users\catkin\Documents\baseline_zhou\zhou_icf_mpc_ipmsm_robust_constraint_iter01\TEST_SCENARIOS.csv,TEST_SCENARIOS.csv,6405,2026-07-13T12:20:38.000,24c9c3f148bcf51fdccfd8234c64151b7e2db57231f541afa4770d3c098f3937,1,1,C:\Users\catkin\Documents\baseline_zhou\zhou_icf_mpc_model_error_decomposition_iter01\reference\upstream_snapshots\robust_residual\TEST_SCENARIOS.csv,reference\upstream_snapshots\robust_residual\TEST_SCENARIOS.csv,frozen evidence snapshot
robust_residual,C:\Users\catkin\Documents\baseline_zhou\zhou_icf_mpc_ipmsm_robust_constraint_iter01\VALIDATION_SCENARIOS.csv,VALIDATION_SCENARIOS.csv,4592,2026-07-13T12:20:38.000,10d703ae4e44d80c928423ee69c17fd07ff74befd543a11b719f50e03380198f,1,1,C:\Users\catkin\Documents\baseline_zhou\zhou_icf_mpc_model_error_decomposition_iter01\reference\upstream_snapshots\robust_residual\VALIDATION_SCENARIOS.csv,reference\upstream_snapshots\robust_residual\VALIDATION_SCENARIOS.csv,frozen evidence snapshot
robust_residual,C:\Users\catkin\Documents\baseline_zhou\zhou_icf_mpc_ipmsm_robust_constraint_iter01\config\robust_scenario_splits.m,config\robust_scenario_splits.m,3919,2026-07-13T12:19:23.000,c492f55dbfd21ed7d33a2386eeff2efe031bbedf289cf3e97a08fb45e08538e8,1,1,C:\Users\catkin\Documents\baseline_zhou\zhou_icf_mpc_model_error_decomposition_iter01\reference\upstream_snapshots\robust_residual\robust_scenario_splits.m,reference\upstream_snapshots\robust_residual\robust_scenario_splits.m,frozen evidence snapshot
s2_feasibility,C:\Users\catkin\Documents\baseline_zhou\zhou_icf_mpc_ipmsm_feasibility_control_iter01\BASELINE_COMPARISON.csv,BASELINE_COMPARISON.csv,2825,2026-07-13T11:03:43.000,b44f75e96d8e12dc91a1e6124b7c67f8c8a48c5aa1a058a9d87a57cf3796ac06,1,1,C:\Users\catkin\Documents\baseline_zhou\zhou_icf_mpc_model_error_decomposition_iter01\reference\upstream_snapshots\s2_feasibility\BASELINE_COMPARISON.csv,reference\upstream_snapshots\s2_feasibility\BASELINE_COMPARISON.csv,frozen evidence snapshot
s2_feasibility,C:\Users\catkin\Documents\baseline_zhou\zhou_icf_mpc_ipmsm_feasibility_control_iter01\FEASIBILITY_CONTROL_DECISION.md,FEASIBILITY_CONTROL_DECISION.md,732,2026-07-13T11:14:36.000,580d82c66bca64767ee515b12f1ec8f72dbb263fa9b2c3c1d6e5fab12106da5f,1,1,C:\Users\catkin\Documents\baseline_zhou\zhou_icf_mpc_model_error_decomposition_iter01\reference\upstream_snapshots\s2_feasibility\FEASIBILITY_CONTROL_DECISION.md,reference\upstream_snapshots\s2_feasibility\FEASIBILITY_CONTROL_DECISION.md,frozen evidence snapshot
s2_feasibility,C:\Users\catkin\Documents\baseline_zhou\zhou_icf_mpc_ipmsm_feasibility_control_iter01\FINAL_FEASIBILITY_CONTROL_REPORT.md,FINAL_FEASIBILITY_CONTROL_REPORT.md,2419,2026-07-13T11:14:36.000,7525efcb366c34e12f640af4b78815c976e8a0f5d8d10bacc07dabfb672bad0c,1,1,C:\Users\catkin\Documents\baseline_zhou\zhou_icf_mpc_model_error_decomposition_iter01\reference\upstream_snapshots\s2_feasibility\FINAL_FEASIBILITY_CONTROL_REPORT.md,reference\upstream_snapshots\s2_feasibility\FINAL_FEASIBILITY_CONTROL_REPORT.md,frozen evidence snapshot
s2_feasibility,C:\Users\catkin\Documents\baseline_zhou\zhou_icf_mpc_ipmsm_feasibility_control_iter01\NEGATIVE_ID_ADMISSION.csv,NEGATIVE_ID_ADMISSION.csv,15199,2026-07-13T11:07:28.000,17b05c394d7e838a87be92ff9b9a20d34a51990c6a768a12128b10f6af8d7112,1,1,C:\Users\catkin\Documents\baseline_zhou\zhou_icf_mpc_model_error_decomposition_iter01\reference\upstream_snapshots\s2_feasibility\NEGATIVE_ID_ADMISSION.csv,reference\upstream_snapshots\s2_feasibility\NEGATIVE_ID_ADMISSION.csv,frozen evidence snapshot
s2_feasibility,C:\Users\catkin\Documents\baseline_zhou\zhou_icf_mpc_ipmsm_feasibility_control_iter01\SIX_CONDITION_COMPARISON.csv,SIX_CONDITION_COMPARISON.csv,21727,2026-07-13T11:04:51.000,f684e21689226a50303e69c0111683da2624c49a20eb3e1a25271b8ce13306a8,1,1,C:\Users\catkin\Documents\baseline_zhou\zhou_icf_mpc_model_error_decomposition_iter01\reference\upstream_snapshots\s2_feasibility\SIX_CONDITION_COMPARISON.csv,reference\upstream_snapshots\s2_feasibility\SIX_CONDITION_COMPARISON.csv,frozen evidence snapshot
sequence_decomposition,C:\Users\catkin\Documents\baseline_zhou\zhou_icf_mpc_sequence_decomposition_iter01\HANDOFF.md,HANDOFF.md,7480,2026-07-15T13:10:52.000,80a6fdd7840d1e9d0c26bc73693f91a7a0020e2d0d50b488d504d3e8e2d18110,1,1,C:\Users\catkin\Documents\baseline_zhou\zhou_icf_mpc_model_error_decomposition_iter01\reference\upstream_snapshots\sequence_decomposition\HANDOFF.md,reference\upstream_snapshots\sequence_decomposition\HANDOFF.md,frozen evidence snapshot
sequence_decomposition,C:\Users\catkin\Documents\baseline_zhou\zhou_icf_mpc_sequence_decomposition_iter01\README.md,README.md,4449,2026-07-15T13:10:52.000,daaab6dc7d2242291dad698302872d2f0ea7e047076ca9a2fabb9f5409fa80e7,1,1,C:\Users\catkin\Documents\baseline_zhou\zhou_icf_mpc_model_error_decomposition_iter01\reference\upstream_snapshots\sequence_decomposition\README.md,reference\upstream_snapshots\sequence_decomposition\README.md,frozen evidence snapshot
sequence_decomposition,C:\Users\catkin\Documents\baseline_zhou\zhou_icf_mpc_sequence_decomposition_iter01\RUN_AND_REPRODUCE.md,RUN_AND_REPRODUCE.md,5310,2026-07-15T12:44:42.000,6706d9db6b59036524f9755d930c361b9147087ac52b24bc7ba2638235be0949,1,1,C:\Users\catkin\Documents\baseline_zhou\zhou_icf_mpc_model_error_decomposition_iter01\reference\upstream_snapshots\sequence_decomposition\RUN_AND_REPRODUCE.md,reference\upstream_snapshots\sequence_decomposition\RUN_AND_REPRODUCE.md,frozen evidence snapshot
sequence_decomposition,C:\Users\catkin\Documents\baseline_zhou\zhou_icf_mpc_sequence_decomposition_iter01\config\acceptance_thresholds.m,config\acceptance_thresholds.m,714,2026-07-13T11:37:22.000,bad30f48339e85a2c047ba3600b7238afe667b108210eb39b64ce4e61036f0e3,1,1,C:\Users\catkin\Documents\baseline_zhou\zhou_icf_mpc_model_error_decomposition_iter01\config\acceptance_thresholds.m,config\acceptance_thresholds.m,runtime frozen configuration
sequence_decomposition,C:\Users\catkin\Documents\baseline_zhou\zhou_icf_mpc_sequence_decomposition_iter01\config\base_parameters.m,config\base_parameters.m,477,2026-07-13T11:37:22.000,c605ab586d625adcd2c6c5a0db006c1a1be42717a465b3a857099413fee5e4bc,1,1,C:\Users\catkin\Documents\baseline_zhou\zhou_icf_mpc_model_error_decomposition_iter01\config\base_parameters.m,config\base_parameters.m,runtime frozen configuration
sequence_decomposition,C:\Users\catkin\Documents\baseline_zhou\zhou_icf_mpc_sequence_decomposition_iter01\config\control_scenario.m,config\control_scenario.m,787,2026-07-13T10:33:28.000,325482f030c78cd5328305e5c12c2d78b572c1cadd356788a3052844b191dc43,1,1,C:\Users\catkin\Documents\baseline_zhou\zhou_icf_mpc_model_error_decomposition_iter01\config\control_scenario.m,config\control_scenario.m,runtime frozen configuration
sequence_decomposition,C:\Users\catkin\Documents\baseline_zhou\zhou_icf_mpc_sequence_decomposition_iter01\config\implementation_assumptions.m,config\implementation_assumptions.m,2025,2026-07-13T11:41:41.000,ff97f107e57861483252a37be3e150c182767c82188bcdf2731a3df551e1a85f,1,1,C:\Users\catkin\Documents\baseline_zhou\zhou_icf_mpc_model_error_decomposition_iter01\config\implementation_assumptions.m,config\implementation_assumptions.m,runtime frozen configuration
sequence_decomposition,C:\Users\catkin\Documents\baseline_zhou\zhou_icf_mpc_sequence_decomposition_iter01\config\ipmsm_parameters.m,config\ipmsm_parameters.m,614,2026-07-13T10:33:28.000,410cfe82a3369486e85e7790930c1f1f75ecc997b2f681bd0d91d5dbbbeb39da,1,1,C:\Users\catkin\Documents\baseline_zhou\zhou_icf_mpc_model_error_decomposition_iter01\config\ipmsm_parameters.m,config\ipmsm_parameters.m,runtime frozen configuration
sequence_decomposition,C:\Users\catkin\Documents\baseline_zhou\zhou_icf_mpc_sequence_decomposition_iter01\config\sequence_parameters.m,config\sequence_parameters.m,554,2026-07-15T12:42:16.000,ba2f065e4c9c41de759a6aa0b9bca7ded357e8b469df5cec2f2cac2ec0fee4b7,1,1,C:\Users\catkin\Documents\baseline_zhou\zhou_icf_mpc_model_error_decomposition_iter01\config\sequence_parameters.m,config\sequence_parameters.m,runtime frozen configuration
sequence_decomposition,C:\Users\catkin\Documents\baseline_zhou\zhou_icf_mpc_sequence_decomposition_iter01\config\sequence_scenarios.m,config\sequence_scenarios.m,3357,2026-07-15T12:59:01.000,cb94bda6dd04d02cf5750f92d9dae81039470d4708674caf5db30091b3448546,1,1,C:\Users\catkin\Documents\baseline_zhou\zhou_icf_mpc_model_error_decomposition_iter01\config\sequence_scenarios.m,config\sequence_scenarios.m,runtime frozen configuration
sequence_decomposition,C:\Users\catkin\Documents\baseline_zhou\zhou_icf_mpc_sequence_decomposition_iter01\config\six_condition_matrix.m,config\six_condition_matrix.m,392,2026-07-13T10:33:28.000,e05100a644fde9a9b9ca8bd3553bdb04f60b5148888228eafceab2ade1746189,1,1,C:\Users\catkin\Documents\baseline_zhou\zhou_icf_mpc_model_error_decomposition_iter01\config\six_condition_matrix.m,config\six_condition_matrix.m,runtime frozen configuration
sequence_decomposition,C:\Users\catkin\Documents\baseline_zhou\zhou_icf_mpc_sequence_decomposition_iter01\docs\PREVIOUS_WORK_INVENTORY.md,docs\PREVIOUS_WORK_INVENTORY.md,5316,2026-07-15T12:45:54.000,2a3eb9d542aecf4bdc63f57311a41e68d400a34db81a9b02b47a8a3d0a6af865,1,1,C:\Users\catkin\Documents\baseline_zhou\zhou_icf_mpc_model_error_decomposition_iter01\reference\upstream_snapshots\sequence_decomposition\PREVIOUS_WORK_INVENTORY.md,reference\upstream_snapshots\sequence_decomposition\PREVIOUS_WORK_INVENTORY.md,frozen evidence snapshot
sequence_decomposition,C:\Users\catkin\Documents\baseline_zhou\zhou_icf_mpc_sequence_decomposition_iter01\docs\SEQUENCE_DECOMPOSITION_REPORT.md,docs\SEQUENCE_DECOMPOSITION_REPORT.md,1133,2026-07-15T13:16:54.000,fbdf69f0f7456f2743195f1e3834f405af55100c891c1a3db45bc26996b6efc4,1,1,C:\Users\catkin\Documents\baseline_zhou\zhou_icf_mpc_model_error_decomposition_iter01\reference\upstream_snapshots\sequence_decomposition\SEQUENCE_DECOMPOSITION_REPORT.md,reference\upstream_snapshots\sequence_decomposition\SEQUENCE_DECOMPOSITION_REPORT.md,frozen evidence snapshot
sequence_decomposition,C:\Users\catkin\Documents\baseline_zhou\zhou_icf_mpc_sequence_decomposition_iter01\docs\TIMING_ALIGNMENT_AUDIT.md,docs\TIMING_ALIGNMENT_AUDIT.md,3876,2026-07-15T13:11:31.000,0ad34e9819cd61f7ee292305cf2276ea77ba46ea0eb4a2d597db5c79860999ce,1,1,C:\Users\catkin\Documents\baseline_zhou\zhou_icf_mpc_model_error_decomposition_iter01\reference\upstream_snapshots\sequence_decomposition\TIMING_ALIGNMENT_AUDIT.md,reference\upstream_snapshots\sequence_decomposition\TIMING_ALIGNMENT_AUDIT.md,frozen evidence snapshot
sequence_decomposition,C:\Users\catkin\Documents\baseline_zhou\zhou_icf_mpc_sequence_decomposition_iter01\results\summary\baseline_comparison.csv,results\summary\baseline_comparison.csv,804,2026-07-15T13:12:06.000,6ef4a80bb85d6d17bef701325d68d957937ec14d8596ea6fc52e56e6e4b1df12,1,1,C:\Users\catkin\Documents\baseline_zhou\zhou_icf_mpc_model_error_decomposition_iter01\reference\upstream_snapshots\sequence_decomposition\baseline_comparison.csv,reference\upstream_snapshots\sequence_decomposition\baseline_comparison.csv,frozen evidence snapshot
sequence_decomposition,C:\Users\catkin\Documents\baseline_zhou\zhou_icf_mpc_sequence_decomposition_iter01\results\summary\candidate_decision_comparison.csv,results\summary\candidate_decision_comparison.csv,20698,2026-07-15T13:16:38.000,c26e6116556ce7a254686cc1cb90be27f0017cc852e70f6a741791b1a6d48f13,1,1,C:\Users\catkin\Documents\baseline_zhou\zhou_icf_mpc_model_error_decomposition_iter01\reference\upstream_snapshots\sequence_decomposition\candidate_decision_comparison.csv,reference\upstream_snapshots\sequence_decomposition\candidate_decision_comparison.csv,frozen evidence snapshot
sequence_decomposition,C:\Users\catkin\Documents\baseline_zhou\zhou_icf_mpc_sequence_decomposition_iter01\results\summary\final_decision.csv,results\summary\final_decision.csv,506,2026-07-15T13:16:54.000,c62b5a43f47bc8e1ef868ce2cd19312f8d40ad596ffd943c94e0d23ad2239eb3,1,1,C:\Users\catkin\Documents\baseline_zhou\zhou_icf_mpc_model_error_decomposition_iter01\reference\upstream_snapshots\sequence_decomposition\final_decision.csv,reference\upstream_snapshots\sequence_decomposition\final_decision.csv,frozen evidence snapshot
sequence_decomposition,C:\Users\catkin\Documents\baseline_zhou\zhou_icf_mpc_sequence_decomposition_iter01\results\summary\overall_metrics.csv,results\summary\overall_metrics.csv,2392,2026-07-15T13:16:39.000,42a70f927bcb0f590bfefebb9496e1fddded23cd876c26f74e24c49e4acbee95,1,1,C:\Users\catkin\Documents\baseline_zhou\zhou_icf_mpc_model_error_decomposition_iter01\reference\upstream_snapshots\sequence_decomposition\overall_metrics.csv,reference\upstream_snapshots\sequence_decomposition\overall_metrics.csv,frozen evidence snapshot
sequence_decomposition,C:\Users\catkin\Documents\baseline_zhou\zhou_icf_mpc_sequence_decomposition_iter01\results\summary\residual_decomposition.csv,results\summary\residual_decomposition.csv,4396,2026-07-15T13:16:39.000,a2783aa730450f07f0c96bebb673e0c6f3eebcba3fc4473aad2f672746479b3a,1,1,C:\Users\catkin\Documents\baseline_zhou\zhou_icf_mpc_model_error_decomposition_iter01\reference\upstream_snapshots\sequence_decomposition\residual_decomposition.csv,reference\upstream_snapshots\sequence_decomposition\residual_decomposition.csv,frozen evidence snapshot
sequence_decomposition,C:\Users\catkin\Documents\baseline_zhou\zhou_icf_mpc_sequence_decomposition_iter01\results\summary\simulation_case_summary.csv,results\summary\simulation_case_summary.csv,19999,2026-07-15T13:16:38.000,17dea88e85017f09b036553235dabbbd33c05d9b4b82cedfd2865a73b264aef1,1,1,C:\Users\catkin\Documents\baseline_zhou\zhou_icf_mpc_model_error_decomposition_iter01\reference\upstream_snapshots\sequence_decomposition\simulation_case_summary.csv,reference\upstream_snapshots\sequence_decomposition\simulation_case_summary.csv,frozen evidence snapshot
sequence_decomposition,C:\Users\catkin\Documents\baseline_zhou\zhou_icf_mpc_sequence_decomposition_iter01\src\+zhou_feasibility\apply_feasibility_layer.m,src\+zhou_feasibility\apply_feasibility_layer.m,6165,2026-07-13T10:54:56.000,64bfb177ad96e8cd7325e28d108b25836a2b48603191cb96b38462d130395461,1,1,C:\Users\catkin\Documents\baseline_zhou\zhou_icf_mpc_model_error_decomposition_iter01\src\+zhou_feasibility\apply_feasibility_layer.m,src\+zhou_feasibility\apply_feasibility_layer.m,runtime frozen controller/plant/S2 closure
sequence_decomposition,C:\Users\catkin\Documents\baseline_zhou\zhou_icf_mpc_sequence_decomposition_iter01\src\+zhou_feasibility\audit_original_illegal_cycles.m,src\+zhou_feasibility\audit_original_illegal_cycles.m,4204,2026-07-13T10:40:08.000,5881f3fd4f97f282e5bb69de625064baf22373da8f2422feb154bab5eaedf904,1,1,C:\Users\catkin\Documents\baseline_zhou\zhou_icf_mpc_model_error_decomposition_iter01\src\+zhou_feasibility\audit_original_illegal_cycles.m,src\+zhou_feasibility\audit_original_illegal_cycles.m,runtime frozen controller/plant/S2 closure
sequence_decomposition,C:\Users\catkin\Documents\baseline_zhou\zhou_icf_mpc_sequence_decomposition_iter01\src\+zhou_feasibility\compare_pointwise_runs.m,src\+zhou_feasibility\compare_pointwise_runs.m,6063,2026-07-13T02:00:48.000,8aed1b040b4bcc3bee422b50f5842f8075556bd649b5da8f7c1e30d9277d1fd0,1,1,C:\Users\catkin\Documents\baseline_zhou\zhou_icf_mpc_model_error_decomposition_iter01\src\+zhou_feasibility\compare_pointwise_runs.m,src\+zhou_feasibility\compare_pointwise_runs.m,runtime frozen controller/plant/S2 closure
sequence_decomposition,C:\Users\catkin\Documents\baseline_zhou\zhou_icf_mpc_sequence_decomposition_iter01\src\+zhou_feasibility\generate_manifests.m,src\+zhou_feasibility\generate_manifests.m,3146,2026-07-13T10:57:50.000,2770554c846607632d15f08a7a5b937780f68f269436eaaf867b2c6200b6bb67,1,1,C:\Users\catkin\Documents\baseline_zhou\zhou_icf_mpc_model_error_decomposition_iter01\src\+zhou_feasibility\generate_manifests.m,src\+zhou_feasibility\generate_manifests.m,runtime frozen controller/plant/S2 closure
sequence_decomposition,C:\Users\catkin\Documents\baseline_zhou\zhou_icf_mpc_sequence_decomposition_iter01\src\+zhou_feasibility\generate_plots.m,src\+zhou_feasibility\generate_plots.m,21238,2026-07-13T11:00:29.000,2cd3726c80cda2443015deca1930b3e7a416ae326b638013ac96bb489188e12a,1,1,C:\Users\catkin\Documents\baseline_zhou\zhou_icf_mpc_model_error_decomposition_iter01\src\+zhou_feasibility\generate_plots.m,src\+zhou_feasibility\generate_plots.m,runtime frozen controller/plant/S2 closure
sequence_decomposition,C:\Users\catkin\Documents\baseline_zhou\zhou_icf_mpc_sequence_decomposition_iter01\src\+zhou_feasibility\generate_reports.m,src\+zhou_feasibility\generate_reports.m,15161,2026-07-13T11:14:12.000,dd4aa9a53a68b49526d27f803af101d01a83ef4df2ca23a45490df35ef0631c6,1,1,C:\Users\catkin\Documents\baseline_zhou\zhou_icf_mpc_model_error_decomposition_iter01\src\+zhou_feasibility\generate_reports.m,src\+zhou_feasibility\generate_reports.m,runtime frozen controller/plant/S2 closure
sequence_decomposition,C:\Users\catkin\Documents\baseline_zhou\zhou_icf_mpc_sequence_decomposition_iter01\src\+zhou_feasibility\minimum_normalized_constraint_violation_in_hexagon.m,src\+zhou_feasibility\minimum_normalized_constraint_violation_in_hexagon.m,2389,2026-07-13T10:36:45.000,091ab6d9bf3d06ca5771ce212a10ffd06fdef7050a0d96b8a2d56866a311db3a,1,1,C:\Users\catkin\Documents\baseline_zhou\zhou_icf_mpc_model_error_decomposition_iter01\src\+zhou_feasibility\minimum_normalized_constraint_violation_in_hexagon.m,src\+zhou_feasibility\minimum_normalized_constraint_violation_in_hexagon.m,runtime frozen controller/plant/S2 closure
sequence_decomposition,C:\Users\catkin\Documents\baseline_zhou\zhou_icf_mpc_sequence_decomposition_iter01\src\+zhou_feasibility\nearest_point_in_rectangle_hexagon_intersection.m,src\+zhou_feasibility\nearest_point_in_rectangle_hexagon_intersection.m,1817,2026-07-13T10:36:45.000,1a04cbec6c237274648797eb0e61e556ff7042fadff5fe1a0154bb8cc3e8a155,1,1,C:\Users\catkin\Documents\baseline_zhou\zhou_icf_mpc_model_error_decomposition_iter01\src\+zhou_feasibility\nearest_point_in_rectangle_hexagon_intersection.m,src\+zhou_feasibility\nearest_point_in_rectangle_hexagon_intersection.m,runtime frozen controller/plant/S2 closure
sequence_decomposition,C:\Users\catkin\Documents\baseline_zhou\zhou_icf_mpc_sequence_decomposition_iter01\src\+zhou_feasibility\point_in_hexagon.m,src\+zhou_feasibility\point_in_hexagon.m,1883,2026-07-13T10:36:45.000,817b81489e98402c0bf18159fe58a9aab68ee4b6733b0c976cdcb7ec6ba8e8ec,1,1,C:\Users\catkin\Documents\baseline_zhou\zhou_icf_mpc_model_error_decomposition_iter01\src\+zhou_feasibility\point_in_hexagon.m,src\+zhou_feasibility\point_in_hexagon.m,runtime frozen controller/plant/S2 closure
sequence_decomposition,C:\Users\catkin\Documents\baseline_zhou\zhou_icf_mpc_sequence_decomposition_iter01\src\+zhou_feasibility\project_point_to_polygon.m,src\+zhou_feasibility\project_point_to_polygon.m,2411,2026-07-13T10:36:45.000,39f289bf9c6610f34328b74754c1432667e0522161f60abeb9a94fe194381783,1,1,C:\Users\catkin\Documents\baseline_zhou\zhou_icf_mpc_model_error_decomposition_iter01\src\+zhou_feasibility\project_point_to_polygon.m,src\+zhou_feasibility\project_point_to_polygon.m,runtime frozen controller/plant/S2 closure
sequence_decomposition,C:\Users\catkin\Documents\baseline_zhou\zhou_icf_mpc_sequence_decomposition_iter01\src\+zhou_feasibility\rectangle_hexagon_intersection.m,src\+zhou_feasibility\rectangle_hexagon_intersection.m,4046,2026-07-13T10:37:29.000,a7704ddf48a876fa0664cdee1ff9c3edf82e845fb72fb6c5970e1f9198806040,1,1,C:\Users\catkin\Documents\baseline_zhou\zhou_icf_mpc_model_error_decomposition_iter01\src\+zhou_feasibility\rectangle_hexagon_intersection.m,src\+zhou_feasibility\rectangle_hexagon_intersection.m,runtime frozen controller/plant/S2 closure
sequence_decomposition,C:\Users\catkin\Documents\baseline_zhou\zhou_icf_mpc_sequence_decomposition_iter01\src\+zhou_feasibility\run_campaign.m,src\+zhou_feasibility\run_campaign.m,7304,2026-07-13T10:53:43.000,1ac76f91f7ce0640bd393d4df2910e7f8d68b07cfbd53c235e541ebd399c7846,1,1,C:\Users\catkin\Documents\baseline_zhou\zhou_icf_mpc_model_error_decomposition_iter01\src\+zhou_feasibility\run_campaign.m,src\+zhou_feasibility\run_campaign.m,runtime frozen controller/plant/S2 closure
sequence_decomposition,C:\Users\catkin\Documents\baseline_zhou\zhou_icf_mpc_sequence_decomposition_iter01\src\+zhou_feasibility\run_control_case.m,src\+zhou_feasibility\run_control_case.m,20087,2026-07-13T10:59:35.000,446481c4849a6cdd7f902f9fa7e617f39faf4f304bee77342b949bc794c8ea09,1,1,C:\Users\catkin\Documents\baseline_zhou\zhou_icf_mpc_model_error_decomposition_iter01\src\+zhou_feasibility\run_control_case.m,src\+zhou_feasibility\run_control_case.m,runtime frozen controller/plant/S2 closure
sequence_decomposition,C:\Users\catkin\Documents\baseline_zhou\zhou_icf_mpc_sequence_decomposition_iter01\src\+zhou_feasibility\run_p0_strict_regression.m,src\+zhou_feasibility\run_p0_strict_regression.m,2370,2026-07-13T10:38:37.000,a416c691042453560daf3572c1691d58d6bd423b0d3d046cb4b57fecdf4d6007,1,1,C:\Users\catkin\Documents\baseline_zhou\zhou_icf_mpc_model_error_decomposition_iter01\src\+zhou_feasibility\run_p0_strict_regression.m,src\+zhou_feasibility\run_p0_strict_regression.m,runtime frozen controller/plant/S2 closure
sequence_decomposition,C:\Users\catkin\Documents\baseline_zhou\zhou_icf_mpc_sequence_decomposition_iter01\src\+zhou_feasibility\synthesize_feasible_three_vector_command.m,src\+zhou_feasibility\synthesize_feasible_three_vector_command.m,2679,2026-07-13T10:36:45.000,322d095008b1ac6cc4380d24fcde40e274cf2b8568550377cbccbe76c375bf25,1,1,C:\Users\catkin\Documents\baseline_zhou\zhou_icf_mpc_model_error_decomposition_iter01\src\+zhou_feasibility\synthesize_feasible_three_vector_command.m,src\+zhou_feasibility\synthesize_feasible_three_vector_command.m,runtime frozen controller/plant/S2 closure
sequence_decomposition,C:\Users\catkin\Documents\baseline_zhou\zhou_icf_mpc_sequence_decomposition_iter01\src\+zhou_feasibility\voltage_feasibility.m,src\+zhou_feasibility\voltage_feasibility.m,8181,2026-07-13T09:50:25.000,fe8edd8e62ea46a9e6c0abb0ef9f2cfdb974c5d0a7c86ec537bc6e6e86859f44,1,1,C:\Users\catkin\Documents\baseline_zhou\zhou_icf_mpc_model_error_decomposition_iter01\src\+zhou_feasibility\voltage_feasibility.m,src\+zhou_feasibility\voltage_feasibility.m,runtime frozen controller/plant/S2 closure
sequence_decomposition,C:\Users\catkin\Documents\baseline_zhou\zhou_icf_mpc_sequence_decomposition_iter01\src\+zhou_ipmsm\+baseline\fcs_mpcc_step.m,src\+zhou_ipmsm\+baseline\fcs_mpcc_step.m,3354,2026-07-12T21:51:35.000,3ce8f12ed4744282483a65aa86ebf59962071812e5dc2b05d9bf67c9f6740af5,1,1,C:\Users\catkin\Documents\baseline_zhou\zhou_icf_mpc_model_error_decomposition_iter01\src\+zhou_ipmsm\+baseline\fcs_mpcc_step.m,src\+zhou_ipmsm\+baseline\fcs_mpcc_step.m,runtime frozen controller/plant/S2 closure
sequence_decomposition,C:\Users\catkin\Documents\baseline_zhou\zhou_icf_mpc_sequence_decomposition_iter01\src\+zhou_ipmsm\+controller\compute_V_terms.m,src\+zhou_ipmsm\+controller\compute_V_terms.m,194,2026-07-12T21:51:35.000,dd060c641e39132c2d7dac528dbabb2bef65d010decd9f78d088fbfa1d1c9209,1,1,C:\Users\catkin\Documents\baseline_zhou\zhou_icf_mpc_model_error_decomposition_iter01\src\+zhou_ipmsm\+controller\compute_V_terms.m,src\+zhou_ipmsm\+controller\compute_V_terms.m,runtime frozen controller/plant/S2 closure
sequence_decomposition,C:\Users\catkin\Documents\baseline_zhou\zhou_icf_mpc_sequence_decomposition_iter01\src\+zhou_ipmsm\+controller\compute_V_terms.m,src\+zhou_ipmsm\+controller\compute_V_terms.m,194,2026-07-12T21:51:34.000,dd060c641e39132c2d7dac528dbabb2bef65d010decd9f78d088fbfa1d1c9209,1,1,C:\Users\catkin\Documents\baseline_zhou\zhou_icf_mpc_model_error_decomposition_iter01\src\+zhou_iter11_ref\+controller\compute_V_terms.m,src\+zhou_iter11_ref\+controller\compute_V_terms.m,runtime frozen controller/plant/S2 closure
sequence_decomposition,C:\Users\catkin\Documents\baseline_zhou\zhou_icf_mpc_sequence_decomposition_iter01\src\+zhou_ipmsm\+controller\costs_from_voltage.m,src\+zhou_ipmsm\+controller\costs_from_voltage.m,276,2026-07-12T21:51:35.000,aa1113be43cd2e91b11fee3a1183a42c5ac4f1a3002c5c23b82171830b5933c1,1,1,C:\Users\catkin\Documents\baseline_zhou\zhou_icf_mpc_model_error_decomposition_iter01\src\+zhou_ipmsm\+controller\costs_from_voltage.m,src\+zhou_ipmsm\+controller\costs_from_voltage.m,runtime frozen controller/plant/S2 closure
sequence_decomposition,C:\Users\catkin\Documents\baseline_zhou\zhou_icf_mpc_sequence_decomposition_iter01\src\+zhou_ipmsm\+controller\estimate_F.m,src\+zhou_ipmsm\+controller\estimate_F.m,777,2026-07-12T21:51:35.000,1e01d613f54e53e9a6f1cc91bb5996e74ee23d9efc881b6c89a6870b45af5332,1,1,C:\Users\catkin\Documents\baseline_zhou\zhou_icf_mpc_model_error_decomposition_iter01\src\+zhou_ipmsm\+controller\estimate_F.m,src\+zhou_ipmsm\+controller\estimate_F.m,runtime frozen controller/plant/S2 closure
sequence_decomposition,C:\Users\catkin\Documents\baseline_zhou\zhou_icf_mpc_sequence_decomposition_iter01\src\+zhou_ipmsm\+controller\estimate_F.m,src\+zhou_ipmsm\+controller\estimate_F.m,777,2026-07-12T21:51:34.000,1e01d613f54e53e9a6f1cc91bb5996e74ee23d9efc881b6c89a6870b45af5332,1,1,C:\Users\catkin\Documents\baseline_zhou\zhou_icf_mpc_model_error_decomposition_iter01\src\+zhou_iter11_ref\+controller\estimate_F.m,src\+zhou_iter11_ref\+controller\estimate_F.m,runtime frozen controller/plant/S2 closure
sequence_decomposition,C:\Users\catkin\Documents\baseline_zhou\zhou_icf_mpc_sequence_decomposition_iter01\src\+zhou_ipmsm\+controller\estimate_F_algebraic.m,src\+zhou_ipmsm\+controller\estimate_F_algebraic.m,1090,2026-07-12T21:51:35.000,9db774e2f535254c0b369237e0a7f862f1a114e5865111c01c59c9a8a55fca37,1,1,C:\Users\catkin\Documents\baseline_zhou\zhou_icf_mpc_model_error_decomposition_iter01\src\+zhou_ipmsm\+controller\estimate_F_algebraic.m,src\+zhou_ipmsm\+controller\estimate_F_algebraic.m,runtime frozen controller/plant/S2 closure
sequence_decomposition,C:\Users\catkin\Documents\baseline_zhou\zhou_icf_mpc_sequence_decomposition_iter01\src\+zhou_ipmsm\+controller\icf_mpc_step.m,src\+zhou_ipmsm\+controller\icf_mpc_step.m,3402,2026-07-13T01:50:54.000,c88fdc47b49327eff8058aeaa7929b85aae7da6dd30bc4c98a90fb03f05fb2ba,1,1,C:\Users\catkin\Documents\baseline_zhou\zhou_icf_mpc_model_error_decomposition_iter01\src\+zhou_ipmsm\+controller\icf_mpc_step.m,src\+zhou_ipmsm\+controller\icf_mpc_step.m,runtime frozen controller/plant/S2 closure
sequence_decomposition,C:\Users\catkin\Documents\baseline_zhou\zhou_icf_mpc_sequence_decomposition_iter01\src\+zhou_ipmsm\+controller\independent_costs.m,src\+zhou_ipmsm\+controller\independent_costs.m,197,2026-07-12T21:51:35.000,cbabe47925f93c0a82e738ef906afc34111e130c534f9c9b7e9ce7bf8eaedc43,1,1,C:\Users\catkin\Documents\baseline_zhou\zhou_icf_mpc_model_error_decomposition_iter01\src\+zhou_ipmsm\+controller\independent_costs.m,src\+zhou_ipmsm\+controller\independent_costs.m,runtime frozen controller/plant/S2 closure
sequence_decomposition,C:\Users\catkin\Documents\baseline_zhou\zhou_icf_mpc_sequence_decomposition_iter01\src\+zhou_ipmsm\+controller\independent_costs.m,src\+zhou_ipmsm\+controller\independent_costs.m,197,2026-07-12T21:51:34.000,cbabe47925f93c0a82e738ef906afc34111e130c534f9c9b7e9ce7bf8eaedc43,1,1,C:\Users\catkin\Documents\baseline_zhou\zhou_icf_mpc_model_error_decomposition_iter01\src\+zhou_iter11_ref\+controller\independent_costs.m,src\+zhou_iter11_ref\+controller\independent_costs.m,runtime frozen controller/plant/S2 closure
sequence_decomposition,C:\Users\catkin\Documents\baseline_zhou\zhou_icf_mpc_sequence_decomposition_iter01\src\+zhou_ipmsm\+controller\predict_k1.m,src\+zhou_ipmsm\+controller\predict_k1.m,251,2026-07-12T21:51:35.000,eaf4f7a03d736828d00503c93fef60ae8a7d21c7d3f9d3fdc5df258131737f62,1,1,C:\Users\catkin\Documents\baseline_zhou\zhou_icf_mpc_model_error_decomposition_iter01\src\+zhou_ipmsm\+controller\predict_k1.m,src\+zhou_ipmsm\+controller\predict_k1.m,runtime frozen controller/plant/S2 closure
sequence_decomposition,C:\Users\catkin\Documents\baseline_zhou\zhou_icf_mpc_sequence_decomposition_iter01\src\+zhou_ipmsm\+controller\predict_k1.m,src\+zhou_ipmsm\+controller\predict_k1.m,251,2026-07-12T21:51:35.000,eaf4f7a03d736828d00503c93fef60ae8a7d21c7d3f9d3fdc5df258131737f62,1,1,C:\Users\catkin\Documents\baseline_zhou\zhou_icf_mpc_model_error_decomposition_iter01\src\+zhou_iter11_ref\+controller\predict_k1.m,src\+zhou_iter11_ref\+controller\predict_k1.m,runtime frozen controller/plant/S2 closure
sequence_decomposition,C:\Users\catkin\Documents\baseline_zhou\zhou_icf_mpc_sequence_decomposition_iter01\src\+zhou_ipmsm\+controller\predict_k2.m,src\+zhou_ipmsm\+controller\predict_k2.m,223,2026-07-12T21:51:35.000,1b331a04db899a1d79a5e706b79de909368b99e622afa35c27fdab3e35199f00,1,1,C:\Users\catkin\Documents\baseline_zhou\zhou_icf_mpc_model_error_decomposition_iter01\src\+zhou_ipmsm\+controller\predict_k2.m,src\+zhou_ipmsm\+controller\predict_k2.m,runtime frozen controller/plant/S2 closure
sequence_decomposition,C:\Users\catkin\Documents\baseline_zhou\zhou_icf_mpc_sequence_decomposition_iter01\src\+zhou_ipmsm\+controller\predict_k2.m,src\+zhou_ipmsm\+controller\predict_k2.m,223,2026-07-12T21:51:35.000,1b331a04db899a1d79a5e706b79de909368b99e622afa35c27fdab3e35199f00,1,1,C:\Users\catkin\Documents\baseline_zhou\zhou_icf_mpc_model_error_decomposition_iter01\src\+zhou_iter11_ref\+controller\predict_k2.m,src\+zhou_iter11_ref\+controller\predict_k2.m,runtime frozen controller/plant/S2 closure
sequence_decomposition,C:\Users\catkin\Documents\baseline_zhou\zhou_icf_mpc_sequence_decomposition_iter01\src\+zhou_ipmsm\+controller\sequence_equivalent_dq_voltage.m,src\+zhou_ipmsm\+controller\sequence_equivalent_dq_voltage.m,639,2026-07-12T21:51:35.000,7704a6a289746af8b07849098b27b4728d6b0537d3ef67092ff9ff352dce5580,1,1,C:\Users\catkin\Documents\baseline_zhou\zhou_icf_mpc_model_error_decomposition_iter01\src\+zhou_ipmsm\+controller\sequence_equivalent_dq_voltage.m,src\+zhou_ipmsm\+controller\sequence_equivalent_dq_voltage.m,runtime frozen controller/plant/S2 closure
sequence_decomposition,C:\Users\catkin\Documents\baseline_zhou\zhou_icf_mpc_sequence_decomposition_iter01\src\+zhou_ipmsm\+geometry\active_lines.m,src\+zhou_ipmsm\+geometry\active_lines.m,299,2026-07-12T21:51:35.000,0b24b5c92b9646da7e3cc27b4a1b9016710f35000c340b32d27f38424151d0d2,1,1,C:\Users\catkin\Documents\baseline_zhou\zhou_icf_mpc_model_error_decomposition_iter01\src\+zhou_ipmsm\+geometry\active_lines.m,src\+zhou_ipmsm\+geometry\active_lines.m,runtime frozen controller/plant/S2 closure
sequence_decomposition,C:\Users\catkin\Documents\baseline_zhou\zhou_icf_mpc_sequence_decomposition_iter01\src\+zhou_ipmsm\+geometry\active_lines.m,src\+zhou_ipmsm\+geometry\active_lines.m,299,2026-07-12T21:51:35.000,0b24b5c92b9646da7e3cc27b4a1b9016710f35000c340b32d27f38424151d0d2,1,1,C:\Users\catkin\Documents\baseline_zhou\zhou_icf_mpc_model_error_decomposition_iter01\src\+zhou_iter11_ref\+geometry\active_lines.m,src\+zhou_iter11_ref\+geometry\active_lines.m,runtime frozen controller/plant/S2 closure
sequence_decomposition,C:\Users\catkin\Documents\baseline_zhou\zhou_icf_mpc_sequence_decomposition_iter01\src\+zhou_ipmsm\+geometry\analyze_rectangle.m,src\+zhou_ipmsm\+geometry\analyze_rectangle.m,2927,2026-07-12T21:51:35.000,12014527a857c48bc1e695924d34ea57527b1dc985535091aee5caf21444f95f,1,1,C:\Users\catkin\Documents\baseline_zhou\zhou_icf_mpc_model_error_decomposition_iter01\src\+zhou_ipmsm\+geometry\analyze_rectangle.m,src\+zhou_ipmsm\+geometry\analyze_rectangle.m,runtime frozen controller/plant/S2 closure
sequence_decomposition,C:\Users\catkin\Documents\baseline_zhou\zhou_icf_mpc_sequence_decomposition_iter01\src\+zhou_ipmsm\+geometry\build_rectangle.m,src\+zhou_ipmsm\+geometry\build_rectangle.m,3142,2026-07-12T21:51:35.000,6958df981109def4d01962425350285a48aa08edc537fca674c6e218ed42cf9f,1,1,C:\Users\catkin\Documents\baseline_zhou\zhou_icf_mpc_model_error_decomposition_iter01\src\+zhou_ipmsm\+geometry\build_rectangle.m,src\+zhou_ipmsm\+geometry\build_rectangle.m,runtime frozen controller/plant/S2 closure
sequence_decomposition,C:\Users\catkin\Documents\baseline_zhou\zhou_icf_mpc_sequence_decomposition_iter01\src\+zhou_ipmsm\+geometry\build_rectangle.m,src\+zhou_ipmsm\+geometry\build_rectangle.m,3142,2026-07-12T21:51:35.000,6958df981109def4d01962425350285a48aa08edc537fca674c6e218ed42cf9f,1,1,C:\Users\catkin\Documents\baseline_zhou\zhou_icf_mpc_model_error_decomposition_iter01\src\+zhou_iter11_ref\+geometry\build_rectangle.m,src\+zhou_iter11_ref\+geometry\build_rectangle.m,runtime frozen controller/plant/S2 closure
sequence_decomposition,C:\Users\catkin\Documents\baseline_zhou\zhou_icf_mpc_sequence_decomposition_iter01\src\+zhou_ipmsm\+geometry\case2_midpoint.m,src\+zhou_ipmsm\+geometry\case2_midpoint.m,4110,2026-07-12T21:51:35.000,487bd01617334af89902a3843682105db5c9f6712c192ea3616a4b9237c0f733,1,1,C:\Users\catkin\Documents\baseline_zhou\zhou_icf_mpc_model_error_decomposition_iter01\src\+zhou_ipmsm\+geometry\case2_midpoint.m,src\+zhou_ipmsm\+geometry\case2_midpoint.m,runtime frozen controller/plant/S2 closure
sequence_decomposition,C:\Users\catkin\Documents\baseline_zhou\zhou_icf_mpc_sequence_decomposition_iter01\src\+zhou_ipmsm\+geometry\classify_case.m,src\+zhou_ipmsm\+geometry\classify_case.m,1205,2026-07-12T21:51:35.000,7ae89fe19b4e2235d9b49d872161d727d500ccaa568c00555d68426f913fa744,1,1,C:\Users\catkin\Documents\baseline_zhou\zhou_icf_mpc_model_error_decomposition_iter01\src\+zhou_ipmsm\+geometry\classify_case.m,src\+zhou_ipmsm\+geometry\classify_case.m,runtime frozen controller/plant/S2 closure
sequence_decomposition,C:\Users\catkin\Documents\baseline_zhou\zhou_icf_mpc_sequence_decomposition_iter01\src\+zhou_ipmsm\+geometry\line_rectangle_intersections.m,src\+zhou_ipmsm\+geometry\line_rectangle_intersections.m,2508,2026-07-12T21:51:35.000,c9b185702588f8663a221257c115c24ea8bda39a199aa97f494b117f38260594,1,1,C:\Users\catkin\Documents\baseline_zhou\zhou_icf_mpc_model_error_decomposition_iter01\src\+zhou_ipmsm\+geometry\line_rectangle_intersections.m,src\+zhou_ipmsm\+geometry\line_rectangle_intersections.m,runtime frozen controller/plant/S2 closure
sequence_decomposition,C:\Users\catkin\Documents\baseline_zhou\zhou_icf_mpc_sequence_decomposition_iter01\src\+zhou_ipmsm\+geometry\line_side_signature.m,src\+zhou_ipmsm\+geometry\line_side_signature.m,852,2026-07-12T21:51:35.000,319c102e427e9e7568765a6912a82ab9d52495a3fea95834025d3e2fe16aecb5,1,1,C:\Users\catkin\Documents\baseline_zhou\zhou_icf_mpc_model_error_decomposition_iter01\src\+zhou_ipmsm\+geometry\line_side_signature.m,src\+zhou_ipmsm\+geometry\line_side_signature.m,runtime frozen controller/plant/S2 closure
sequence_decomposition,C:\Users\catkin\Documents\baseline_zhou\zhou_icf_mpc_sequence_decomposition_iter01\src\+zhou_ipmsm\+geometry\point_in_rectangle.m,src\+zhou_ipmsm\+geometry\point_in_rectangle.m,467,2026-07-12T21:51:35.000,60b01e2aea45803d1f71a6ca4bb1b5f0bde7e98651cd54d166379b652abe8218,1,1,C:\Users\catkin\Documents\baseline_zhou\zhou_icf_mpc_model_error_decomposition_iter01\src\+zhou_ipmsm\+geometry\point_in_rectangle.m,src\+zhou_ipmsm\+geometry\point_in_rectangle.m,runtime frozen controller/plant/S2 closure
sequence_decomposition,C:\Users\catkin\Documents\baseline_zhou\zhou_icf_mpc_sequence_decomposition_iter01\src\+zhou_ipmsm\+geometry\sector_of_point.m,src\+zhou_ipmsm\+geometry\sector_of_point.m,702,2026-07-12T21:51:35.000,cc4b6b23cebae4193655bde73ea1cd736ce7011f1a49ef38c9f177a2fcd8693b,1,1,C:\Users\catkin\Documents\baseline_zhou\zhou_icf_mpc_model_error_decomposition_iter01\src\+zhou_ipmsm\+geometry\sector_of_point.m,src\+zhou_ipmsm\+geometry\sector_of_point.m,runtime frozen controller/plant/S2 closure
sequence_decomposition,C:\Users\catkin\Documents\baseline_zhou\zhou_icf_mpc_sequence_decomposition_iter01\src\+zhou_ipmsm\+geometry\sector_of_point.m,src\+zhou_ipmsm\+geometry\sector_of_point.m,702,2026-07-12T21:51:35.000,cc4b6b23cebae4193655bde73ea1cd736ce7011f1a49ef38c9f177a2fcd8693b,1,1,C:\Users\catkin\Documents\baseline_zhou\zhou_icf_mpc_model_error_decomposition_iter01\src\+zhou_iter11_ref\+geometry\sector_of_point.m,src\+zhou_iter11_ref\+geometry\sector_of_point.m,runtime frozen controller/plant/S2 closure
sequence_decomposition,C:\Users\catkin\Documents\baseline_zhou\zhou_icf_mpc_sequence_decomposition_iter01\src\+zhou_ipmsm\+geometry\select_savv.m,src\+zhou_ipmsm\+geometry\select_savv.m,3193,2026-07-12T21:51:35.000,0ef107490d3ac634ab2144f2e59087d225b56aebaf72c83a670bc96b38b61e72,1,1,C:\Users\catkin\Documents\baseline_zhou\zhou_icf_mpc_model_error_decomposition_iter01\src\+zhou_ipmsm\+geometry\select_savv.m,src\+zhou_ipmsm\+geometry\select_savv.m,runtime frozen controller/plant/S2 closure
sequence_decomposition,C:\Users\catkin\Documents\baseline_zhou\zhou_icf_mpc_sequence_decomposition_iter01\src\+zhou_ipmsm\+inverter\count_sequence_transitions.m,src\+zhou_ipmsm\+inverter\count_sequence_transitions.m,346,2026-07-12T21:51:35.000,dca4634a4ac20d76660e3f2eec252fc8f1f69652ca05dfb6c08aac3a3cb810eb,1,1,C:\Users\catkin\Documents\baseline_zhou\zhou_icf_mpc_model_error_decomposition_iter01\src\+zhou_ipmsm\+inverter\count_sequence_transitions.m,src\+zhou_ipmsm\+inverter\count_sequence_transitions.m,runtime frozen controller/plant/S2 closure
sequence_decomposition,C:\Users\catkin\Documents\baseline_zhou\zhou_icf_mpc_sequence_decomposition_iter01\src\+zhou_ipmsm\+inverter\deadtime_voltage_error.m,src\+zhou_ipmsm\+inverter\deadtime_voltage_error.m,2085,2026-07-12T21:51:35.000,3d3466602f27879071dd93beef8e48b234794f8dcd7f318e9298d5bf8f0e22a4,1,1,C:\Users\catkin\Documents\baseline_zhou\zhou_icf_mpc_model_error_decomposition_iter01\src\+zhou_ipmsm\+inverter\deadtime_voltage_error.m,src\+zhou_ipmsm\+inverter\deadtime_voltage_error.m,runtime frozen controller/plant/S2 closure
sequence_decomposition,C:\Users\catkin\Documents\baseline_zhou\zhou_icf_mpc_sequence_decomposition_iter01\src\+zhou_ipmsm\+inverter\voltage_vectors.m,src\+zhou_ipmsm\+inverter\voltage_vectors.m,783,2026-07-12T21:51:35.000,3e5567c0790a8d06adcda9e6e63e6e939abfc2829f52c194f6745710776e7f88,1,1,C:\Users\catkin\Documents\baseline_zhou\zhou_icf_mpc_model_error_decomposition_iter01\src\+zhou_ipmsm\+inverter\voltage_vectors.m,src\+zhou_ipmsm\+inverter\voltage_vectors.m,runtime frozen controller/plant/S2 closure
sequence_decomposition,C:\Users\catkin\Documents\baseline_zhou\zhou_icf_mpc_sequence_decomposition_iter01\src\+zhou_ipmsm\+inverter\voltage_vectors.m,src\+zhou_ipmsm\+inverter\voltage_vectors.m,783,2026-07-12T21:51:35.000,3e5567c0790a8d06adcda9e6e63e6e939abfc2829f52c194f6745710776e7f88,1,1,C:\Users\catkin\Documents\baseline_zhou\zhou_icf_mpc_model_error_decomposition_iter01\src\+zhou_iter11_ref\+inverter\voltage_vectors.m,src\+zhou_iter11_ref\+inverter\voltage_vectors.m,runtime frozen controller/plant/S2 closure
sequence_decomposition,C:\Users\catkin\Documents\baseline_zhou\zhou_icf_mpc_sequence_decomposition_iter01\src\+zhou_ipmsm\+io\append_standard_tables.m,src\+zhou_ipmsm\+io\append_standard_tables.m,836,2026-07-12T21:51:35.000,53755356b1c074c80e057532c4203f89d369394bd69a42ad89a655ebba9e566c,1,1,C:\Users\catkin\Documents\baseline_zhou\zhou_icf_mpc_model_error_decomposition_iter01\src\+zhou_ipmsm\+io\append_standard_tables.m,src\+zhou_ipmsm\+io\append_standard_tables.m,runtime frozen controller/plant/S2 closure
sequence_decomposition,C:\Users\catkin\Documents\baseline_zhou\zhou_icf_mpc_sequence_decomposition_iter01\src\+zhou_ipmsm\+io\append_text.m,src\+zhou_ipmsm\+io\append_text.m,410,2026-07-12T21:51:35.000,1a3dd71fc20d24bb3eb6ac5e20b73aa574e05d7e3c0da018126385a68c2a7d7b,1,1,C:\Users\catkin\Documents\baseline_zhou\zhou_icf_mpc_model_error_decomposition_iter01\src\+zhou_ipmsm\+io\append_text.m,src\+zhou_ipmsm\+io\append_text.m,runtime frozen controller/plant/S2 closure
sequence_decomposition,C:\Users\catkin\Documents\baseline_zhou\zhou_icf_mpc_sequence_decomposition_iter01\src\+zhou_ipmsm\+io\create_run_context.m,src\+zhou_ipmsm\+io\create_run_context.m,2214,2026-07-12T21:51:35.000,f2af610e6ef9f884e7ffaadaa51f0f221937db735534111378bad51399076517,1,1,C:\Users\catkin\Documents\baseline_zhou\zhou_icf_mpc_model_error_decomposition_iter01\src\+zhou_ipmsm\+io\create_run_context.m,src\+zhou_ipmsm\+io\create_run_context.m,runtime frozen controller/plant/S2 closure
sequence_decomposition,C:\Users\catkin\Documents\baseline_zhou\zhou_icf_mpc_sequence_decomposition_iter01\src\+zhou_ipmsm\+io\file_sha256.m,src\+zhou_ipmsm\+io\file_sha256.m,503,2026-07-12T21:51:35.000,b7b7ec8761d93aea16ea198c585bfc6ba8bac5fda80a3cd6321ad6ff1a0c69b4,1,1,C:\Users\catkin\Documents\baseline_zhou\zhou_icf_mpc_model_error_decomposition_iter01\src\+zhou_ipmsm\+io\file_sha256.m,src\+zhou_ipmsm\+io\file_sha256.m,runtime frozen controller/plant/S2 closure
sequence_decomposition,C:\Users\catkin\Documents\baseline_zhou\zhou_icf_mpc_sequence_decomposition_iter01\src\+zhou_ipmsm\+io\write_code_manifest.m,src\+zhou_ipmsm\+io\write_code_manifest.m,1382,2026-07-12T21:51:35.000,1086740d2c44054665b23a08b80df92b5f894e41f1c3a0569653ce89b0ae4505,1,1,C:\Users\catkin\Documents\baseline_zhou\zhou_icf_mpc_model_error_decomposition_iter01\src\+zhou_ipmsm\+io\write_code_manifest.m,src\+zhou_ipmsm\+io\write_code_manifest.m,runtime frozen controller/plant/S2 closure
sequence_decomposition,C:\Users\catkin\Documents\baseline_zhou\zhou_icf_mpc_sequence_decomposition_iter01\src\+zhou_ipmsm\+io\write_or_append_table.m,src\+zhou_ipmsm\+io\write_or_append_table.m,764,2026-07-12T21:51:35.000,d1cd89497fabeff504515e420752d0b028ba16d15db8f4dba69b62f75384cc5e,1,1,C:\Users\catkin\Documents\baseline_zhou\zhou_icf_mpc_model_error_decomposition_iter01\src\+zhou_ipmsm\+io\write_or_append_table.m,src\+zhou_ipmsm\+io\write_or_append_table.m,runtime frozen controller/plant/S2 closure
sequence_decomposition,C:\Users\catkin\Documents\baseline_zhou\zhou_icf_mpc_sequence_decomposition_iter01\src\+zhou_ipmsm\+io\write_text_new.m,src\+zhou_ipmsm\+io\write_text_new.m,425,2026-07-12T21:51:35.000,6f02a340d13307db188973ebf3e0aa92f1fa8e18cbe90909435f9ecd944793e5,1,1,C:\Users\catkin\Documents\baseline_zhou\zhou_icf_mpc_model_error_decomposition_iter01\src\+zhou_ipmsm\+io\write_text_new.m,src\+zhou_ipmsm\+io\write_text_new.m,runtime frozen controller/plant/S2 closure
sequence_decomposition,C:\Users\catkin\Documents\baseline_zhou\zhou_icf_mpc_sequence_decomposition_iter01\src\+zhou_ipmsm\+math\inv_park.m,src\+zhou_ipmsm\+math\inv_park.m,182,2026-07-12T21:51:35.000,9aba0e5069d057e46a4505db9cbfcdda1fb4915f9e42d4a8dba849811cba6624,1,1,C:\Users\catkin\Documents\baseline_zhou\zhou_icf_mpc_model_error_decomposition_iter01\src\+zhou_ipmsm\+math\inv_park.m,src\+zhou_ipmsm\+math\inv_park.m,runtime frozen controller/plant/S2 closure
sequence_decomposition,C:\Users\catkin\Documents\baseline_zhou\zhou_icf_mpc_sequence_decomposition_iter01\src\+zhou_ipmsm\+math\inv_park.m,src\+zhou_ipmsm\+math\inv_park.m,182,2026-07-12T21:51:35.000,9aba0e5069d057e46a4505db9cbfcdda1fb4915f9e42d4a8dba849811cba6624,1,1,C:\Users\catkin\Documents\baseline_zhou\zhou_icf_mpc_model_error_decomposition_iter01\src\+zhou_iter11_ref\+math\inv_park.m,src\+zhou_iter11_ref\+math\inv_park.m,runtime frozen controller/plant/S2 closure
sequence_decomposition,C:\Users\catkin\Documents\baseline_zhou\zhou_icf_mpc_sequence_decomposition_iter01\src\+zhou_ipmsm\+math\park.m,src\+zhou_ipmsm\+math\park.m,180,2026-07-12T21:51:35.000,dcb18e96c63efa8f4741f93ad4e203c1c1fceb4f0e5e91c864203161bdcc2c14,1,1,C:\Users\catkin\Documents\baseline_zhou\zhou_icf_mpc_model_error_decomposition_iter01\src\+zhou_ipmsm\+math\park.m,src\+zhou_ipmsm\+math\park.m,runtime frozen controller/plant/S2 closure
sequence_decomposition,C:\Users\catkin\Documents\baseline_zhou\zhou_icf_mpc_sequence_decomposition_iter01\src\+zhou_ipmsm\+math\park.m,src\+zhou_ipmsm\+math\park.m,180,2026-07-12T21:51:35.000,dcb18e96c63efa8f4741f93ad4e203c1c1fceb4f0e5e91c864203161bdcc2c14,1,1,C:\Users\catkin\Documents\baseline_zhou\zhou_icf_mpc_model_error_decomposition_iter01\src\+zhou_iter11_ref\+math\park.m,src\+zhou_iter11_ref\+math\park.m,runtime frozen controller/plant/S2 closure
sequence_decomposition,C:\Users\catkin\Documents\baseline_zhou\zhou_icf_mpc_sequence_decomposition_iter01\src\+zhou_ipmsm\+metrics\case_statistics_table.m,src\+zhou_ipmsm\+metrics\case_statistics_table.m,559,2026-07-12T21:51:35.000,9ed4200f5ed837bc968ce47635ad3179af416dc1e5842ca517e6eb313b50ac16,1,1,C:\Users\catkin\Documents\baseline_zhou\zhou_icf_mpc_model_error_decomposition_iter01\src\+zhou_ipmsm\+metrics\case_statistics_table.m,src\+zhou_ipmsm\+metrics\case_statistics_table.m,runtime frozen controller/plant/S2 closure
sequence_decomposition,C:\Users\catkin\Documents\baseline_zhou\zhou_icf_mpc_sequence_decomposition_iter01\src\+zhou_ipmsm\+metrics\case_statistics_table.m,src\+zhou_ipmsm\+metrics\case_statistics_table.m,559,2026-07-12T21:51:35.000,9ed4200f5ed837bc968ce47635ad3179af416dc1e5842ca517e6eb313b50ac16,1,1,C:\Users\catkin\Documents\baseline_zhou\zhou_icf_mpc_model_error_decomposition_iter01\src\+zhou_iter11_ref\+metrics\case_statistics_table.m,src\+zhou_iter11_ref\+metrics\case_statistics_table.m,runtime frozen controller/plant/S2 closure
sequence_decomposition,C:\Users\catkin\Documents\baseline_zhou\zhou_icf_mpc_sequence_decomposition_iter01\src\+zhou_ipmsm\+metrics\constraint_violations_table.m,src\+zhou_ipmsm\+metrics\constraint_violations_table.m,1331,2026-07-12T21:51:35.000,42fa7c9e356b5a6daa2147fd848beb7e176ea4c87032cb0bc64e817a21251636,1,1,C:\Users\catkin\Documents\baseline_zhou\zhou_icf_mpc_model_error_decomposition_iter01\src\+zhou_ipmsm\+metrics\constraint_violations_table.m,src\+zhou_ipmsm\+metrics\constraint_violations_table.m,runtime frozen controller/plant/S2 closure
sequence_decomposition,C:\Users\catkin\Documents\baseline_zhou\zhou_icf_mpc_sequence_decomposition_iter01\src\+zhou_ipmsm\+metrics\constraint_violations_table.m,src\+zhou_ipmsm\+metrics\constraint_violations_table.m,1331,2026-07-12T21:51:35.000,42fa7c9e356b5a6daa2147fd848beb7e176ea4c87032cb0bc64e817a21251636,1,1,C:\Users\catkin\Documents\baseline_zhou\zhou_icf_mpc_model_error_decomposition_iter01\src\+zhou_iter11_ref\+metrics\constraint_violations_table.m,src\+zhou_iter11_ref\+metrics\constraint_violations_table.m,runtime frozen controller/plant/S2 closure
sequence_decomposition,C:\Users\catkin\Documents\baseline_zhou\zhou_icf_mpc_sequence_decomposition_iter01\src\+zhou_ipmsm\+metrics\phase_thd.m,src\+zhou_ipmsm\+metrics\phase_thd.m,687,2026-07-12T21:51:35.000,5e43604055e7238b6c841301e71bf462bca80ddc7facf48370ed8ce6f485b638,1,1,C:\Users\catkin\Documents\baseline_zhou\zhou_icf_mpc_model_error_decomposition_iter01\src\+zhou_ipmsm\+metrics\phase_thd.m,src\+zhou_ipmsm\+metrics\phase_thd.m,runtime frozen controller/plant/S2 closure
sequence_decomposition,C:\Users\catkin\Documents\baseline_zhou\zhou_icf_mpc_sequence_decomposition_iter01\src\+zhou_ipmsm\+metrics\phase_thd.m,src\+zhou_ipmsm\+metrics\phase_thd.m,687,2026-07-12T21:51:35.000,5e43604055e7238b6c841301e71bf462bca80ddc7facf48370ed8ce6f485b638,1,1,C:\Users\catkin\Documents\baseline_zhou\zhou_icf_mpc_model_error_decomposition_iter01\src\+zhou_iter11_ref\+metrics\phase_thd.m,src\+zhou_iter11_ref\+metrics\phase_thd.m,runtime frozen controller/plant/S2 closure
sequence_decomposition,C:\Users\catkin\Documents\baseline_zhou\zhou_icf_mpc_sequence_decomposition_iter01\src\+zhou_ipmsm\+metrics\phase_thd_total_rms.m,src\+zhou_ipmsm\+metrics\phase_thd_total_rms.m,838,2026-07-12T21:51:35.000,160d74ef7333bd6d2915f11816ff495428c5fd32481873b99c8f5eadaac59b01,1,1,C:\Users\catkin\Documents\baseline_zhou\zhou_icf_mpc_model_error_decomposition_iter01\src\+zhou_ipmsm\+metrics\phase_thd_total_rms.m,src\+zhou_ipmsm\+metrics\phase_thd_total_rms.m,runtime frozen controller/plant/S2 closure
sequence_decomposition,C:\Users\catkin\Documents\baseline_zhou\zhou_icf_mpc_sequence_decomposition_iter01\src\+zhou_ipmsm\+metrics\summarize_simulation.m,src\+zhou_ipmsm\+metrics\summarize_simulation.m,4194,2026-07-12T21:51:35.000,6a03b268a2b0082409d7a8874ad071f4059446963d58ebdef3a1f291125a3e63,1,1,C:\Users\catkin\Documents\baseline_zhou\zhou_icf_mpc_model_error_decomposition_iter01\src\+zhou_ipmsm\+metrics\summarize_simulation.m,src\+zhou_ipmsm\+metrics\summarize_simulation.m,runtime frozen controller/plant/S2 closure
sequence_decomposition,C:\Users\catkin\Documents\baseline_zhou\zhou_icf_mpc_sequence_decomposition_iter01\src\+zhou_ipmsm\+metrics\summary_to_long_table.m,src\+zhou_ipmsm\+metrics\summary_to_long_table.m,2141,2026-07-12T21:51:35.000,fe7d4f860976f61e77fdfc721a0fbfab0f209bd5b5ea23f089ce4a93a4b42cd0,1,1,C:\Users\catkin\Documents\baseline_zhou\zhou_icf_mpc_model_error_decomposition_iter01\src\+zhou_ipmsm\+metrics\summary_to_long_table.m,src\+zhou_ipmsm\+metrics\summary_to_long_table.m,runtime frozen controller/plant/S2 closure
sequence_decomposition,C:\Users\catkin\Documents\baseline_zhou\zhou_icf_mpc_sequence_decomposition_iter01\src\+zhou_ipmsm\+metrics\summary_to_long_table.m,src\+zhou_ipmsm\+metrics\summary_to_long_table.m,2141,2026-07-12T21:51:35.000,fe7d4f860976f61e77fdfc721a0fbfab0f209bd5b5ea23f089ce4a93a4b42cd0,1,1,C:\Users\catkin\Documents\baseline_zhou\zhou_icf_mpc_model_error_decomposition_iter01\src\+zhou_iter11_ref\+metrics\summary_to_long_table.m,src\+zhou_iter11_ref\+metrics\summary_to_long_table.m,runtime frozen controller/plant/S2 closure
sequence_decomposition,C:\Users\catkin\Documents\baseline_zhou\zhou_icf_mpc_sequence_decomposition_iter01\src\+zhou_ipmsm\+model\electromagnetic_torque.m,src\+zhou_ipmsm\+model\electromagnetic_torque.m,666,2026-07-12T21:55:11.000,95ac234dfe63cfa064a863de845c3d6258fb87879acc9883fe40bcf85e887ed0,1,1,C:\Users\catkin\Documents\baseline_zhou\zhou_icf_mpc_model_error_decomposition_iter01\src\+zhou_ipmsm\+model\electromagnetic_torque.m,src\+zhou_ipmsm\+model\electromagnetic_torque.m,runtime frozen controller/plant/S2 closure
sequence_decomposition,C:\Users\catkin\Documents\baseline_zhou\zhou_icf_mpc_sequence_decomposition_iter01\src\+zhou_ipmsm\+model\integrate_command.m,src\+zhou_ipmsm\+model\integrate_command.m,2561,2026-07-12T21:55:11.000,e7c8364b36845d5367c9c3ad701d845e7069c9fd170c7c24f321f16510e7c6cd,1,1,C:\Users\catkin\Documents\baseline_zhou\zhou_icf_mpc_model_error_decomposition_iter01\src\+zhou_ipmsm\+model\integrate_command.m,src\+zhou_ipmsm\+model\integrate_command.m,runtime frozen controller/plant/S2 closure
sequence_decomposition,C:\Users\catkin\Documents\baseline_zhou\zhou_icf_mpc_sequence_decomposition_iter01\src\+zhou_ipmsm\+model\phase_currents.m,src\+zhou_ipmsm\+model\phase_currents.m,355,2026-07-12T21:51:35.000,bc263f05bfbb0820a01de930044c4262636f9ccf03003ff291eb3bf05904e256,1,1,C:\Users\catkin\Documents\baseline_zhou\zhou_icf_mpc_model_error_decomposition_iter01\src\+zhou_ipmsm\+model\phase_currents.m,src\+zhou_ipmsm\+model\phase_currents.m,runtime frozen controller/plant/S2 closure
sequence_decomposition,C:\Users\catkin\Documents\baseline_zhou\zhou_icf_mpc_sequence_decomposition_iter01\src\+zhou_ipmsm\+model\pmsm_derivative.m,src\+zhou_ipmsm\+model\pmsm_derivative.m,1310,2026-07-12T21:55:11.000,2cb48bef4e266a0a667c9adae3ac813d9ddb5b807403e837d7fbf4317ac6dd90,1,1,C:\Users\catkin\Documents\baseline_zhou\zhou_icf_mpc_model_error_decomposition_iter01\src\+zhou_ipmsm\+model\pmsm_derivative.m,src\+zhou_ipmsm\+model\pmsm_derivative.m,runtime frozen controller/plant/S2 closure
sequence_decomposition,C:\Users\catkin\Documents\baseline_zhou\zhou_icf_mpc_sequence_decomposition_iter01\src\+zhou_ipmsm\+model\sample_command_waveform.m,src\+zhou_ipmsm\+model\sample_command_waveform.m,3011,2026-07-12T21:51:35.000,80006bd04039b9aba53ef4b799b1ba632965ddb42692a4e09396056eee8f1ebf,1,1,C:\Users\catkin\Documents\baseline_zhou\zhou_icf_mpc_model_error_decomposition_iter01\src\+zhou_ipmsm\+model\sample_command_waveform.m,src\+zhou_ipmsm\+model\sample_command_waveform.m,runtime frozen controller/plant/S2 closure
sequence_decomposition,C:\Users\catkin\Documents\baseline_zhou\zhou_icf_mpc_sequence_decomposition_iter01\src\+zhou_ipmsm\+model\torque_components.m,src\+zhou_ipmsm\+model\torque_components.m,564,2026-07-12T21:55:11.000,84c241a755f47a1f450185b8b16411e7d74a863479f1f7127b22f6d76dd97996,1,1,C:\Users\catkin\Documents\baseline_zhou\zhou_icf_mpc_model_error_decomposition_iter01\src\+zhou_ipmsm\+model\torque_components.m,src\+zhou_ipmsm\+model\torque_components.m,runtime frozen controller/plant/S2 closure
sequence_decomposition,C:\Users\catkin\Documents\baseline_zhou\zhou_icf_mpc_sequence_decomposition_iter01\src\+zhou_ipmsm\+modulation\case1_command.m,src\+zhou_ipmsm\+modulation\case1_command.m,619,2026-07-12T21:51:35.000,5b047ffe7e63b29d02e0c81bfed76e49e22d0a675d664c209cd039486fa12bac,1,1,C:\Users\catkin\Documents\baseline_zhou\zhou_icf_mpc_model_error_decomposition_iter01\src\+zhou_ipmsm\+modulation\case1_command.m,src\+zhou_ipmsm\+modulation\case1_command.m,runtime frozen controller/plant/S2 closure
sequence_decomposition,C:\Users\catkin\Documents\baseline_zhou\zhou_icf_mpc_sequence_decomposition_iter01\src\+zhou_ipmsm\+modulation\case1_command.m,src\+zhou_ipmsm\+modulation\case1_command.m,619,2026-07-12T21:51:35.000,5b047ffe7e63b29d02e0c81bfed76e49e22d0a675d664c209cd039486fa12bac,1,1,C:\Users\catkin\Documents\baseline_zhou\zhou_icf_mpc_model_error_decomposition_iter01\src\+zhou_iter11_ref\+modulation\case1_command.m,src\+zhou_iter11_ref\+modulation\case1_command.m,runtime frozen controller/plant/S2 closure
sequence_decomposition,C:\Users\catkin\Documents\baseline_zhou\zhou_icf_mpc_sequence_decomposition_iter01\src\+zhou_ipmsm\+modulation\case2_command.m,src\+zhou_ipmsm\+modulation\case2_command.m,1772,2026-07-12T21:51:35.000,e4bc191b2b8ab749ce618666fc095246435e69462fb6b88aa8793aa470e3ca93,1,1,C:\Users\catkin\Documents\baseline_zhou\zhou_icf_mpc_model_error_decomposition_iter01\src\+zhou_ipmsm\+modulation\case2_command.m,src\+zhou_ipmsm\+modulation\case2_command.m,runtime frozen controller/plant/S2 closure
sequence_decomposition,C:\Users\catkin\Documents\baseline_zhou\zhou_icf_mpc_sequence_decomposition_iter01\src\+zhou_ipmsm\+modulation\case3_command.m,src\+zhou_ipmsm\+modulation\case3_command.m,2008,2026-07-12T21:51:35.000,b26516623a953dcf0b2b4ab28830d65948fccdf3de7d12efbfb3009abe80ac69,1,1,C:\Users\catkin\Documents\baseline_zhou\zhou_icf_mpc_model_error_decomposition_iter01\src\+zhou_ipmsm\+modulation\case3_command.m,src\+zhou_ipmsm\+modulation\case3_command.m,runtime frozen controller/plant/S2 closure
sequence_decomposition,C:\Users\catkin\Documents\baseline_zhou\zhou_icf_mpc_sequence_decomposition_iter01\src\+zhou_ipmsm\+reference\build_current_reference.m,src\+zhou_ipmsm\+reference\build_current_reference.m,213,2026-07-13T08:46:12.000,b43d0e9d913311f026d3255161f0648ba13945481aa793fdc20a430be2fbbd2d,1,1,C:\Users\catkin\Documents\baseline_zhou\zhou_icf_mpc_model_error_decomposition_iter01\src\+zhou_ipmsm\+reference\build_current_reference.m,src\+zhou_ipmsm\+reference\build_current_reference.m,runtime frozen controller/plant/S2 closure
sequence_decomposition,C:\Users\catkin\Documents\baseline_zhou\zhou_icf_mpc_sequence_decomposition_iter01\src\+zhou_ipmsm\+sim\run_closed_loop.m,src\+zhou_ipmsm\+sim\run_closed_loop.m,17971,2026-07-13T01:57:16.000,0273f4cbcb7a9425f88c2ef4e7a2307a6aa3ba3085708bad1419cf2a4662cb6d,1,1,C:\Users\catkin\Documents\baseline_zhou\zhou_icf_mpc_model_error_decomposition_iter01\src\+zhou_ipmsm\+sim\run_closed_loop.m,src\+zhou_ipmsm\+sim\run_closed_loop.m,runtime frozen controller/plant/S2 closure
sequence_decomposition,C:\Users\catkin\Documents\baseline_zhou\zhou_icf_mpc_sequence_decomposition_iter01\src\+zhou_iter11_ref\+baseline\fcs_mpcc_step.m,src\+zhou_iter11_ref\+baseline\fcs_mpcc_step.m,3394,2026-07-12T21:51:34.000,18e41c6fd318ac697b48d1b03875ee57e19c4b76ac2bd31653df29e4f4112520,1,1,C:\Users\catkin\Documents\baseline_zhou\zhou_icf_mpc_model_error_decomposition_iter01\src\+zhou_iter11_ref\+baseline\fcs_mpcc_step.m,src\+zhou_iter11_ref\+baseline\fcs_mpcc_step.m,runtime frozen controller/plant/S2 closure
sequence_decomposition,C:\Users\catkin\Documents\baseline_zhou\zhou_icf_mpc_sequence_decomposition_iter01\src\+zhou_iter11_ref\+controller\costs_from_voltage.m,src\+zhou_iter11_ref\+controller\costs_from_voltage.m,281,2026-07-12T21:51:34.000,0c9817a3afb3ab06553daa2d55d596bddb2850686af68b5fbb7ce6921eaa1eef,1,1,C:\Users\catkin\Documents\baseline_zhou\zhou_icf_mpc_model_error_decomposition_iter01\src\+zhou_iter11_ref\+controller\costs_from_voltage.m,src\+zhou_iter11_ref\+controller\costs_from_voltage.m,runtime frozen controller/plant/S2 closure
sequence_decomposition,C:\Users\catkin\Documents\baseline_zhou\zhou_icf_mpc_sequence_decomposition_iter01\src\+zhou_iter11_ref\+controller\estimate_F_algebraic.m,src\+zhou_iter11_ref\+controller\estimate_F_algebraic.m,1094,2026-07-12T21:51:34.000,117e376087651cdee280061d00364583fba05e3ecc7398a513b4d565403ee46a,1,1,C:\Users\catkin\Documents\baseline_zhou\zhou_icf_mpc_model_error_decomposition_iter01\src\+zhou_iter11_ref\+controller\estimate_F_algebraic.m,src\+zhou_iter11_ref\+controller\estimate_F_algebraic.m,runtime frozen controller/plant/S2 closure
sequence_decomposition,C:\Users\catkin\Documents\baseline_zhou\zhou_icf_mpc_sequence_decomposition_iter01\src\+zhou_iter11_ref\+controller\icf_mpc_step.m,src\+zhou_iter11_ref\+controller\icf_mpc_step.m,3389,2026-07-12T21:51:34.000,eadea63d0c1bb678310e48e1109afde9d3c549af68daae59921f99fb7738b4f5,1,1,C:\Users\catkin\Documents\baseline_zhou\zhou_icf_mpc_model_error_decomposition_iter01\src\+zhou_iter11_ref\+controller\icf_mpc_step.m,src\+zhou_iter11_ref\+controller\icf_mpc_step.m,runtime frozen controller/plant/S2 closure
sequence_decomposition,C:\Users\catkin\Documents\baseline_zhou\zhou_icf_mpc_sequence_decomposition_iter01\src\+zhou_iter11_ref\+controller\sequence_equivalent_dq_voltage.m,src\+zhou_iter11_ref\+controller\sequence_equivalent_dq_voltage.m,649,2026-07-12T21:51:35.000,b41d0cb1ecc5de5a5c29ec80f1fc7a52bce0fd830f3a91d1344034d143ed0f5e,1,1,C:\Users\catkin\Documents\baseline_zhou\zhou_icf_mpc_model_error_decomposition_iter01\src\+zhou_iter11_ref\+controller\sequence_equivalent_dq_voltage.m,src\+zhou_iter11_ref\+controller\sequence_equivalent_dq_voltage.m,runtime frozen controller/plant/S2 closure
sequence_decomposition,C:\Users\catkin\Documents\baseline_zhou\zhou_icf_mpc_sequence_decomposition_iter01\src\+zhou_iter11_ref\+geometry\analyze_rectangle.m,src\+zhou_iter11_ref\+geometry\analyze_rectangle.m,2972,2026-07-12T21:51:35.000,5171a18aa30ebb0a016f50695a64d51d09bbbdc1174b0725de8ccbc931bfe906,1,1,C:\Users\catkin\Documents\baseline_zhou\zhou_icf_mpc_model_error_decomposition_iter01\src\+zhou_iter11_ref\+geometry\analyze_rectangle.m,src\+zhou_iter11_ref\+geometry\analyze_rectangle.m,runtime frozen controller/plant/S2 closure
sequence_decomposition,C:\Users\catkin\Documents\baseline_zhou\zhou_icf_mpc_sequence_decomposition_iter01\src\+zhou_iter11_ref\+geometry\case2_midpoint.m,src\+zhou_iter11_ref\+geometry\case2_midpoint.m,4119,2026-07-12T21:51:35.000,6f05566ca872b6677c43611ac6619cd821d2f345fa2aeaa8f097f645347811f3,1,1,C:\Users\catkin\Documents\baseline_zhou\zhou_icf_mpc_model_error_decomposition_iter01\src\+zhou_iter11_ref\+geometry\case2_midpoint.m,src\+zhou_iter11_ref\+geometry\case2_midpoint.m,runtime frozen controller/plant/S2 closure
sequence_decomposition,C:\Users\catkin\Documents\baseline_zhou\zhou_icf_mpc_sequence_decomposition_iter01\src\+zhou_iter11_ref\+geometry\classify_case.m,src\+zhou_iter11_ref\+geometry\classify_case.m,1220,2026-07-12T21:51:35.000,5f2b25ba2d45d229f053ab206fa6911274f95d254677940db898d5d44da1d658,1,1,C:\Users\catkin\Documents\baseline_zhou\zhou_icf_mpc_model_error_decomposition_iter01\src\+zhou_iter11_ref\+geometry\classify_case.m,src\+zhou_iter11_ref\+geometry\classify_case.m,runtime frozen controller/plant/S2 closure
sequence_decomposition,C:\Users\catkin\Documents\baseline_zhou\zhou_icf_mpc_sequence_decomposition_iter01\src\+zhou_iter11_ref\+geometry\line_rectangle_intersections.m,src\+zhou_iter11_ref\+geometry\line_rectangle_intersections.m,2517,2026-07-12T21:51:35.000,5e6c04de6218045d7171382a9049c2d7923b78026ca7dc763463e4955859ae57,1,1,C:\Users\catkin\Documents\baseline_zhou\zhou_icf_mpc_model_error_decomposition_iter01\src\+zhou_iter11_ref\+geometry\line_rectangle_intersections.m,src\+zhou_iter11_ref\+geometry\line_rectangle_intersections.m,runtime frozen controller/plant/S2 closure
sequence_decomposition,C:\Users\catkin\Documents\baseline_zhou\zhou_icf_mpc_sequence_decomposition_iter01\src\+zhou_iter11_ref\+geometry\line_side_signature.m,src\+zhou_iter11_ref\+geometry\line_side_signature.m,861,2026-07-12T21:51:35.000,800a83a4095a7b6f243735abacf2c7a5c24690c2c03d5e1ae2d71abc3b4b3468,1,1,C:\Users\catkin\Documents\baseline_zhou\zhou_icf_mpc_model_error_decomposition_iter01\src\+zhou_iter11_ref\+geometry\line_side_signature.m,src\+zhou_iter11_ref\+geometry\line_side_signature.m,runtime frozen controller/plant/S2 closure
sequence_decomposition,C:\Users\catkin\Documents\baseline_zhou\zhou_icf_mpc_sequence_decomposition_iter01\src\+zhou_iter11_ref\+geometry\point_in_rectangle.m,src\+zhou_iter11_ref\+geometry\point_in_rectangle.m,472,2026-07-12T21:51:35.000,219275c5d58bfd4641fc0534500bd8aae7a4cf85e7b3bef816c03ea97b3476a2,1,1,C:\Users\catkin\Documents\baseline_zhou\zhou_icf_mpc_model_error_decomposition_iter01\src\+zhou_iter11_ref\+geometry\point_in_rectangle.m,src\+zhou_iter11_ref\+geometry\point_in_rectangle.m,runtime frozen controller/plant/S2 closure
sequence_decomposition,C:\Users\catkin\Documents\baseline_zhou\zhou_icf_mpc_sequence_decomposition_iter01\src\+zhou_iter11_ref\+geometry\select_savv.m,src\+zhou_iter11_ref\+geometry\select_savv.m,3202,2026-07-12T21:51:35.000,450814bff6067a497ef8df2ba5611bf106d14f344a2c4eef0c3e703423f8cdd0,1,1,C:\Users\catkin\Documents\baseline_zhou\zhou_icf_mpc_model_error_decomposition_iter01\src\+zhou_iter11_ref\+geometry\select_savv.m,src\+zhou_iter11_ref\+geometry\select_savv.m,runtime frozen controller/plant/S2 closure
sequence_decomposition,C:\Users\catkin\Documents\baseline_zhou\zhou_icf_mpc_sequence_decomposition_iter01\src\+zhou_iter11_ref\+inverter\count_sequence_transitions.m,src\+zhou_iter11_ref\+inverter\count_sequence_transitions.m,350,2026-07-12T21:51:35.000,0f498d541e59f0f0389b67edacc1bd3c6c7c958ae4e41bcb6b177f0bf59bad12,1,1,C:\Users\catkin\Documents\baseline_zhou\zhou_icf_mpc_model_error_decomposition_iter01\src\+zhou_iter11_ref\+inverter\count_sequence_transitions.m,src\+zhou_iter11_ref\+inverter\count_sequence_transitions.m,runtime frozen controller/plant/S2 closure
sequence_decomposition,C:\Users\catkin\Documents\baseline_zhou\zhou_icf_mpc_sequence_decomposition_iter01\src\+zhou_iter11_ref\+inverter\deadtime_voltage_error.m,src\+zhou_iter11_ref\+inverter\deadtime_voltage_error.m,2090,2026-07-12T21:51:35.000,7e706179b5f4217bf81900dec13410151b662ac4d53d3d6d54a7357fdafd1452,1,1,C:\Users\catkin\Documents\baseline_zhou\zhou_icf_mpc_model_error_decomposition_iter01\src\+zhou_iter11_ref\+inverter\deadtime_voltage_error.m,src\+zhou_iter11_ref\+inverter\deadtime_voltage_error.m,runtime frozen controller/plant/S2 closure
sequence_decomposition,C:\Users\catkin\Documents\baseline_zhou\zhou_icf_mpc_sequence_decomposition_iter01\src\+zhou_iter11_ref\+io\append_standard_tables.m,src\+zhou_iter11_ref\+io\append_standard_tables.m,866,2026-07-12T21:51:35.000,a5c8f68f5e9d767beb7c9d986e0e738738dd35c4f0932be5a428c561c55a0b2d,1,1,C:\Users\catkin\Documents\baseline_zhou\zhou_icf_mpc_model_error_decomposition_iter01\src\+zhou_iter11_ref\+io\append_standard_tables.m,src\+zhou_iter11_ref\+io\append_standard_tables.m,runtime frozen controller/plant/S2 closure
sequence_decomposition,C:\Users\catkin\Documents\baseline_zhou\zhou_icf_mpc_sequence_decomposition_iter01\src\+zhou_iter11_ref\+io\append_text.m,src\+zhou_iter11_ref\+io\append_text.m,414,2026-07-12T21:51:35.000,3d7270aa180228ca10f59bacc57bab904f863775951ada403af95c0946331064,1,1,C:\Users\catkin\Documents\baseline_zhou\zhou_icf_mpc_model_error_decomposition_iter01\src\+zhou_iter11_ref\+io\append_text.m,src\+zhou_iter11_ref\+io\append_text.m,runtime frozen controller/plant/S2 closure
sequence_decomposition,C:\Users\catkin\Documents\baseline_zhou\zhou_icf_mpc_sequence_decomposition_iter01\src\+zhou_iter11_ref\+io\create_run_context.m,src\+zhou_iter11_ref\+io\create_run_context.m,2223,2026-07-12T21:51:35.000,ecb9dd6aac8eb90a72ffdfd420e62ecbce54d0bf1189f68c1d455d9c5beb9e1d,1,1,C:\Users\catkin\Documents\baseline_zhou\zhou_icf_mpc_model_error_decomposition_iter01\src\+zhou_iter11_ref\+io\create_run_context.m,src\+zhou_iter11_ref\+io\create_run_context.m,runtime frozen controller/plant/S2 closure
sequence_decomposition,C:\Users\catkin\Documents\baseline_zhou\zhou_icf_mpc_sequence_decomposition_iter01\src\+zhou_iter11_ref\+io\file_sha256.m,src\+zhou_iter11_ref\+io\file_sha256.m,507,2026-07-12T21:51:35.000,7153a4601b550bdcb9191eefc730f9e71d52d267992b1b58d192fa89059b2323,1,1,C:\Users\catkin\Documents\baseline_zhou\zhou_icf_mpc_model_error_decomposition_iter01\src\+zhou_iter11_ref\+io\file_sha256.m,src\+zhou_iter11_ref\+io\file_sha256.m,runtime frozen controller/plant/S2 closure
sequence_decomposition,C:\Users\catkin\Documents\baseline_zhou\zhou_icf_mpc_sequence_decomposition_iter01\src\+zhou_iter11_ref\+io\write_code_manifest.m,src\+zhou_iter11_ref\+io\write_code_manifest.m,1387,2026-07-12T21:51:35.000,c067626da6c366d39d5b8b35d609b457e7251e647cec1f52c6dc3b5dfadbcf4b,1,1,C:\Users\catkin\Documents\baseline_zhou\zhou_icf_mpc_model_error_decomposition_iter01\src\+zhou_iter11_ref\+io\write_code_manifest.m,src\+zhou_iter11_ref\+io\write_code_manifest.m,runtime frozen controller/plant/S2 closure
sequence_decomposition,C:\Users\catkin\Documents\baseline_zhou\zhou_icf_mpc_sequence_decomposition_iter01\src\+zhou_iter11_ref\+io\write_or_append_table.m,src\+zhou_iter11_ref\+io\write_or_append_table.m,772,2026-07-12T21:51:35.000,fb295dc68e40277a665e98e8d6f2652e8e49dc07a647808e9d78cb173751eb2c,1,1,C:\Users\catkin\Documents\baseline_zhou\zhou_icf_mpc_model_error_decomposition_iter01\src\+zhou_iter11_ref\+io\write_or_append_table.m,src\+zhou_iter11_ref\+io\write_or_append_table.m,runtime frozen controller/plant/S2 closure
sequence_decomposition,C:\Users\catkin\Documents\baseline_zhou\zhou_icf_mpc_sequence_decomposition_iter01\src\+zhou_iter11_ref\+io\write_text_new.m,src\+zhou_iter11_ref\+io\write_text_new.m,433,2026-07-12T21:51:35.000,6fa3013d26ff630018dde86c7b62c50ee086ce6bd827aa0e43aaf43615c1a1d5,1,1,C:\Users\catkin\Documents\baseline_zhou\zhou_icf_mpc_model_error_decomposition_iter01\src\+zhou_iter11_ref\+io\write_text_new.m,src\+zhou_iter11_ref\+io\write_text_new.m,runtime frozen controller/plant/S2 closure
sequence_decomposition,C:\Users\catkin\Documents\baseline_zhou\zhou_icf_mpc_sequence_decomposition_iter01\src\+zhou_iter11_ref\+metrics\phase_thd_total_rms.m,src\+zhou_iter11_ref\+metrics\phase_thd_total_rms.m,842,2026-07-12T21:51:35.000,a34d013d31ec5fb0f245a60f1564bb72624e43818400f8aff5fde6eba297269e,1,1,C:\Users\catkin\Documents\baseline_zhou\zhou_icf_mpc_model_error_decomposition_iter01\src\+zhou_iter11_ref\+metrics\phase_thd_total_rms.m,src\+zhou_iter11_ref\+metrics\phase_thd_total_rms.m,runtime frozen controller/plant/S2 closure
sequence_decomposition,C:\Users\catkin\Documents\baseline_zhou\zhou_icf_mpc_sequence_decomposition_iter01\src\+zhou_iter11_ref\+metrics\summarize_simulation.m,src\+zhou_iter11_ref\+metrics\summarize_simulation.m,4213,2026-07-12T21:51:35.000,aba32d53c3cfd8398034c37687fcfcda3cd2aebb9ab9caab3898bbeef287f12c,1,1,C:\Users\catkin\Documents\baseline_zhou\zhou_icf_mpc_model_error_decomposition_iter01\src\+zhou_iter11_ref\+metrics\summarize_simulation.m,src\+zhou_iter11_ref\+metrics\summarize_simulation.m,runtime frozen controller/plant/S2 closure
sequence_decomposition,C:\Users\catkin\Documents\baseline_zhou\zhou_icf_mpc_sequence_decomposition_iter01\src\+zhou_iter11_ref\+model\electromagnetic_torque.m,src\+zhou_iter11_ref\+model\electromagnetic_torque.m,201,2026-07-12T21:51:35.000,4e183f9fc1eab7ef6d8ff83e3a232b7c96457922be8a098bbb42b7e9a465382f,1,1,C:\Users\catkin\Documents\baseline_zhou\zhou_icf_mpc_model_error_decomposition_iter01\src\+zhou_iter11_ref\+model\electromagnetic_torque.m,src\+zhou_iter11_ref\+model\electromagnetic_torque.m,runtime frozen controller/plant/S2 closure
sequence_decomposition,C:\Users\catkin\Documents\baseline_zhou\zhou_icf_mpc_sequence_decomposition_iter01\src\+zhou_iter11_ref\+model\integrate_command.m,src\+zhou_iter11_ref\+model\integrate_command.m,2323,2026-07-12T21:51:35.000,86250ce6ec0d43fda18f6a100512fbe11eac7c296fdf982b2e0cda0db4eec5a1,1,1,C:\Users\catkin\Documents\baseline_zhou\zhou_icf_mpc_model_error_decomposition_iter01\src\+zhou_iter11_ref\+model\integrate_command.m,src\+zhou_iter11_ref\+model\integrate_command.m,runtime frozen controller/plant/S2 closure
sequence_decomposition,C:\Users\catkin\Documents\baseline_zhou\zhou_icf_mpc_sequence_decomposition_iter01\src\+zhou_iter11_ref\+model\phase_currents.m,src\+zhou_iter11_ref\+model\phase_currents.m,360,2026-07-12T21:51:35.000,c41351d67d29b7e9b503f228efd4649828f1b094ae2009dc4940181dd8655af9,1,1,C:\Users\catkin\Documents\baseline_zhou\zhou_icf_mpc_model_error_decomposition_iter01\src\+zhou_iter11_ref\+model\phase_currents.m,src\+zhou_iter11_ref\+model\phase_currents.m,runtime frozen controller/plant/S2 closure
sequence_decomposition,C:\Users\catkin\Documents\baseline_zhou\zhou_icf_mpc_sequence_decomposition_iter01\src\+zhou_iter11_ref\+model\pmsm_derivative.m,src\+zhou_iter11_ref\+model\pmsm_derivative.m,749,2026-07-12T21:51:35.000,acc0930f67fd088e77dfd8991f74450174106b3ef08ff655a0ab55e40aa0c220,1,1,C:\Users\catkin\Documents\baseline_zhou\zhou_icf_mpc_model_error_decomposition_iter01\src\+zhou_iter11_ref\+model\pmsm_derivative.m,src\+zhou_iter11_ref\+model\pmsm_derivative.m,runtime frozen controller/plant/S2 closure
sequence_decomposition,C:\Users\catkin\Documents\baseline_zhou\zhou_icf_mpc_sequence_decomposition_iter01\src\+zhou_iter11_ref\+model\sample_command_waveform.m,src\+zhou_iter11_ref\+model\sample_command_waveform.m,3047,2026-07-12T21:51:35.000,c09ac0a85a5a8e2f3931ad3e07dc3c7896c13e3ff296dbf64b26137e40b61d8f,1,1,C:\Users\catkin\Documents\baseline_zhou\zhou_icf_mpc_model_error_decomposition_iter01\src\+zhou_iter11_ref\+model\sample_command_waveform.m,src\+zhou_iter11_ref\+model\sample_command_waveform.m,runtime frozen controller/plant/S2 closure
sequence_decomposition,C:\Users\catkin\Documents\baseline_zhou\zhou_icf_mpc_sequence_decomposition_iter01\src\+zhou_iter11_ref\+modulation\case2_command.m,src\+zhou_iter11_ref\+modulation\case2_command.m,1777,2026-07-12T21:51:35.000,67245a7bd324e694ceccea6c05a2f505a94048b3a6cc1bc5e27e385bf594f006,1,1,C:\Users\catkin\Documents\baseline_zhou\zhou_icf_mpc_model_error_decomposition_iter01\src\+zhou_iter11_ref\+modulation\case2_command.m,src\+zhou_iter11_ref\+modulation\case2_command.m,runtime frozen controller/plant/S2 closure
sequence_decomposition,C:\Users\catkin\Documents\baseline_zhou\zhou_icf_mpc_sequence_decomposition_iter01\src\+zhou_iter11_ref\+modulation\case3_command.m,src\+zhou_iter11_ref\+modulation\case3_command.m,2022,2026-07-12T21:51:35.000,9ba8d715c9ea8a197156d01bb388ad5dee659ead5418a68047d6fd994beb8b03,1,1,C:\Users\catkin\Documents\baseline_zhou\zhou_icf_mpc_model_error_decomposition_iter01\src\+zhou_iter11_ref\+modulation\case3_command.m,src\+zhou_iter11_ref\+modulation\case3_command.m,runtime frozen controller/plant/S2 closure
sequence_decomposition,C:\Users\catkin\Documents\baseline_zhou\zhou_icf_mpc_sequence_decomposition_iter01\src\+zhou_iter11_ref\+sim\run_closed_loop.m,src\+zhou_iter11_ref\+sim\run_closed_loop.m,15636,2026-07-13T01:53:46.000,ee923419f4a8b8f80fabe7693da41aec903d14262637ad5a93b4aa83e8952c6d,1,1,C:\Users\catkin\Documents\baseline_zhou\zhou_icf_mpc_model_error_decomposition_iter01\src\+zhou_iter11_ref\+sim\run_closed_loop.m,src\+zhou_iter11_ref\+sim\run_closed_loop.m,runtime frozen controller/plant/S2 closure
sequence_decomposition,C:\Users\catkin\Documents\baseline_zhou\zhou_icf_mpc_sequence_decomposition_iter01\src\+zhou_robust\run_robust_case.m,src\+zhou_robust\run_robust_case.m,31156,2026-07-13T12:02:33.000,209dffa773a367aac56d28a59450dfdc1dd76b60f0ee8cc41d5f49c9a993aa69,1,1,C:\Users\catkin\Documents\baseline_zhou\zhou_icf_mpc_model_error_decomposition_iter01\src\+zhou_robust\run_robust_case.m,src\+zhou_robust\run_robust_case.m,runtime frozen controller/plant/S2 closure
sequence_decomposition,C:\Users\catkin\Documents\baseline_zhou\zhou_icf_mpc_sequence_decomposition_iter01\src\+zhou_sequence\decompose_simulation.m,src\+zhou_sequence\decompose_simulation.m,8868,2026-07-15T12:47:11.000,8bbbe4437cfe6cd287bcb26d08b54024011435d1ff0b8780cc0e41b0051c097f,1,1,C:\Users\catkin\Documents\baseline_zhou\zhou_icf_mpc_model_error_decomposition_iter01\src\+zhou_sequence\decompose_simulation.m,src\+zhou_sequence\decompose_simulation.m,runtime frozen controller/plant/S2 closure
