source_project,source_absolute_path,source_relative_path,source_sha256,destination_absolute_path,destination_relative_path,destination_sha256,hash_match
git:2aa4e7fe2987184b36f4ffca0e9d0cabcfb7e7ff,C:\Users\catkin\Documents\baseline_zhou\zhou_icf_mpc_dual_timescale_prototype_iter01\reference\upstream_snapshots\zhou_icf_mpc_model_error_decomposition_iter01\src\+zhou_feasibility\apply_feasibility_layer.m,+zhou_feasibility\apply_feasibility_layer.m,ee32529a7ff3c0d93d9795eb5e90ddc377124c16f75c057286b0e694859dbe44,C:\Users\catkin\Documents\baseline_zhou\zhou_icf_mpc_dual_timescale_prototype_iter01\src\+zhou_feasibility\apply_feasibility_layer.m,+zhou_feasibility\apply_feasibility_layer.m,ee32529a7ff3c0d93d9795eb5e90ddc377124c16f75c057286b0e694859dbe44,1
git:2aa4e7fe2987184b36f4ffca0e9d0cabcfb7e7ff,C:\Users\catkin\Documents\baseline_zhou\zhou_icf_mpc_dual_timescale_prototype_iter01\reference\upstream_snapshots\zhou_icf_mpc_model_error_decomposition_iter01\src\+zhou_feasibility\audit_original_illegal_cycles.m,+zhou_feasibility\audit_original_illegal_cycles.m,0536d1a906b1e2b428e1fab637d8e0337b0ca4eaf6f00045e94ff40807c9341b,C:\Users\catkin\Documents\baseline_zhou\zhou_icf_mpc_dual_timescale_prototype_iter01\src\+zhou_feasibility\audit_original_illegal_cycles.m,+zhou_feasibility\audit_original_illegal_cycles.m,0536d1a906b1e2b428e1fab637d8e0337b0ca4eaf6f00045e94ff40807c9341b,1
git:2aa4e7fe2987184b36f4ffca0e9d0cabcfb7e7ff,C:\Users\catkin\Documents\baseline_zhou\zhou_icf_mpc_dual_timescale_prototype_iter01\reference\upstream_snapshots\zhou_icf_mpc_model_error_decomposition_iter01\src\+zhou_feasibility\compare_pointwise_runs.m,+zhou_feasibility\compare_pointwise_runs.m,787d7f9419f1b6d23d2ad22cbb5f2e4e7ed90e5018086f753801f305224efff3,C:\Users\catkin\Documents\baseline_zhou\zhou_icf_mpc_dual_timescale_prototype_iter01\src\+zhou_feasibility\compare_pointwise_runs.m,+zhou_feasibility\compare_pointwise_runs.m,787d7f9419f1b6d23d2ad22cbb5f2e4e7ed90e5018086f753801f305224efff3,1
git:2aa4e7fe2987184b36f4ffca0e9d0cabcfb7e7ff,C:\Users\catkin\Documents\baseline_zhou\zhou_icf_mpc_dual_timescale_prototype_iter01\reference\upstream_snapshots\zhou_icf_mpc_model_error_decomposition_iter01\src\+zhou_feasibility\generate_manifests.m,+zhou_feasibility\generate_manifests.m,4060ade6d4c347dc153d26ec4016366b46e132f2488518085cbd8408f5370444,C:\Users\catkin\Documents\baseline_zhou\zhou_icf_mpc_dual_timescale_prototype_iter01\src\+zhou_feasibility\generate_manifests.m,+zhou_feasibility\generate_manifests.m,4060ade6d4c347dc153d26ec4016366b46e132f2488518085cbd8408f5370444,1
git:2aa4e7fe2987184b36f4ffca0e9d0cabcfb7e7ff,C:\Users\catkin\Documents\baseline_zhou\zhou_icf_mpc_dual_timescale_prototype_iter01\reference\upstream_snapshots\zhou_icf_mpc_model_error_decomposition_iter01\src\+zhou_feasibility\generate_plots.m,+zhou_feasibility\generate_plots.m,e661a6d08013e929af692bbbcbadffa8dd00fcc573bad63dbebdb457a0781301,C:\Users\catkin\Documents\baseline_zhou\zhou_icf_mpc_dual_timescale_prototype_iter01\src\+zhou_feasibility\generate_plots.m,+zhou_feasibility\generate_plots.m,e661a6d08013e929af692bbbcbadffa8dd00fcc573bad63dbebdb457a0781301,1
git:2aa4e7fe2987184b36f4ffca0e9d0cabcfb7e7ff,C:\Users\catkin\Documents\baseline_zhou\zhou_icf_mpc_dual_timescale_prototype_iter01\reference\upstream_snapshots\zhou_icf_mpc_model_error_decomposition_iter01\src\+zhou_feasibility\generate_reports.m,+zhou_feasibility\generate_reports.m,c892d6a827da7539250113e930b11fe2412ca2e7abc3a5c9afc47bc85798680c,C:\Users\catkin\Documents\baseline_zhou\zhou_icf_mpc_dual_timescale_prototype_iter01\src\+zhou_feasibility\generate_reports.m,+zhou_feasibility\generate_reports.m,c892d6a827da7539250113e930b11fe2412ca2e7abc3a5c9afc47bc85798680c,1
git:2aa4e7fe2987184b36f4ffca0e9d0cabcfb7e7ff,C:\Users\catkin\Documents\baseline_zhou\zhou_icf_mpc_dual_timescale_prototype_iter01\reference\upstream_snapshots\zhou_icf_mpc_model_error_decomposition_iter01\src\+zhou_feasibility\minimum_normalized_constraint_violation_in_hexagon.m,+zhou_feasibility\minimum_normalized_constraint_violation_in_hexagon.m,c8861a78ee061e110b7e1468e11d255ca702f2c85870acb7ad220a859de60af6,C:\Users\catkin\Documents\baseline_zhou\zhou_icf_mpc_dual_timescale_prototype_iter01\src\+zhou_feasibility\minimum_normalized_constraint_violation_in_hexagon.m,+zhou_feasibility\minimum_normalized_constraint_violation_in_hexagon.m,c8861a78ee061e110b7e1468e11d255ca702f2c85870acb7ad220a859de60af6,1
git:2aa4e7fe2987184b36f4ffca0e9d0cabcfb7e7ff,C:\Users\catkin\Documents\baseline_zhou\zhou_icf_mpc_dual_timescale_prototype_iter01\reference\upstream_snapshots\zhou_icf_mpc_model_error_decomposition_iter01\src\+zhou_feasibility\nearest_point_in_rectangle_hexagon_intersection.m,+zhou_feasibility\nearest_point_in_rectangle_hexagon_intersection.m,0cc04e191aa6ca56362975fafc9843f42404f91a00a3544824ef79f6f228f0e6,C:\Users\catkin\Documents\baseline_zhou\zhou_icf_mpc_dual_timescale_prototype_iter01\src\+zhou_feasibility\nearest_point_in_rectangle_hexagon_intersection.m,+zhou_feasibility\nearest_point_in_rectangle_hexagon_intersection.m,0cc04e191aa6ca56362975fafc9843f42404f91a00a3544824ef79f6f228f0e6,1
git:2aa4e7fe2987184b36f4ffca0e9d0cabcfb7e7ff,C:\Users\catkin\Documents\baseline_zhou\zhou_icf_mpc_dual_timescale_prototype_iter01\reference\upstream_snapshots\zhou_icf_mpc_model_error_decomposition_iter01\src\+zhou_feasibility\point_in_hexagon.m,+zhou_feasibility\point_in_hexagon.m,16b38f68b40858e8c440d964a5fc89a1f59313950fb6f8eee76a04fc93a8b6a3,C:\Users\catkin\Documents\baseline_zhou\zhou_icf_mpc_dual_timescale_prototype_iter01\src\+zhou_feasibility\point_in_hexagon.m,+zhou_feasibility\point_in_hexagon.m,16b38f68b40858e8c440d964a5fc89a1f59313950fb6f8eee76a04fc93a8b6a3,1
git:2aa4e7fe2987184b36f4ffca0e9d0cabcfb7e7ff,C:\Users\catkin\Documents\baseline_zhou\zhou_icf_mpc_dual_timescale_prototype_iter01\reference\upstream_snapshots\zhou_icf_mpc_model_error_decomposition_iter01\src\+zhou_feasibility\project_point_to_polygon.m,+zhou_feasibility\project_point_to_polygon.m,a358e2d2e94f9347699f2c1f7eeb19aafd0ee3a884d6074db80bad885168a06e,C:\Users\catkin\Documents\baseline_zhou\zhou_icf_mpc_dual_timescale_prototype_iter01\src\+zhou_feasibility\project_point_to_polygon.m,+zhou_feasibility\project_point_to_polygon.m,a358e2d2e94f9347699f2c1f7eeb19aafd0ee3a884d6074db80bad885168a06e,1
git:2aa4e7fe2987184b36f4ffca0e9d0cabcfb7e7ff,C:\Users\catkin\Documents\baseline_zhou\zhou_icf_mpc_dual_timescale_prototype_iter01\reference\upstream_snapshots\zhou_icf_mpc_model_error_decomposition_iter01\src\+zhou_feasibility\rectangle_hexagon_intersection.m,+zhou_feasibility\rectangle_hexagon_intersection.m,856630c7d9ea73df97c41536d4941faddcc8964996b430a8325b52026cf54982,C:\Users\catkin\Documents\baseline_zhou\zhou_icf_mpc_dual_timescale_prototype_iter01\src\+zhou_feasibility\rectangle_hexagon_intersection.m,+zhou_feasibility\rectangle_hexagon_intersection.m,856630c7d9ea73df97c41536d4941faddcc8964996b430a8325b52026cf54982,1
git:2aa4e7fe2987184b36f4ffca0e9d0cabcfb7e7ff,C:\Users\catkin\Documents\baseline_zhou\zhou_icf_mpc_dual_timescale_prototype_iter01\reference\upstream_snapshots\zhou_icf_mpc_model_error_decomposition_iter01\src\+zhou_feasibility\run_campaign.m,+zhou_feasibility\run_campaign.m,8f80044f8a23d0d40bbed8ce91eeb12637aff79229596f159538c2b6b8f2344d,C:\Users\catkin\Documents\baseline_zhou\zhou_icf_mpc_dual_timescale_prototype_iter01\src\+zhou_feasibility\run_campaign.m,+zhou_feasibility\run_campaign.m,8f80044f8a23d0d40bbed8ce91eeb12637aff79229596f159538c2b6b8f2344d,1
git:2aa4e7fe2987184b36f4ffca0e9d0cabcfb7e7ff,C:\Users\catkin\Documents\baseline_zhou\zhou_icf_mpc_dual_timescale_prototype_iter01\reference\upstream_snapshots\zhou_icf_mpc_model_error_decomposition_iter01\src\+zhou_feasibility\run_control_case.m,+zhou_feasibility\run_control_case.m,462d15f088a3546cf715ff03bc825bee0eb1a58ac83d1327276745fdcabf27e9,C:\Users\catkin\Documents\baseline_zhou\zhou_icf_mpc_dual_timescale_prototype_iter01\src\+zhou_feasibility\run_control_case.m,+zhou_feasibility\run_control_case.m,462d15f088a3546cf715ff03bc825bee0eb1a58ac83d1327276745fdcabf27e9,1
git:2aa4e7fe2987184b36f4ffca0e9d0cabcfb7e7ff,C:\Users\catkin\Documents\baseline_zhou\zhou_icf_mpc_dual_timescale_prototype_iter01\reference\upstream_snapshots\zhou_icf_mpc_model_error_decomposition_iter01\src\+zhou_feasibility\run_p0_strict_regression.m,+zhou_feasibility\run_p0_strict_regression.m,3becb442afbda5a14e99b660536c1d9a6f7e1ee04306c290b21f3442001a70ac,C:\Users\catkin\Documents\baseline_zhou\zhou_icf_mpc_dual_timescale_prototype_iter01\src\+zhou_feasibility\run_p0_strict_regression.m,+zhou_feasibility\run_p0_strict_regression.m,3becb442afbda5a14e99b660536c1d9a6f7e1ee04306c290b21f3442001a70ac,1
git:2aa4e7fe2987184b36f4ffca0e9d0cabcfb7e7ff,C:\Users\catkin\Documents\baseline_zhou\zhou_icf_mpc_dual_timescale_prototype_iter01\reference\upstream_snapshots\zhou_icf_mpc_model_error_decomposition_iter01\src\+zhou_feasibility\synthesize_feasible_three_vector_command.m,+zhou_feasibility\synthesize_feasible_three_vector_command.m,efeda7963650f65298a9ce875bea2205a14487527a8938bf3b2da098c6a62b7c,C:\Users\catkin\Documents\baseline_zhou\zhou_icf_mpc_dual_timescale_prototype_iter01\src\+zhou_feasibility\synthesize_feasible_three_vector_command.m,+zhou_feasibility\synthesize_feasible_three_vector_command.m,efeda7963650f65298a9ce875bea2205a14487527a8938bf3b2da098c6a62b7c,1
git:2aa4e7fe2987184b36f4ffca0e9d0cabcfb7e7ff,C:\Users\catkin\Documents\baseline_zhou\zhou_icf_mpc_dual_timescale_prototype_iter01\reference\upstream_snapshots\zhou_icf_mpc_model_error_decomposition_iter01\src\+zhou_feasibility\voltage_feasibility.m,+zhou_feasibility\voltage_feasibility.m,b0d780e13c8e2387970d9643620c7b2ef749a3100831f63a0fdc3b3056b944f4,C:\Users\catkin\Documents\baseline_zhou\zhou_icf_mpc_dual_timescale_prototype_iter01\src\+zhou_feasibility\voltage_feasibility.m,+zhou_feasibility\voltage_feasibility.m,b0d780e13c8e2387970d9643620c7b2ef749a3100831f63a0fdc3b3056b944f4,1
git:2aa4e7fe2987184b36f4ffca0e9d0cabcfb7e7ff,C:\Users\catkin\Documents\baseline_zhou\zhou_icf_mpc_dual_timescale_prototype_iter01\reference\upstream_snapshots\zhou_icf_mpc_model_error_decomposition_iter01\src\+zhou_ipmsm\+baseline\fcs_mpcc_step.m,+zhou_ipmsm\+baseline\fcs_mpcc_step.m,50b3bbd7a876df2b06b95963243f81d0e8f40d30e8f46126395e2d17ffa17142,C:\Users\catkin\Documents\baseline_zhou\zhou_icf_mpc_dual_timescale_prototype_iter01\src\+zhou_ipmsm\+baseline\fcs_mpcc_step.m,+zhou_ipmsm\+baseline\fcs_mpcc_step.m,50b3bbd7a876df2b06b95963243f81d0e8f40d30e8f46126395e2d17ffa17142,1
git:2aa4e7fe2987184b36f4ffca0e9d0cabcfb7e7ff,C:\Users\catkin\Documents\baseline_zhou\zhou_icf_mpc_dual_timescale_prototype_iter01\reference\upstream_snapshots\zhou_icf_mpc_model_error_decomposition_iter01\src\+zhou_ipmsm\+controller\compute_V_terms.m,+zhou_ipmsm\+controller\compute_V_terms.m,7ad68159a48c0c5e1637e5adbdcb585619ffd288709e40d6579c9e8771a01be0,C:\Users\catkin\Documents\baseline_zhou\zhou_icf_mpc_dual_timescale_prototype_iter01\src\+zhou_ipmsm\+controller\compute_V_terms.m,+zhou_ipmsm\+controller\compute_V_terms.m,7ad68159a48c0c5e1637e5adbdcb585619ffd288709e40d6579c9e8771a01be0,1
git:2aa4e7fe2987184b36f4ffca0e9d0cabcfb7e7ff,C:\Users\catkin\Documents\baseline_zhou\zhou_icf_mpc_dual_timescale_prototype_iter01\reference\upstream_snapshots\zhou_icf_mpc_model_error_decomposition_iter01\src\+zhou_ipmsm\+controller\costs_from_voltage.m,+zhou_ipmsm\+controller\costs_from_voltage.m,4d2339a4d1a94a99ff77bbbed360e1899ea01bdbb22e2f49095850caa18c8422,C:\Users\catkin\Documents\baseline_zhou\zhou_icf_mpc_dual_timescale_prototype_iter01\src\+zhou_ipmsm\+controller\costs_from_voltage.m,+zhou_ipmsm\+controller\costs_from_voltage.m,4d2339a4d1a94a99ff77bbbed360e1899ea01bdbb22e2f49095850caa18c8422,1
git:2aa4e7fe2987184b36f4ffca0e9d0cabcfb7e7ff,C:\Users\catkin\Documents\baseline_zhou\zhou_icf_mpc_dual_timescale_prototype_iter01\reference\upstream_snapshots\zhou_icf_mpc_model_error_decomposition_iter01\src\+zhou_ipmsm\+controller\estimate_F.m,+zhou_ipmsm\+controller\estimate_F.m,dcd0e71be0a20b55abea40bedf57928656404048754f2594336bc75b0673b809,C:\Users\catkin\Documents\baseline_zhou\zhou_icf_mpc_dual_timescale_prototype_iter01\src\+zhou_ipmsm\+controller\estimate_F.m,+zhou_ipmsm\+controller\estimate_F.m,dcd0e71be0a20b55abea40bedf57928656404048754f2594336bc75b0673b809,1
git:2aa4e7fe2987184b36f4ffca0e9d0cabcfb7e7ff,C:\Users\catkin\Documents\baseline_zhou\zhou_icf_mpc_dual_timescale_prototype_iter01\reference\upstream_snapshots\zhou_icf_mpc_model_error_decomposition_iter01\src\+zhou_ipmsm\+controller\estimate_F_algebraic.m,+zhou_ipmsm\+controller\estimate_F_algebraic.m,9748477077f783ea155e4567315783c7891c80e8cd718ea63752f38e0d67a137,C:\Users\catkin\Documents\baseline_zhou\zhou_icf_mpc_dual_timescale_prototype_iter01\src\+zhou_ipmsm\+controller\estimate_F_algebraic.m,+zhou_ipmsm\+controller\estimate_F_algebraic.m,9748477077f783ea155e4567315783c7891c80e8cd718ea63752f38e0d67a137,1
git:2aa4e7fe2987184b36f4ffca0e9d0cabcfb7e7ff,C:\Users\catkin\Documents\baseline_zhou\zhou_icf_mpc_dual_timescale_prototype_iter01\reference\upstream_snapshots\zhou_icf_mpc_model_error_decomposition_iter01\src\+zhou_ipmsm\+controller\icf_mpc_step.m,+zhou_ipmsm\+controller\icf_mpc_step.m,d04ae3ba06a20d2f12a125ddfcc55bdbf2fb12a7c06158b68a2f1401e385a219,C:\Users\catkin\Documents\baseline_zhou\zhou_icf_mpc_dual_timescale_prototype_iter01\src\+zhou_ipmsm\+controller\icf_mpc_step.m,+zhou_ipmsm\+controller\icf_mpc_step.m,d04ae3ba06a20d2f12a125ddfcc55bdbf2fb12a7c06158b68a2f1401e385a219,1
git:2aa4e7fe2987184b36f4ffca0e9d0cabcfb7e7ff,C:\Users\catkin\Documents\baseline_zhou\zhou_icf_mpc_dual_timescale_prototype_iter01\reference\upstream_snapshots\zhou_icf_mpc_model_error_decomposition_iter01\src\+zhou_ipmsm\+controller\independent_costs.m,+zhou_ipmsm\+controller\independent_costs.m,8cb1f8490e2f45717b279881065fd69d631673761c1115044a7df24ce55953b8,C:\Users\catkin\Documents\baseline_zhou\zhou_icf_mpc_dual_timescale_prototype_iter01\src\+zhou_ipmsm\+controller\independent_costs.m,+zhou_ipmsm\+controller\independent_costs.m,8cb1f8490e2f45717b279881065fd69d631673761c1115044a7df24ce55953b8,1
git:2aa4e7fe2987184b36f4ffca0e9d0cabcfb7e7ff,C:\Users\catkin\Documents\baseline_zhou\zhou_icf_mpc_dual_timescale_prototype_iter01\reference\upstream_snapshots\zhou_icf_mpc_model_error_decomposition_iter01\src\+zhou_ipmsm\+controller\predict_k1.m,+zhou_ipmsm\+controller\predict_k1.m,b7cbcf472d17a43ffc7f3b68ff2fb600b897eb85a16a5dcd75c060352998e10a,C:\Users\catkin\Documents\baseline_zhou\zhou_icf_mpc_dual_timescale_prototype_iter01\src\+zhou_ipmsm\+controller\predict_k1.m,+zhou_ipmsm\+controller\predict_k1.m,b7cbcf472d17a43ffc7f3b68ff2fb600b897eb85a16a5dcd75c060352998e10a,1
git:2aa4e7fe2987184b36f4ffca0e9d0cabcfb7e7ff,C:\Users\catkin\Documents\baseline_zhou\zhou_icf_mpc_dual_timescale_prototype_iter01\reference\upstream_snapshots\zhou_icf_mpc_model_error_decomposition_iter01\src\+zhou_ipmsm\+controller\predict_k2.m,+zhou_ipmsm\+controller\predict_k2.m,dfbf9d72607feb3dfe5c92163f1cb8a2559722a94c599d42acb70c49123b9e6c,C:\Users\catkin\Documents\baseline_zhou\zhou_icf_mpc_dual_timescale_prototype_iter01\src\+zhou_ipmsm\+controller\predict_k2.m,+zhou_ipmsm\+controller\predict_k2.m,dfbf9d72607feb3dfe5c92163f1cb8a2559722a94c599d42acb70c49123b9e6c,1
git:2aa4e7fe2987184b36f4ffca0e9d0cabcfb7e7ff,C:\Users\catkin\Documents\baseline_zhou\zhou_icf_mpc_dual_timescale_prototype_iter01\reference\upstream_snapshots\zhou_icf_mpc_model_error_decomposition_iter01\src\+zhou_ipmsm\+controller\sequence_equivalent_dq_voltage.m,+zhou_ipmsm\+controller\sequence_equivalent_dq_voltage.m,99c065843fe85b52bc0774c8f5dd5edd8e54f605dd8a89e615cbdc251b180189,C:\Users\catkin\Documents\baseline_zhou\zhou_icf_mpc_dual_timescale_prototype_iter01\src\+zhou_ipmsm\+controller\sequence_equivalent_dq_voltage.m,+zhou_ipmsm\+controller\sequence_equivalent_dq_voltage.m,99c065843fe85b52bc0774c8f5dd5edd8e54f605dd8a89e615cbdc251b180189,1
git:2aa4e7fe2987184b36f4ffca0e9d0cabcfb7e7ff,C:\Users\catkin\Documents\baseline_zhou\zhou_icf_mpc_dual_timescale_prototype_iter01\reference\upstream_snapshots\zhou_icf_mpc_model_error_decomposition_iter01\src\+zhou_ipmsm\+geometry\active_lines.m,+zhou_ipmsm\+geometry\active_lines.m,7743083d48974f78e1224355029b9a91b3ce558774d202e82f5d3465079229e1,C:\Users\catkin\Documents\baseline_zhou\zhou_icf_mpc_dual_timescale_prototype_iter01\src\+zhou_ipmsm\+geometry\active_lines.m,+zhou_ipmsm\+geometry\active_lines.m,7743083d48974f78e1224355029b9a91b3ce558774d202e82f5d3465079229e1,1
git:2aa4e7fe2987184b36f4ffca0e9d0cabcfb7e7ff,C:\Users\catkin\Documents\baseline_zhou\zhou_icf_mpc_dual_timescale_prototype_iter01\reference\upstream_snapshots\zhou_icf_mpc_model_error_decomposition_iter01\src\+zhou_ipmsm\+geometry\analyze_rectangle.m,+zhou_ipmsm\+geometry\analyze_rectangle.m,6356974cf88eabc765266c7e6152f8e5bedc3caf3eb770005dd6846ae1969a65,C:\Users\catkin\Documents\baseline_zhou\zhou_icf_mpc_dual_timescale_prototype_iter01\src\+zhou_ipmsm\+geometry\analyze_rectangle.m,+zhou_ipmsm\+geometry\analyze_rectangle.m,6356974cf88eabc765266c7e6152f8e5bedc3caf3eb770005dd6846ae1969a65,1
git:2aa4e7fe2987184b36f4ffca0e9d0cabcfb7e7ff,C:\Users\catkin\Documents\baseline_zhou\zhou_icf_mpc_dual_timescale_prototype_iter01\reference\upstream_snapshots\zhou_icf_mpc_model_error_decomposition_iter01\src\+zhou_ipmsm\+geometry\build_rectangle.m,+zhou_ipmsm\+geometry\build_rectangle.m,5fd8ded2eef91766d45a4ba981666b907f97f173aed12ddc598a653b727371a6,C:\Users\catkin\Documents\baseline_zhou\zhou_icf_mpc_dual_timescale_prototype_iter01\src\+zhou_ipmsm\+geometry\build_rectangle.m,+zhou_ipmsm\+geometry\build_rectangle.m,5fd8ded2eef91766d45a4ba981666b907f97f173aed12ddc598a653b727371a6,1
git:2aa4e7fe2987184b36f4ffca0e9d0cabcfb7e7ff,C:\Users\catkin\Documents\baseline_zhou\zhou_icf_mpc_dual_timescale_prototype_iter01\reference\upstream_snapshots\zhou_icf_mpc_model_error_decomposition_iter01\src\+zhou_ipmsm\+geometry\case2_midpoint.m,+zhou_ipmsm\+geometry\case2_midpoint.m,7bfe0d53a4dc9b9a78baa222a25e646b66e61168d058f1d30c6274a69651c9fc,C:\Users\catkin\Documents\baseline_zhou\zhou_icf_mpc_dual_timescale_prototype_iter01\src\+zhou_ipmsm\+geometry\case2_midpoint.m,+zhou_ipmsm\+geometry\case2_midpoint.m,7bfe0d53a4dc9b9a78baa222a25e646b66e61168d058f1d30c6274a69651c9fc,1
git:2aa4e7fe2987184b36f4ffca0e9d0cabcfb7e7ff,C:\Users\catkin\Documents\baseline_zhou\zhou_icf_mpc_dual_timescale_prototype_iter01\reference\upstream_snapshots\zhou_icf_mpc_model_error_decomposition_iter01\src\+zhou_ipmsm\+geometry\classify_case.m,+zhou_ipmsm\+geometry\classify_case.m,a5803066f0dddd99cd6579132a93555ba86aea254544eb8fa9fcb280636c9584,C:\Users\catkin\Documents\baseline_zhou\zhou_icf_mpc_dual_timescale_prototype_iter01\src\+zhou_ipmsm\+geometry\classify_case.m,+zhou_ipmsm\+geometry\classify_case.m,a5803066f0dddd99cd6579132a93555ba86aea254544eb8fa9fcb280636c9584,1
git:2aa4e7fe2987184b36f4ffca0e9d0cabcfb7e7ff,C:\Users\catkin\Documents\baseline_zhou\zhou_icf_mpc_dual_timescale_prototype_iter01\reference\upstream_snapshots\zhou_icf_mpc_model_error_decomposition_iter01\src\+zhou_ipmsm\+geometry\line_rectangle_intersections.m,+zhou_ipmsm\+geometry\line_rectangle_intersections.m,43d3578151690eba60bb832b66ebc0525a9569757bc24528b83900e98c46cdec,C:\Users\catkin\Documents\baseline_zhou\zhou_icf_mpc_dual_timescale_prototype_iter01\src\+zhou_ipmsm\+geometry\line_rectangle_intersections.m,+zhou_ipmsm\+geometry\line_rectangle_intersections.m,43d3578151690eba60bb832b66ebc0525a9569757bc24528b83900e98c46cdec,1
git:2aa4e7fe2987184b36f4ffca0e9d0cabcfb7e7ff,C:\Users\catkin\Documents\baseline_zhou\zhou_icf_mpc_dual_timescale_prototype_iter01\reference\upstream_snapshots\zhou_icf_mpc_model_error_decomposition_iter01\src\+zhou_ipmsm\+geometry\line_side_signature.m,+zhou_ipmsm\+geometry\line_side_signature.m,4ca4e716f7f56704f38d04f37d6e8289445117071b19ac7e6f283403fba2e6b0,C:\Users\catkin\Documents\baseline_zhou\zhou_icf_mpc_dual_timescale_prototype_iter01\src\+zhou_ipmsm\+geometry\line_side_signature.m,+zhou_ipmsm\+geometry\line_side_signature.m,4ca4e716f7f56704f38d04f37d6e8289445117071b19ac7e6f283403fba2e6b0,1
git:2aa4e7fe2987184b36f4ffca0e9d0cabcfb7e7ff,C:\Users\catkin\Documents\baseline_zhou\zhou_icf_mpc_dual_timescale_prototype_iter01\reference\upstream_snapshots\zhou_icf_mpc_model_error_decomposition_iter01\src\+zhou_ipmsm\+geometry\point_in_rectangle.m,+zhou_ipmsm\+geometry\point_in_rectangle.m,55ca18580ab8834a329e4cce0a37b5b45ae93023f3a347c8131a1aac626dda1a,C:\Users\catkin\Documents\baseline_zhou\zhou_icf_mpc_dual_timescale_prototype_iter01\src\+zhou_ipmsm\+geometry\point_in_rectangle.m,+zhou_ipmsm\+geometry\point_in_rectangle.m,55ca18580ab8834a329e4cce0a37b5b45ae93023f3a347c8131a1aac626dda1a,1
git:2aa4e7fe2987184b36f4ffca0e9d0cabcfb7e7ff,C:\Users\catkin\Documents\baseline_zhou\zhou_icf_mpc_dual_timescale_prototype_iter01\reference\upstream_snapshots\zhou_icf_mpc_model_error_decomposition_iter01\src\+zhou_ipmsm\+geometry\sector_of_point.m,+zhou_ipmsm\+geometry\sector_of_point.m,e5b95ccf541732e28cbda8e4c9cb8d367be6a24e6bd18b17f502086db9e3668f,C:\Users\catkin\Documents\baseline_zhou\zhou_icf_mpc_dual_timescale_prototype_iter01\src\+zhou_ipmsm\+geometry\sector_of_point.m,+zhou_ipmsm\+geometry\sector_of_point.m,e5b95ccf541732e28cbda8e4c9cb8d367be6a24e6bd18b17f502086db9e3668f,1
git:2aa4e7fe2987184b36f4ffca0e9d0cabcfb7e7ff,C:\Users\catkin\Documents\baseline_zhou\zhou_icf_mpc_dual_timescale_prototype_iter01\reference\upstream_snapshots\zhou_icf_mpc_model_error_decomposition_iter01\src\+zhou_ipmsm\+geometry\select_savv.m,+zhou_ipmsm\+geometry\select_savv.m,406ec353b3d3bb0622b2bfec6295a822f3568676b418002273fcb09b98dfb629,C:\Users\catkin\Documents\baseline_zhou\zhou_icf_mpc_dual_timescale_prototype_iter01\src\+zhou_ipmsm\+geometry\select_savv.m,+zhou_ipmsm\+geometry\select_savv.m,406ec353b3d3bb0622b2bfec6295a822f3568676b418002273fcb09b98dfb629,1
git:2aa4e7fe2987184b36f4ffca0e9d0cabcfb7e7ff,C:\Users\catkin\Documents\baseline_zhou\zhou_icf_mpc_dual_timescale_prototype_iter01\reference\upstream_snapshots\zhou_icf_mpc_model_error_decomposition_iter01\src\+zhou_ipmsm\+inverter\count_sequence_transitions.m,+zhou_ipmsm\+inverter\count_sequence_transitions.m,9b3f690901a85f8c6a47aa4af7b849b1f7a3c833e5e63520e475f90ed2cd44ae,C:\Users\catkin\Documents\baseline_zhou\zhou_icf_mpc_dual_timescale_prototype_iter01\src\+zhou_ipmsm\+inverter\count_sequence_transitions.m,+zhou_ipmsm\+inverter\count_sequence_transitions.m,9b3f690901a85f8c6a47aa4af7b849b1f7a3c833e5e63520e475f90ed2cd44ae,1
git:2aa4e7fe2987184b36f4ffca0e9d0cabcfb7e7ff,C:\Users\catkin\Documents\baseline_zhou\zhou_icf_mpc_dual_timescale_prototype_iter01\reference\upstream_snapshots\zhou_icf_mpc_model_error_decomposition_iter01\src\+zhou_ipmsm\+inverter\deadtime_voltage_error.m,+zhou_ipmsm\+inverter\deadtime_voltage_error.m,133a67ebc066eda3f9faf0655d6af37e17897556a9282d2fc662424f03554ee9,C:\Users\catkin\Documents\baseline_zhou\zhou_icf_mpc_dual_timescale_prototype_iter01\src\+zhou_ipmsm\+inverter\deadtime_voltage_error.m,+zhou_ipmsm\+inverter\deadtime_voltage_error.m,133a67ebc066eda3f9faf0655d6af37e17897556a9282d2fc662424f03554ee9,1
git:2aa4e7fe2987184b36f4ffca0e9d0cabcfb7e7ff,C:\Users\catkin\Documents\baseline_zhou\zhou_icf_mpc_dual_timescale_prototype_iter01\reference\upstream_snapshots\zhou_icf_mpc_model_error_decomposition_iter01\src\+zhou_ipmsm\+inverter\voltage_vectors.m,+zhou_ipmsm\+inverter\voltage_vectors.m,2e5aa4ca358ce59f137e2241b9ec4e5015660ff1554cbeddc24a113466b0a8ec,C:\Users\catkin\Documents\baseline_zhou\zhou_icf_mpc_dual_timescale_prototype_iter01\src\+zhou_ipmsm\+inverter\voltage_vectors.m,+zhou_ipmsm\+inverter\voltage_vectors.m,2e5aa4ca358ce59f137e2241b9ec4e5015660ff1554cbeddc24a113466b0a8ec,1
git:2aa4e7fe2987184b36f4ffca0e9d0cabcfb7e7ff,C:\Users\catkin\Documents\baseline_zhou\zhou_icf_mpc_dual_timescale_prototype_iter01\reference\upstream_snapshots\zhou_icf_mpc_model_error_decomposition_iter01\src\+zhou_ipmsm\+io\append_standard_tables.m,+zhou_ipmsm\+io\append_standard_tables.m,f3c4942ee85e3cf13c73976a34344023687e0a36fbe8348012c646754ff508ce,C:\Users\catkin\Documents\baseline_zhou\zhou_icf_mpc_dual_timescale_prototype_iter01\src\+zhou_ipmsm\+io\append_standard_tables.m,+zhou_ipmsm\+io\append_standard_tables.m,f3c4942ee85e3cf13c73976a34344023687e0a36fbe8348012c646754ff508ce,1
git:2aa4e7fe2987184b36f4ffca0e9d0cabcfb7e7ff,C:\Users\catkin\Documents\baseline_zhou\zhou_icf_mpc_dual_timescale_prototype_iter01\reference\upstream_snapshots\zhou_icf_mpc_model_error_decomposition_iter01\src\+zhou_ipmsm\+io\append_text.m,+zhou_ipmsm\+io\append_text.m,fd20f633eb0e4bf0d02e98c7e3c7f8dd8f42cc5719e7f431f35aa368ba4df0c5,C:\Users\catkin\Documents\baseline_zhou\zhou_icf_mpc_dual_timescale_prototype_iter01\src\+zhou_ipmsm\+io\append_text.m,+zhou_ipmsm\+io\append_text.m,fd20f633eb0e4bf0d02e98c7e3c7f8dd8f42cc5719e7f431f35aa368ba4df0c5,1
git:2aa4e7fe2987184b36f4ffca0e9d0cabcfb7e7ff,C:\Users\catkin\Documents\baseline_zhou\zhou_icf_mpc_dual_timescale_prototype_iter01\reference\upstream_snapshots\zhou_icf_mpc_model_error_decomposition_iter01\src\+zhou_ipmsm\+io\create_run_context.m,+zhou_ipmsm\+io\create_run_context.m,7cdfea19e54cb38e12a4f5f8dab67684c1a11690cf565ba93a6b622efe190812,C:\Users\catkin\Documents\baseline_zhou\zhou_icf_mpc_dual_timescale_prototype_iter01\src\+zhou_ipmsm\+io\create_run_context.m,+zhou_ipmsm\+io\create_run_context.m,7cdfea19e54cb38e12a4f5f8dab67684c1a11690cf565ba93a6b622efe190812,1
git:2aa4e7fe2987184b36f4ffca0e9d0cabcfb7e7ff,C:\Users\catkin\Documents\baseline_zhou\zhou_icf_mpc_dual_timescale_prototype_iter01\reference\upstream_snapshots\zhou_icf_mpc_model_error_decomposition_iter01\src\+zhou_ipmsm\+io\file_sha256.m,+zhou_ipmsm\+io\file_sha256.m,85c98a0918c6e4292047de9feb8a8ebad71bb38fb42e9ae4239121f933786f15,C:\Users\catkin\Documents\baseline_zhou\zhou_icf_mpc_dual_timescale_prototype_iter01\src\+zhou_ipmsm\+io\file_sha256.m,+zhou_ipmsm\+io\file_sha256.m,85c98a0918c6e4292047de9feb8a8ebad71bb38fb42e9ae4239121f933786f15,1
git:2aa4e7fe2987184b36f4ffca0e9d0cabcfb7e7ff,C:\Users\catkin\Documents\baseline_zhou\zhou_icf_mpc_dual_timescale_prototype_iter01\reference\upstream_snapshots\zhou_icf_mpc_model_error_decomposition_iter01\src\+zhou_ipmsm\+io\write_code_manifest.m,+zhou_ipmsm\+io\write_code_manifest.m,61e5f3b6b82bbd0f3de4d0ed5a02c9ba9a9ae73d0340664127b0343a10e76f25,C:\Users\catkin\Documents\baseline_zhou\zhou_icf_mpc_dual_timescale_prototype_iter01\src\+zhou_ipmsm\+io\write_code_manifest.m,+zhou_ipmsm\+io\write_code_manifest.m,61e5f3b6b82bbd0f3de4d0ed5a02c9ba9a9ae73d0340664127b0343a10e76f25,1
git:2aa4e7fe2987184b36f4ffca0e9d0cabcfb7e7ff,C:\Users\catkin\Documents\baseline_zhou\zhou_icf_mpc_dual_timescale_prototype_iter01\reference\upstream_snapshots\zhou_icf_mpc_model_error_decomposition_iter01\src\+zhou_ipmsm\+io\write_or_append_table.m,+zhou_ipmsm\+io\write_or_append_table.m,ed39228e60c546f4904d72ea71576522962f9650e0a200009534e712d13788cb,C:\Users\catkin\Documents\baseline_zhou\zhou_icf_mpc_dual_timescale_prototype_iter01\src\+zhou_ipmsm\+io\write_or_append_table.m,+zhou_ipmsm\+io\write_or_append_table.m,ed39228e60c546f4904d72ea71576522962f9650e0a200009534e712d13788cb,1
git:2aa4e7fe2987184b36f4ffca0e9d0cabcfb7e7ff,C:\Users\catkin\Documents\baseline_zhou\zhou_icf_mpc_dual_timescale_prototype_iter01\reference\upstream_snapshots\zhou_icf_mpc_model_error_decomposition_iter01\src\+zhou_ipmsm\+io\write_text_new.m,+zhou_ipmsm\+io\write_text_new.m,fafb82f05b30ff77d7d57832126a22641443fd735a4d4eff836fac0b5d4d32ed,C:\Users\catkin\Documents\baseline_zhou\zhou_icf_mpc_dual_timescale_prototype_iter01\src\+zhou_ipmsm\+io\write_text_new.m,+zhou_ipmsm\+io\write_text_new.m,fafb82f05b30ff77d7d57832126a22641443fd735a4d4eff836fac0b5d4d32ed,1
git:2aa4e7fe2987184b36f4ffca0e9d0cabcfb7e7ff,C:\Users\catkin\Documents\baseline_zhou\zhou_icf_mpc_dual_timescale_prototype_iter01\reference\upstream_snapshots\zhou_icf_mpc_model_error_decomposition_iter01\src\+zhou_ipmsm\+math\inv_park.m,+zhou_ipmsm\+math\inv_park.m,bbf722e017f6480537cd7cb4fde649323d5344428911d6a2bbfb933644e56854,C:\Users\catkin\Documents\baseline_zhou\zhou_icf_mpc_dual_timescale_prototype_iter01\src\+zhou_ipmsm\+math\inv_park.m,+zhou_ipmsm\+math\inv_park.m,bbf722e017f6480537cd7cb4fde649323d5344428911d6a2bbfb933644e56854,1
git:2aa4e7fe2987184b36f4ffca0e9d0cabcfb7e7ff,C:\Users\catkin\Documents\baseline_zhou\zhou_icf_mpc_dual_timescale_prototype_iter01\reference\upstream_snapshots\zhou_icf_mpc_model_error_decomposition_iter01\src\+zhou_ipmsm\+math\park.m,+zhou_ipmsm\+math\park.m,36d1e543a6df50691c4b262bcf3e50d92a7f8426a1acab5706cdc49428d366ae,C:\Users\catkin\Documents\baseline_zhou\zhou_icf_mpc_dual_timescale_prototype_iter01\src\+zhou_ipmsm\+math\park.m,+zhou_ipmsm\+math\park.m,36d1e543a6df50691c4b262bcf3e50d92a7f8426a1acab5706cdc49428d366ae,1
git:2aa4e7fe2987184b36f4ffca0e9d0cabcfb7e7ff,C:\Users\catkin\Documents\baseline_zhou\zhou_icf_mpc_dual_timescale_prototype_iter01\reference\upstream_snapshots\zhou_icf_mpc_model_error_decomposition_iter01\src\+zhou_ipmsm\+metrics\case_statistics_table.m,+zhou_ipmsm\+metrics\case_statistics_table.m,ee946f50ef046891a07cf76aa8e079934e9e8fcb559986a7dc7aebcac346ee58,C:\Users\catkin\Documents\baseline_zhou\zhou_icf_mpc_dual_timescale_prototype_iter01\src\+zhou_ipmsm\+metrics\case_statistics_table.m,+zhou_ipmsm\+metrics\case_statistics_table.m,ee946f50ef046891a07cf76aa8e079934e9e8fcb559986a7dc7aebcac346ee58,1
git:2aa4e7fe2987184b36f4ffca0e9d0cabcfb7e7ff,C:\Users\catkin\Documents\baseline_zhou\zhou_icf_mpc_dual_timescale_prototype_iter01\reference\upstream_snapshots\zhou_icf_mpc_model_error_decomposition_iter01\src\+zhou_ipmsm\+metrics\constraint_violations_table.m,+zhou_ipmsm\+metrics\constraint_violations_table.m,730dc8fa332498aa45214b1572f4abbeccaaf008e3e82a7406a60cf0257dffcf,C:\Users\catkin\Documents\baseline_zhou\zhou_icf_mpc_dual_timescale_prototype_iter01\src\+zhou_ipmsm\+metrics\constraint_violations_table.m,+zhou_ipmsm\+metrics\constraint_violations_table.m,730dc8fa332498aa45214b1572f4abbeccaaf008e3e82a7406a60cf0257dffcf,1
git:2aa4e7fe2987184b36f4ffca0e9d0cabcfb7e7ff,C:\Users\catkin\Documents\baseline_zhou\zhou_icf_mpc_dual_timescale_prototype_iter01\reference\upstream_snapshots\zhou_icf_mpc_model_error_decomposition_iter01\src\+zhou_ipmsm\+metrics\phase_thd.m,+zhou_ipmsm\+metrics\phase_thd.m,19e430b6a50eff55663f694583f9079f60bb63ea24195fceedc5a57e5fa4b8a1,C:\Users\catkin\Documents\baseline_zhou\zhou_icf_mpc_dual_timescale_prototype_iter01\src\+zhou_ipmsm\+metrics\phase_thd.m,+zhou_ipmsm\+metrics\phase_thd.m,19e430b6a50eff55663f694583f9079f60bb63ea24195fceedc5a57e5fa4b8a1,1
git:2aa4e7fe2987184b36f4ffca0e9d0cabcfb7e7ff,C:\Users\catkin\Documents\baseline_zhou\zhou_icf_mpc_dual_timescale_prototype_iter01\reference\upstream_snapshots\zhou_icf_mpc_model_error_decomposition_iter01\src\+zhou_ipmsm\+metrics\phase_thd_total_rms.m,+zhou_ipmsm\+metrics\phase_thd_total_rms.m,92bfdafc59020226c3d54f65304d9e2a6184c1ddccf9705b1356ba5e940791de,C:\Users\catkin\Documents\baseline_zhou\zhou_icf_mpc_dual_timescale_prototype_iter01\src\+zhou_ipmsm\+metrics\phase_thd_total_rms.m,+zhou_ipmsm\+metrics\phase_thd_total_rms.m,92bfdafc59020226c3d54f65304d9e2a6184c1ddccf9705b1356ba5e940791de,1
git:2aa4e7fe2987184b36f4ffca0e9d0cabcfb7e7ff,C:\Users\catkin\Documents\baseline_zhou\zhou_icf_mpc_dual_timescale_prototype_iter01\reference\upstream_snapshots\zhou_icf_mpc_model_error_decomposition_iter01\src\+zhou_ipmsm\+metrics\summarize_simulation.m,+zhou_ipmsm\+metrics\summarize_simulation.m,01490265c80b717b1ed95d4b1d2f16215d11039a91622bd8d6238d7706d6c3e2,C:\Users\catkin\Documents\baseline_zhou\zhou_icf_mpc_dual_timescale_prototype_iter01\src\+zhou_ipmsm\+metrics\summarize_simulation.m,+zhou_ipmsm\+metrics\summarize_simulation.m,01490265c80b717b1ed95d4b1d2f16215d11039a91622bd8d6238d7706d6c3e2,1
git:2aa4e7fe2987184b36f4ffca0e9d0cabcfb7e7ff,C:\Users\catkin\Documents\baseline_zhou\zhou_icf_mpc_dual_timescale_prototype_iter01\reference\upstream_snapshots\zhou_icf_mpc_model_error_decomposition_iter01\src\+zhou_ipmsm\+metrics\summary_to_long_table.m,+zhou_ipmsm\+metrics\summary_to_long_table.m,0c800cdd6ae6571dbd47c4486c9b2f4abb83315a7d7aa4d816604184656b9fd2,C:\Users\catkin\Documents\baseline_zhou\zhou_icf_mpc_dual_timescale_prototype_iter01\src\+zhou_ipmsm\+metrics\summary_to_long_table.m,+zhou_ipmsm\+metrics\summary_to_long_table.m,0c800cdd6ae6571dbd47c4486c9b2f4abb83315a7d7aa4d816604184656b9fd2,1
git:2aa4e7fe2987184b36f4ffca0e9d0cabcfb7e7ff,C:\Users\catkin\Documents\baseline_zhou\zhou_icf_mpc_dual_timescale_prototype_iter01\reference\upstream_snapshots\zhou_icf_mpc_model_error_decomposition_iter01\src\+zhou_ipmsm\+model\electromagnetic_torque.m,+zhou_ipmsm\+model\electromagnetic_torque.m,a12504a93bf09a578b3dd8e0f66e2f47c1760765acaeea4911ac4c679269e492,C:\Users\catkin\Documents\baseline_zhou\zhou_icf_mpc_dual_timescale_prototype_iter01\src\+zhou_ipmsm\+model\electromagnetic_torque.m,+zhou_ipmsm\+model\electromagnetic_torque.m,a12504a93bf09a578b3dd8e0f66e2f47c1760765acaeea4911ac4c679269e492,1
git:2aa4e7fe2987184b36f4ffca0e9d0cabcfb7e7ff,C:\Users\catkin\Documents\baseline_zhou\zhou_icf_mpc_dual_timescale_prototype_iter01\reference\upstream_snapshots\zhou_icf_mpc_model_error_decomposition_iter01\src\+zhou_ipmsm\+model\integrate_command.m,+zhou_ipmsm\+model\integrate_command.m,e2259788708a365c91c27b0af1d17fda8888337b30fe7f99d6e441734d6c37f1,C:\Users\catkin\Documents\baseline_zhou\zhou_icf_mpc_dual_timescale_prototype_iter01\src\+zhou_ipmsm\+model\integrate_command.m,+zhou_ipmsm\+model\integrate_command.m,e2259788708a365c91c27b0af1d17fda8888337b30fe7f99d6e441734d6c37f1,1
git:2aa4e7fe2987184b36f4ffca0e9d0cabcfb7e7ff,C:\Users\catkin\Documents\baseline_zhou\zhou_icf_mpc_dual_timescale_prototype_iter01\reference\upstream_snapshots\zhou_icf_mpc_model_error_decomposition_iter01\src\+zhou_ipmsm\+model\phase_currents.m,+zhou_ipmsm\+model\phase_currents.m,1941618d326081ea5c43e4292e1cf3c9e587aa7829cb2a9c87bf68038684ba55,C:\Users\catkin\Documents\baseline_zhou\zhou_icf_mpc_dual_timescale_prototype_iter01\src\+zhou_ipmsm\+model\phase_currents.m,+zhou_ipmsm\+model\phase_currents.m,1941618d326081ea5c43e4292e1cf3c9e587aa7829cb2a9c87bf68038684ba55,1
git:2aa4e7fe2987184b36f4ffca0e9d0cabcfb7e7ff,C:\Users\catkin\Documents\baseline_zhou\zhou_icf_mpc_dual_timescale_prototype_iter01\reference\upstream_snapshots\zhou_icf_mpc_model_error_decomposition_iter01\src\+zhou_ipmsm\+model\pmsm_derivative.m,+zhou_ipmsm\+model\pmsm_derivative.m,9ed8bcb8bb0ff84e5c71a9cdb4c0e3815354278092dc14bbc1ff8a6e1bde5542,C:\Users\catkin\Documents\baseline_zhou\zhou_icf_mpc_dual_timescale_prototype_iter01\src\+zhou_ipmsm\+model\pmsm_derivative.m,+zhou_ipmsm\+model\pmsm_derivative.m,9ed8bcb8bb0ff84e5c71a9cdb4c0e3815354278092dc14bbc1ff8a6e1bde5542,1
git:2aa4e7fe2987184b36f4ffca0e9d0cabcfb7e7ff,C:\Users\catkin\Documents\baseline_zhou\zhou_icf_mpc_dual_timescale_prototype_iter01\reference\upstream_snapshots\zhou_icf_mpc_model_error_decomposition_iter01\src\+zhou_ipmsm\+model\sample_command_waveform.m,+zhou_ipmsm\+model\sample_command_waveform.m,440312b750bcc2e1b385e8d07f50f0ce8e9e8fd01f85f556bc3ba0a19dd37770,C:\Users\catkin\Documents\baseline_zhou\zhou_icf_mpc_dual_timescale_prototype_iter01\src\+zhou_ipmsm\+model\sample_command_waveform.m,+zhou_ipmsm\+model\sample_command_waveform.m,440312b750bcc2e1b385e8d07f50f0ce8e9e8fd01f85f556bc3ba0a19dd37770,1
git:2aa4e7fe2987184b36f4ffca0e9d0cabcfb7e7ff,C:\Users\catkin\Documents\baseline_zhou\zhou_icf_mpc_dual_timescale_prototype_iter01\reference\upstream_snapshots\zhou_icf_mpc_model_error_decomposition_iter01\src\+zhou_ipmsm\+model\torque_components.m,+zhou_ipmsm\+model\torque_components.m,363029a7444c6dcd4898b797015ce9aa9c6f8e3da847dd2bef342f741a9d5caa,C:\Users\catkin\Documents\baseline_zhou\zhou_icf_mpc_dual_timescale_prototype_iter01\src\+zhou_ipmsm\+model\torque_components.m,+zhou_ipmsm\+model\torque_components.m,363029a7444c6dcd4898b797015ce9aa9c6f8e3da847dd2bef342f741a9d5caa,1
git:2aa4e7fe2987184b36f4ffca0e9d0cabcfb7e7ff,C:\Users\catkin\Documents\baseline_zhou\zhou_icf_mpc_dual_timescale_prototype_iter01\reference\upstream_snapshots\zhou_icf_mpc_model_error_decomposition_iter01\src\+zhou_ipmsm\+modulation\case1_command.m,+zhou_ipmsm\+modulation\case1_command.m,c7a7903fa4728e38f92e269ffaf45127b5f934ff72ae164b200d17d2d572dde4,C:\Users\catkin\Documents\baseline_zhou\zhou_icf_mpc_dual_timescale_prototype_iter01\src\+zhou_ipmsm\+modulation\case1_command.m,+zhou_ipmsm\+modulation\case1_command.m,c7a7903fa4728e38f92e269ffaf45127b5f934ff72ae164b200d17d2d572dde4,1
git:2aa4e7fe2987184b36f4ffca0e9d0cabcfb7e7ff,C:\Users\catkin\Documents\baseline_zhou\zhou_icf_mpc_dual_timescale_prototype_iter01\reference\upstream_snapshots\zhou_icf_mpc_model_error_decomposition_iter01\src\+zhou_ipmsm\+modulation\case2_command.m,+zhou_ipmsm\+modulation\case2_command.m,76e6368dcef006866ef81d188494fbe744ba59c482ffff63c18ac8f3ef366762,C:\Users\catkin\Documents\baseline_zhou\zhou_icf_mpc_dual_timescale_prototype_iter01\src\+zhou_ipmsm\+modulation\case2_command.m,+zhou_ipmsm\+modulation\case2_command.m,76e6368dcef006866ef81d188494fbe744ba59c482ffff63c18ac8f3ef366762,1
git:2aa4e7fe2987184b36f4ffca0e9d0cabcfb7e7ff,C:\Users\catkin\Documents\baseline_zhou\zhou_icf_mpc_dual_timescale_prototype_iter01\reference\upstream_snapshots\zhou_icf_mpc_model_error_decomposition_iter01\src\+zhou_ipmsm\+modulation\case3_command.m,+zhou_ipmsm\+modulation\case3_command.m,297f4b1f250f51d899d2a5884fb469842034a3d473aa3c00245fbeaa3a2da1b2,C:\Users\catkin\Documents\baseline_zhou\zhou_icf_mpc_dual_timescale_prototype_iter01\src\+zhou_ipmsm\+modulation\case3_command.m,+zhou_ipmsm\+modulation\case3_command.m,297f4b1f250f51d899d2a5884fb469842034a3d473aa3c00245fbeaa3a2da1b2,1
git:2aa4e7fe2987184b36f4ffca0e9d0cabcfb7e7ff,C:\Users\catkin\Documents\baseline_zhou\zhou_icf_mpc_dual_timescale_prototype_iter01\reference\upstream_snapshots\zhou_icf_mpc_model_error_decomposition_iter01\src\+zhou_ipmsm\+reference\build_current_reference.m,+zhou_ipmsm\+reference\build_current_reference.m,ff844c4755c3e4913e0b2af3157264ae47ed0e3ca0f997e0e5eeb5fb48695b50,C:\Users\catkin\Documents\baseline_zhou\zhou_icf_mpc_dual_timescale_prototype_iter01\src\+zhou_ipmsm\+reference\build_current_reference.m,+zhou_ipmsm\+reference\build_current_reference.m,ff844c4755c3e4913e0b2af3157264ae47ed0e3ca0f997e0e5eeb5fb48695b50,1
git:2aa4e7fe2987184b36f4ffca0e9d0cabcfb7e7ff,C:\Users\catkin\Documents\baseline_zhou\zhou_icf_mpc_dual_timescale_prototype_iter01\reference\upstream_snapshots\zhou_icf_mpc_model_error_decomposition_iter01\src\+zhou_ipmsm\+sim\run_closed_loop.m,+zhou_ipmsm\+sim\run_closed_loop.m,31cbdb65931ec3efa94562d537cdd3778561c3602e15bb0575dd280e6fd1cc0d,C:\Users\catkin\Documents\baseline_zhou\zhou_icf_mpc_dual_timescale_prototype_iter01\src\+zhou_ipmsm\+sim\run_closed_loop.m,+zhou_ipmsm\+sim\run_closed_loop.m,31cbdb65931ec3efa94562d537cdd3778561c3602e15bb0575dd280e6fd1cc0d,1
git:2aa4e7fe2987184b36f4ffca0e9d0cabcfb7e7ff,C:\Users\catkin\Documents\baseline_zhou\zhou_icf_mpc_dual_timescale_prototype_iter01\reference\upstream_snapshots\zhou_icf_mpc_model_error_decomposition_iter01\src\+zhou_iter11_ref\+baseline\fcs_mpcc_step.m,+zhou_iter11_ref\+baseline\fcs_mpcc_step.m,ea032e04da58fda719252f849f17f973df6baf7fb14f0aa6d58f88e1e19f7c38,C:\Users\catkin\Documents\baseline_zhou\zhou_icf_mpc_dual_timescale_prototype_iter01\src\+zhou_iter11_ref\+baseline\fcs_mpcc_step.m,+zhou_iter11_ref\+baseline\fcs_mpcc_step.m,ea032e04da58fda719252f849f17f973df6baf7fb14f0aa6d58f88e1e19f7c38,1
git:2aa4e7fe2987184b36f4ffca0e9d0cabcfb7e7ff,C:\Users\catkin\Documents\baseline_zhou\zhou_icf_mpc_dual_timescale_prototype_iter01\reference\upstream_snapshots\zhou_icf_mpc_model_error_decomposition_iter01\src\+zhou_iter11_ref\+controller\compute_V_terms.m,+zhou_iter11_ref\+controller\compute_V_terms.m,7ad68159a48c0c5e1637e5adbdcb585619ffd288709e40d6579c9e8771a01be0,C:\Users\catkin\Documents\baseline_zhou\zhou_icf_mpc_dual_timescale_prototype_iter01\src\+zhou_iter11_ref\+controller\compute_V_terms.m,+zhou_iter11_ref\+controller\compute_V_terms.m,7ad68159a48c0c5e1637e5adbdcb585619ffd288709e40d6579c9e8771a01be0,1
git:2aa4e7fe2987184b36f4ffca0e9d0cabcfb7e7ff,C:\Users\catkin\Documents\baseline_zhou\zhou_icf_mpc_dual_timescale_prototype_iter01\reference\upstream_snapshots\zhou_icf_mpc_model_error_decomposition_iter01\src\+zhou_iter11_ref\+controller\costs_from_voltage.m,+zhou_iter11_ref\+controller\costs_from_voltage.m,f44fd681c831e11789518c26343e698a5e3d791bac94a0f821f6560efd8dc66c,C:\Users\catkin\Documents\baseline_zhou\zhou_icf_mpc_dual_timescale_prototype_iter01\src\+zhou_iter11_ref\+controller\costs_from_voltage.m,+zhou_iter11_ref\+controller\costs_from_voltage.m,f44fd681c831e11789518c26343e698a5e3d791bac94a0f821f6560efd8dc66c,1
git:2aa4e7fe2987184b36f4ffca0e9d0cabcfb7e7ff,C:\Users\catkin\Documents\baseline_zhou\zhou_icf_mpc_dual_timescale_prototype_iter01\reference\upstream_snapshots\zhou_icf_mpc_model_error_decomposition_iter01\src\+zhou_iter11_ref\+controller\estimate_F.m,+zhou_iter11_ref\+controller\estimate_F.m,dcd0e71be0a20b55abea40bedf57928656404048754f2594336bc75b0673b809,C:\Users\catkin\Documents\baseline_zhou\zhou_icf_mpc_dual_timescale_prototype_iter01\src\+zhou_iter11_ref\+controller\estimate_F.m,+zhou_iter11_ref\+controller\estimate_F.m,dcd0e71be0a20b55abea40bedf57928656404048754f2594336bc75b0673b809,1
git:2aa4e7fe2987184b36f4ffca0e9d0cabcfb7e7ff,C:\Users\catkin\Documents\baseline_zhou\zhou_icf_mpc_dual_timescale_prototype_iter01\reference\upstream_snapshots\zhou_icf_mpc_model_error_decomposition_iter01\src\+zhou_iter11_ref\+controller\estimate_F_algebraic.m,+zhou_iter11_ref\+controller\estimate_F_algebraic.m,db3e08f69c9c2d2f4d7e31fcc6db23bf9e5e8031b3a160f873afa4c7ab1b606d,C:\Users\catkin\Documents\baseline_zhou\zhou_icf_mpc_dual_timescale_prototype_iter01\src\+zhou_iter11_ref\+controller\estimate_F_algebraic.m,+zhou_iter11_ref\+controller\estimate_F_algebraic.m,db3e08f69c9c2d2f4d7e31fcc6db23bf9e5e8031b3a160f873afa4c7ab1b606d,1
git:2aa4e7fe2987184b36f4ffca0e9d0cabcfb7e7ff,C:\Users\catkin\Documents\baseline_zhou\zhou_icf_mpc_dual_timescale_prototype_iter01\reference\upstream_snapshots\zhou_icf_mpc_model_error_decomposition_iter01\src\+zhou_iter11_ref\+controller\icf_mpc_step.m,+zhou_iter11_ref\+controller\icf_mpc_step.m,9407412b37118db6d30ea85104cbc715d01d33c859d82578d16b381a3b8563ca,C:\Users\catkin\Documents\baseline_zhou\zhou_icf_mpc_dual_timescale_prototype_iter01\src\+zhou_iter11_ref\+controller\icf_mpc_step.m,+zhou_iter11_ref\+controller\icf_mpc_step.m,9407412b37118db6d30ea85104cbc715d01d33c859d82578d16b381a3b8563ca,1
git:2aa4e7fe2987184b36f4ffca0e9d0cabcfb7e7ff,C:\Users\catkin\Documents\baseline_zhou\zhou_icf_mpc_dual_timescale_prototype_iter01\reference\upstream_snapshots\zhou_icf_mpc_model_error_decomposition_iter01\src\+zhou_iter11_ref\+controller\independent_costs.m,+zhou_iter11_ref\+controller\independent_costs.m,8cb1f8490e2f45717b279881065fd69d631673761c1115044a7df24ce55953b8,C:\Users\catkin\Documents\baseline_zhou\zhou_icf_mpc_dual_timescale_prototype_iter01\src\+zhou_iter11_ref\+controller\independent_costs.m,+zhou_iter11_ref\+controller\independent_costs.m,8cb1f8490e2f45717b279881065fd69d631673761c1115044a7df24ce55953b8,1
git:2aa4e7fe2987184b36f4ffca0e9d0cabcfb7e7ff,C:\Users\catkin\Documents\baseline_zhou\zhou_icf_mpc_dual_timescale_prototype_iter01\reference\upstream_snapshots\zhou_icf_mpc_model_error_decomposition_iter01\src\+zhou_iter11_ref\+controller\predict_k1.m,+zhou_iter11_ref\+controller\predict_k1.m,b7cbcf472d17a43ffc7f3b68ff2fb600b897eb85a16a5dcd75c060352998e10a,C:\Users\catkin\Documents\baseline_zhou\zhou_icf_mpc_dual_timescale_prototype_iter01\src\+zhou_iter11_ref\+controller\predict_k1.m,+zhou_iter11_ref\+controller\predict_k1.m,b7cbcf472d17a43ffc7f3b68ff2fb600b897eb85a16a5dcd75c060352998e10a,1
git:2aa4e7fe2987184b36f4ffca0e9d0cabcfb7e7ff,C:\Users\catkin\Documents\baseline_zhou\zhou_icf_mpc_dual_timescale_prototype_iter01\reference\upstream_snapshots\zhou_icf_mpc_model_error_decomposition_iter01\src\+zhou_iter11_ref\+controller\predict_k2.m,+zhou_iter11_ref\+controller\predict_k2.m,dfbf9d72607feb3dfe5c92163f1cb8a2559722a94c599d42acb70c49123b9e6c,C:\Users\catkin\Documents\baseline_zhou\zhou_icf_mpc_dual_timescale_prototype_iter01\src\+zhou_iter11_ref\+controller\predict_k2.m,+zhou_iter11_ref\+controller\predict_k2.m,dfbf9d72607feb3dfe5c92163f1cb8a2559722a94c599d42acb70c49123b9e6c,1
git:2aa4e7fe2987184b36f4ffca0e9d0cabcfb7e7ff,C:\Users\catkin\Documents\baseline_zhou\zhou_icf_mpc_dual_timescale_prototype_iter01\reference\upstream_snapshots\zhou_icf_mpc_model_error_decomposition_iter01\src\+zhou_iter11_ref\+controller\sequence_equivalent_dq_voltage.m,+zhou_iter11_ref\+controller\sequence_equivalent_dq_voltage.m,b4af47c395da3c421550fbf0f3f1524e837c5f25c2399afb468d7db44dcbabd5,C:\Users\catkin\Documents\baseline_zhou\zhou_icf_mpc_dual_timescale_prototype_iter01\src\+zhou_iter11_ref\+controller\sequence_equivalent_dq_voltage.m,+zhou_iter11_ref\+controller\sequence_equivalent_dq_voltage.m,b4af47c395da3c421550fbf0f3f1524e837c5f25c2399afb468d7db44dcbabd5,1
git:2aa4e7fe2987184b36f4ffca0e9d0cabcfb7e7ff,C:\Users\catkin\Documents\baseline_zhou\zhou_icf_mpc_dual_timescale_prototype_iter01\reference\upstream_snapshots\zhou_icf_mpc_model_error_decomposition_iter01\src\+zhou_iter11_ref\+geometry\active_lines.m,+zhou_iter11_ref\+geometry\active_lines.m,7743083d48974f78e1224355029b9a91b3ce558774d202e82f5d3465079229e1,C:\Users\catkin\Documents\baseline_zhou\zhou_icf_mpc_dual_timescale_prototype_iter01\src\+zhou_iter11_ref\+geometry\active_lines.m,+zhou_iter11_ref\+geometry\active_lines.m,7743083d48974f78e1224355029b9a91b3ce558774d202e82f5d3465079229e1,1
git:2aa4e7fe2987184b36f4ffca0e9d0cabcfb7e7ff,C:\Users\catkin\Documents\baseline_zhou\zhou_icf_mpc_dual_timescale_prototype_iter01\reference\upstream_snapshots\zhou_icf_mpc_model_error_decomposition_iter01\src\+zhou_iter11_ref\+geometry\analyze_rectangle.m,+zhou_iter11_ref\+geometry\analyze_rectangle.m,b9f4c801ca5b635d0ddbf7b6452b9f9bb366d7e17d869cf421b48baaa27eaba0,C:\Users\catkin\Documents\baseline_zhou\zhou_icf_mpc_dual_timescale_prototype_iter01\src\+zhou_iter11_ref\+geometry\analyze_rectangle.m,+zhou_iter11_ref\+geometry\analyze_rectangle.m,b9f4c801ca5b635d0ddbf7b6452b9f9bb366d7e17d869cf421b48baaa27eaba0,1
git:2aa4e7fe2987184b36f4ffca0e9d0cabcfb7e7ff,C:\Users\catkin\Documents\baseline_zhou\zhou_icf_mpc_dual_timescale_prototype_iter01\reference\upstream_snapshots\zhou_icf_mpc_model_error_decomposition_iter01\src\+zhou_iter11_ref\+geometry\build_rectangle.m,+zhou_iter11_ref\+geometry\build_rectangle.m,5fd8ded2eef91766d45a4ba981666b907f97f173aed12ddc598a653b727371a6,C:\Users\catkin\Documents\baseline_zhou\zhou_icf_mpc_dual_timescale_prototype_iter01\src\+zhou_iter11_ref\+geometry\build_rectangle.m,+zhou_iter11_ref\+geometry\build_rectangle.m,5fd8ded2eef91766d45a4ba981666b907f97f173aed12ddc598a653b727371a6,1
git:2aa4e7fe2987184b36f4ffca0e9d0cabcfb7e7ff,C:\Users\catkin\Documents\baseline_zhou\zhou_icf_mpc_dual_timescale_prototype_iter01\reference\upstream_snapshots\zhou_icf_mpc_model_error_decomposition_iter01\src\+zhou_iter11_ref\+geometry\case2_midpoint.m,+zhou_iter11_ref\+geometry\case2_midpoint.m,41d83005f57d319576dfa626474a41c63b2dbeeb4e6c2de3632daa9864e8f688,C:\Users\catkin\Documents\baseline_zhou\zhou_icf_mpc_dual_timescale_prototype_iter01\src\+zhou_iter11_ref\+geometry\case2_midpoint.m,+zhou_iter11_ref\+geometry\case2_midpoint.m,41d83005f57d319576dfa626474a41c63b2dbeeb4e6c2de3632daa9864e8f688,1
git:2aa4e7fe2987184b36f4ffca0e9d0cabcfb7e7ff,C:\Users\catkin\Documents\baseline_zhou\zhou_icf_mpc_dual_timescale_prototype_iter01\reference\upstream_snapshots\zhou_icf_mpc_model_error_decomposition_iter01\src\+zhou_iter11_ref\+geometry\classify_case.m,+zhou_iter11_ref\+geometry\classify_case.m,ef35cf0a6cda08e7a5c285fe1403d1dd4dfd1ac9c78cfb46823615bb1be7b2ca,C:\Users\catkin\Documents\baseline_zhou\zhou_icf_mpc_dual_timescale_prototype_iter01\src\+zhou_iter11_ref\+geometry\classify_case.m,+zhou_iter11_ref\+geometry\classify_case.m,ef35cf0a6cda08e7a5c285fe1403d1dd4dfd1ac9c78cfb46823615bb1be7b2ca,1
git:2aa4e7fe2987184b36f4ffca0e9d0cabcfb7e7ff,C:\Users\catkin\Documents\baseline_zhou\zhou_icf_mpc_dual_timescale_prototype_iter01\reference\upstream_snapshots\zhou_icf_mpc_model_error_decomposition_iter01\src\+zhou_iter11_ref\+geometry\line_rectangle_intersections.m,+zhou_iter11_ref\+geometry\line_rectangle_intersections.m,212e36edb24959aa03846001225152b31058db579609793a64cb935e93774ac6,C:\Users\catkin\Documents\baseline_zhou\zhou_icf_mpc_dual_timescale_prototype_iter01\src\+zhou_iter11_ref\+geometry\line_rectangle_intersections.m,+zhou_iter11_ref\+geometry\line_rectangle_intersections.m,212e36edb24959aa03846001225152b31058db579609793a64cb935e93774ac6,1
git:2aa4e7fe2987184b36f4ffca0e9d0cabcfb7e7ff,C:\Users\catkin\Documents\baseline_zhou\zhou_icf_mpc_dual_timescale_prototype_iter01\reference\upstream_snapshots\zhou_icf_mpc_model_error_decomposition_iter01\src\+zhou_iter11_ref\+geometry\line_side_signature.m,+zhou_iter11_ref\+geometry\line_side_signature.m,40d7262d84489d51b53614705860b311472196c0042dd6ed3f06a06bdebbce25,C:\Users\catkin\Documents\baseline_zhou\zhou_icf_mpc_dual_timescale_prototype_iter01\src\+zhou_iter11_ref\+geometry\line_side_signature.m,+zhou_iter11_ref\+geometry\line_side_signature.m,40d7262d84489d51b53614705860b311472196c0042dd6ed3f06a06bdebbce25,1
git:2aa4e7fe2987184b36f4ffca0e9d0cabcfb7e7ff,C:\Users\catkin\Documents\baseline_zhou\zhou_icf_mpc_dual_timescale_prototype_iter01\reference\upstream_snapshots\zhou_icf_mpc_model_error_decomposition_iter01\src\+zhou_iter11_ref\+geometry\point_in_rectangle.m,+zhou_iter11_ref\+geometry\point_in_rectangle.m,5e6d122d58b56d3cf6b22940734181bf24371219f93a353f14fc2d7d9c963d7f,C:\Users\catkin\Documents\baseline_zhou\zhou_icf_mpc_dual_timescale_prototype_iter01\src\+zhou_iter11_ref\+geometry\point_in_rectangle.m,+zhou_iter11_ref\+geometry\point_in_rectangle.m,5e6d122d58b56d3cf6b22940734181bf24371219f93a353f14fc2d7d9c963d7f,1
git:2aa4e7fe2987184b36f4ffca0e9d0cabcfb7e7ff,C:\Users\catkin\Documents\baseline_zhou\zhou_icf_mpc_dual_timescale_prototype_iter01\reference\upstream_snapshots\zhou_icf_mpc_model_error_decomposition_iter01\src\+zhou_iter11_ref\+geometry\sector_of_point.m,+zhou_iter11_ref\+geometry\sector_of_point.m,e5b95ccf541732e28cbda8e4c9cb8d367be6a24e6bd18b17f502086db9e3668f,C:\Users\catkin\Documents\baseline_zhou\zhou_icf_mpc_dual_timescale_prototype_iter01\src\+zhou_iter11_ref\+geometry\sector_of_point.m,+zhou_iter11_ref\+geometry\sector_of_point.m,e5b95ccf541732e28cbda8e4c9cb8d367be6a24e6bd18b17f502086db9e3668f,1
git:2aa4e7fe2987184b36f4ffca0e9d0cabcfb7e7ff,C:\Users\catkin\Documents\baseline_zhou\zhou_icf_mpc_dual_timescale_prototype_iter01\reference\upstream_snapshots\zhou_icf_mpc_model_error_decomposition_iter01\src\+zhou_iter11_ref\+geometry\select_savv.m,+zhou_iter11_ref\+geometry\select_savv.m,521ff058cea0f3b5147d8000eb9e73e411e7a36b503d9e67c09de5d3787aabfa,C:\Users\catkin\Documents\baseline_zhou\zhou_icf_mpc_dual_timescale_prototype_iter01\src\+zhou_iter11_ref\+geometry\select_savv.m,+zhou_iter11_ref\+geometry\select_savv.m,521ff058cea0f3b5147d8000eb9e73e411e7a36b503d9e67c09de5d3787aabfa,1
git:2aa4e7fe2987184b36f4ffca0e9d0cabcfb7e7ff,C:\Users\catkin\Documents\baseline_zhou\zhou_icf_mpc_dual_timescale_prototype_iter01\reference\upstream_snapshots\zhou_icf_mpc_model_error_decomposition_iter01\src\+zhou_iter11_ref\+inverter\count_sequence_transitions.m,+zhou_iter11_ref\+inverter\count_sequence_transitions.m,2c04f5cee036a6f8b95ec9aebcde98e3ac418a24280b94aa3ad85103d3a3da2f,C:\Users\catkin\Documents\baseline_zhou\zhou_icf_mpc_dual_timescale_prototype_iter01\src\+zhou_iter11_ref\+inverter\count_sequence_transitions.m,+zhou_iter11_ref\+inverter\count_sequence_transitions.m,2c04f5cee036a6f8b95ec9aebcde98e3ac418a24280b94aa3ad85103d3a3da2f,1
git:2aa4e7fe2987184b36f4ffca0e9d0cabcfb7e7ff,C:\Users\catkin\Documents\baseline_zhou\zhou_icf_mpc_dual_timescale_prototype_iter01\reference\upstream_snapshots\zhou_icf_mpc_model_error_decomposition_iter01\src\+zhou_iter11_ref\+inverter\deadtime_voltage_error.m,+zhou_iter11_ref\+inverter\deadtime_voltage_error.m,e5881fdafdd8663efbba207ec32dd60842b245470cbea68b9406bdfceac4d9d5,C:\Users\catkin\Documents\baseline_zhou\zhou_icf_mpc_dual_timescale_prototype_iter01\src\+zhou_iter11_ref\+inverter\deadtime_voltage_error.m,+zhou_iter11_ref\+inverter\deadtime_voltage_error.m,e5881fdafdd8663efbba207ec32dd60842b245470cbea68b9406bdfceac4d9d5,1
git:2aa4e7fe2987184b36f4ffca0e9d0cabcfb7e7ff,C:\Users\catkin\Documents\baseline_zhou\zhou_icf_mpc_dual_timescale_prototype_iter01\reference\upstream_snapshots\zhou_icf_mpc_model_error_decomposition_iter01\src\+zhou_iter11_ref\+inverter\voltage_vectors.m,+zhou_iter11_ref\+inverter\voltage_vectors.m,2e5aa4ca358ce59f137e2241b9ec4e5015660ff1554cbeddc24a113466b0a8ec,C:\Users\catkin\Documents\baseline_zhou\zhou_icf_mpc_dual_timescale_prototype_iter01\src\+zhou_iter11_ref\+inverter\voltage_vectors.m,+zhou_iter11_ref\+inverter\voltage_vectors.m,2e5aa4ca358ce59f137e2241b9ec4e5015660ff1554cbeddc24a113466b0a8ec,1
git:2aa4e7fe2987184b36f4ffca0e9d0cabcfb7e7ff,C:\Users\catkin\Documents\baseline_zhou\zhou_icf_mpc_dual_timescale_prototype_iter01\reference\upstream_snapshots\zhou_icf_mpc_model_error_decomposition_iter01\src\+zhou_iter11_ref\+io\append_standard_tables.m,+zhou_iter11_ref\+io\append_standard_tables.m,69945d57663975fbb6cae98dd9e804666e9573eb0a0fb3e414964939f324582f,C:\Users\catkin\Documents\baseline_zhou\zhou_icf_mpc_dual_timescale_prototype_iter01\src\+zhou_iter11_ref\+io\append_standard_tables.m,+zhou_iter11_ref\+io\append_standard_tables.m,69945d57663975fbb6cae98dd9e804666e9573eb0a0fb3e414964939f324582f,1
git:2aa4e7fe2987184b36f4ffca0e9d0cabcfb7e7ff,C:\Users\catkin\Documents\baseline_zhou\zhou_icf_mpc_dual_timescale_prototype_iter01\reference\upstream_snapshots\zhou_icf_mpc_model_error_decomposition_iter01\src\+zhou_iter11_ref\+io\append_text.m,+zhou_iter11_ref\+io\append_text.m,04baa1ead7f3cad85b3f644707e8c210cbe3027654b9667372ddc32482599a0c,C:\Users\catkin\Documents\baseline_zhou\zhou_icf_mpc_dual_timescale_prototype_iter01\src\+zhou_iter11_ref\+io\append_text.m,+zhou_iter11_ref\+io\append_text.m,04baa1ead7f3cad85b3f644707e8c210cbe3027654b9667372ddc32482599a0c,1
git:2aa4e7fe2987184b36f4ffca0e9d0cabcfb7e7ff,C:\Users\catkin\Documents\baseline_zhou\zhou_icf_mpc_dual_timescale_prototype_iter01\reference\upstream_snapshots\zhou_icf_mpc_model_error_decomposition_iter01\src\+zhou_iter11_ref\+io\create_run_context.m,+zhou_iter11_ref\+io\create_run_context.m,d75d634e8173bed7d548c6300804bca8c097efc0cee59e1f08005f5ce277021f,C:\Users\catkin\Documents\baseline_zhou\zhou_icf_mpc_dual_timescale_prototype_iter01\src\+zhou_iter11_ref\+io\create_run_context.m,+zhou_iter11_ref\+io\create_run_context.m,d75d634e8173bed7d548c6300804bca8c097efc0cee59e1f08005f5ce277021f,1
git:2aa4e7fe2987184b36f4ffca0e9d0cabcfb7e7ff,C:\Users\catkin\Documents\baseline_zhou\zhou_icf_mpc_dual_timescale_prototype_iter01\reference\upstream_snapshots\zhou_icf_mpc_model_error_decomposition_iter01\src\+zhou_iter11_ref\+io\file_sha256.m,+zhou_iter11_ref\+io\file_sha256.m,e4bee0917bb98986dcd745375853f2067baa35290020db6b940bb94dd0464bd3,C:\Users\catkin\Documents\baseline_zhou\zhou_icf_mpc_dual_timescale_prototype_iter01\src\+zhou_iter11_ref\+io\file_sha256.m,+zhou_iter11_ref\+io\file_sha256.m,e4bee0917bb98986dcd745375853f2067baa35290020db6b940bb94dd0464bd3,1
git:2aa4e7fe2987184b36f4ffca0e9d0cabcfb7e7ff,C:\Users\catkin\Documents\baseline_zhou\zhou_icf_mpc_dual_timescale_prototype_iter01\reference\upstream_snapshots\zhou_icf_mpc_model_error_decomposition_iter01\src\+zhou_iter11_ref\+io\write_code_manifest.m,+zhou_iter11_ref\+io\write_code_manifest.m,c062ed091151d1a6c7ccf5d3c1a347c9c4ace5eca885b1a74721b9cfa9b0a287,C:\Users\catkin\Documents\baseline_zhou\zhou_icf_mpc_dual_timescale_prototype_iter01\src\+zhou_iter11_ref\+io\write_code_manifest.m,+zhou_iter11_ref\+io\write_code_manifest.m,c062ed091151d1a6c7ccf5d3c1a347c9c4ace5eca885b1a74721b9cfa9b0a287,1
git:2aa4e7fe2987184b36f4ffca0e9d0cabcfb7e7ff,C:\Users\catkin\Documents\baseline_zhou\zhou_icf_mpc_dual_timescale_prototype_iter01\reference\upstream_snapshots\zhou_icf_mpc_model_error_decomposition_iter01\src\+zhou_iter11_ref\+io\write_or_append_table.m,+zhou_iter11_ref\+io\write_or_append_table.m,d35bff4317b1a2c2dde88cf128a3901d63bcacb3614c8681c6d2841e59e79bd5,C:\Users\catkin\Documents\baseline_zhou\zhou_icf_mpc_dual_timescale_prototype_iter01\src\+zhou_iter11_ref\+io\write_or_append_table.m,+zhou_iter11_ref\+io\write_or_append_table.m,d35bff4317b1a2c2dde88cf128a3901d63bcacb3614c8681c6d2841e59e79bd5,1
git:2aa4e7fe2987184b36f4ffca0e9d0cabcfb7e7ff,C:\Users\catkin\Documents\baseline_zhou\zhou_icf_mpc_dual_timescale_prototype_iter01\reference\upstream_snapshots\zhou_icf_mpc_model_error_decomposition_iter01\src\+zhou_iter11_ref\+io\write_text_new.m,+zhou_iter11_ref\+io\write_text_new.m,533baaceb12879b916e7c0dbe8cbfb1fefbe658e3a6eeae51ce89917aeb5191e,C:\Users\catkin\Documents\baseline_zhou\zhou_icf_mpc_dual_timescale_prototype_iter01\src\+zhou_iter11_ref\+io\write_text_new.m,+zhou_iter11_ref\+io\write_text_new.m,533baaceb12879b916e7c0dbe8cbfb1fefbe658e3a6eeae51ce89917aeb5191e,1
git:2aa4e7fe2987184b36f4ffca0e9d0cabcfb7e7ff,C:\Users\catkin\Documents\baseline_zhou\zhou_icf_mpc_dual_timescale_prototype_iter01\reference\upstream_snapshots\zhou_icf_mpc_model_error_decomposition_iter01\src\+zhou_iter11_ref\+math\inv_park.m,+zhou_iter11_ref\+math\inv_park.m,bbf722e017f6480537cd7cb4fde649323d5344428911d6a2bbfb933644e56854,C:\Users\catkin\Documents\baseline_zhou\zhou_icf_mpc_dual_timescale_prototype_iter01\src\+zhou_iter11_ref\+math\inv_park.m,+zhou_iter11_ref\+math\inv_park.m,bbf722e017f6480537cd7cb4fde649323d5344428911d6a2bbfb933644e56854,1
git:2aa4e7fe2987184b36f4ffca0e9d0cabcfb7e7ff,C:\Users\catkin\Documents\baseline_zhou\zhou_icf_mpc_dual_timescale_prototype_iter01\reference\upstream_snapshots\zhou_icf_mpc_model_error_decomposition_iter01\src\+zhou_iter11_ref\+math\park.m,+zhou_iter11_ref\+math\park.m,36d1e543a6df50691c4b262bcf3e50d92a7f8426a1acab5706cdc49428d366ae,C:\Users\catkin\Documents\baseline_zhou\zhou_icf_mpc_dual_timescale_prototype_iter01\src\+zhou_iter11_ref\+math\park.m,+zhou_iter11_ref\+math\park.m,36d1e543a6df50691c4b262bcf3e50d92a7f8426a1acab5706cdc49428d366ae,1
git:2aa4e7fe2987184b36f4ffca0e9d0cabcfb7e7ff,C:\Users\catkin\Documents\baseline_zhou\zhou_icf_mpc_dual_timescale_prototype_iter01\reference\upstream_snapshots\zhou_icf_mpc_model_error_decomposition_iter01\src\+zhou_iter11_ref\+metrics\case_statistics_table.m,+zhou_iter11_ref\+metrics\case_statistics_table.m,ee946f50ef046891a07cf76aa8e079934e9e8fcb559986a7dc7aebcac346ee58,C:\Users\catkin\Documents\baseline_zhou\zhou_icf_mpc_dual_timescale_prototype_iter01\src\+zhou_iter11_ref\+metrics\case_statistics_table.m,+zhou_iter11_ref\+metrics\case_statistics_table.m,ee946f50ef046891a07cf76aa8e079934e9e8fcb559986a7dc7aebcac346ee58,1
git:2aa4e7fe2987184b36f4ffca0e9d0cabcfb7e7ff,C:\Users\catkin\Documents\baseline_zhou\zhou_icf_mpc_dual_timescale_prototype_iter01\reference\upstream_snapshots\zhou_icf_mpc_model_error_decomposition_iter01\src\+zhou_iter11_ref\+metrics\constraint_violations_table.m,+zhou_iter11_ref\+metrics\constraint_violations_table.m,730dc8fa332498aa45214b1572f4abbeccaaf008e3e82a7406a60cf0257dffcf,C:\Users\catkin\Documents\baseline_zhou\zhou_icf_mpc_dual_timescale_prototype_iter01\src\+zhou_iter11_ref\+metrics\constraint_violations_table.m,+zhou_iter11_ref\+metrics\constraint_violations_table.m,730dc8fa332498aa45214b1572f4abbeccaaf008e3e82a7406a60cf0257dffcf,1
git:2aa4e7fe2987184b36f4ffca0e9d0cabcfb7e7ff,C:\Users\catkin\Documents\baseline_zhou\zhou_icf_mpc_dual_timescale_prototype_iter01\reference\upstream_snapshots\zhou_icf_mpc_model_error_decomposition_iter01\src\+zhou_iter11_ref\+metrics\phase_thd.m,+zhou_iter11_ref\+metrics\phase_thd.m,19e430b6a50eff55663f694583f9079f60bb63ea24195fceedc5a57e5fa4b8a1,C:\Users\catkin\Documents\baseline_zhou\zhou_icf_mpc_dual_timescale_prototype_iter01\src\+zhou_iter11_ref\+metrics\phase_thd.m,+zhou_iter11_ref\+metrics\phase_thd.m,19e430b6a50eff55663f694583f9079f60bb63ea24195fceedc5a57e5fa4b8a1,1
git:2aa4e7fe2987184b36f4ffca0e9d0cabcfb7e7ff,C:\Users\catkin\Documents\baseline_zhou\zhou_icf_mpc_dual_timescale_prototype_iter01\reference\upstream_snapshots\zhou_icf_mpc_model_error_decomposition_iter01\src\+zhou_iter11_ref\+metrics\phase_thd_total_rms.m,+zhou_iter11_ref\+metrics\phase_thd_total_rms.m,44d14dc5ef58bfc6087512b33f2fe704faf5b62f9cf9e6d82640c3c679281803,C:\Users\catkin\Documents\baseline_zhou\zhou_icf_mpc_dual_timescale_prototype_iter01\src\+zhou_iter11_ref\+metrics\phase_thd_total_rms.m,+zhou_iter11_ref\+metrics\phase_thd_total_rms.m,44d14dc5ef58bfc6087512b33f2fe704faf5b62f9cf9e6d82640c3c679281803,1
git:2aa4e7fe2987184b36f4ffca0e9d0cabcfb7e7ff,C:\Users\catkin\Documents\baseline_zhou\zhou_icf_mpc_dual_timescale_prototype_iter01\reference\upstream_snapshots\zhou_icf_mpc_model_error_decomposition_iter01\src\+zhou_iter11_ref\+metrics\summarize_simulation.m,+zhou_iter11_ref\+metrics\summarize_simulation.m,eb2917a7d2cd279ecb655ea9bc7051cc811f9253ac9ae32dd0fbcd4605168f6f,C:\Users\catkin\Documents\baseline_zhou\zhou_icf_mpc_dual_timescale_prototype_iter01\src\+zhou_iter11_ref\+metrics\summarize_simulation.m,+zhou_iter11_ref\+metrics\summarize_simulation.m,eb2917a7d2cd279ecb655ea9bc7051cc811f9253ac9ae32dd0fbcd4605168f6f,1
git:2aa4e7fe2987184b36f4ffca0e9d0cabcfb7e7ff,C:\Users\catkin\Documents\baseline_zhou\zhou_icf_mpc_dual_timescale_prototype_iter01\reference\upstream_snapshots\zhou_icf_mpc_model_error_decomposition_iter01\src\+zhou_iter11_ref\+metrics\summary_to_long_table.m,+zhou_iter11_ref\+metrics\summary_to_long_table.m,0c800cdd6ae6571dbd47c4486c9b2f4abb83315a7d7aa4d816604184656b9fd2,C:\Users\catkin\Documents\baseline_zhou\zhou_icf_mpc_dual_timescale_prototype_iter01\src\+zhou_iter11_ref\+metrics\summary_to_long_table.m,+zhou_iter11_ref\+metrics\summary_to_long_table.m,0c800cdd6ae6571dbd47c4486c9b2f4abb83315a7d7aa4d816604184656b9fd2,1
git:2aa4e7fe2987184b36f4ffca0e9d0cabcfb7e7ff,C:\Users\catkin\Documents\baseline_zhou\zhou_icf_mpc_dual_timescale_prototype_iter01\reference\upstream_snapshots\zhou_icf_mpc_model_error_decomposition_iter01\src\+zhou_iter11_ref\+model\electromagnetic_torque.m,+zhou_iter11_ref\+model\electromagnetic_torque.m,12d50829da03ea25256358199bba0e0f086dffcea4b788b509d48b813c0c3e87,C:\Users\catkin\Documents\baseline_zhou\zhou_icf_mpc_dual_timescale_prototype_iter01\src\+zhou_iter11_ref\+model\electromagnetic_torque.m,+zhou_iter11_ref\+model\electromagnetic_torque.m,12d50829da03ea25256358199bba0e0f086dffcea4b788b509d48b813c0c3e87,1
git:2aa4e7fe2987184b36f4ffca0e9d0cabcfb7e7ff,C:\Users\catkin\Documents\baseline_zhou\zhou_icf_mpc_dual_timescale_prototype_iter01\reference\upstream_snapshots\zhou_icf_mpc_model_error_decomposition_iter01\src\+zhou_iter11_ref\+model\integrate_command.m,+zhou_iter11_ref\+model\integrate_command.m,425b41d68e1dab504d44b956553dc511ffeaf24567961f5848fff5a493498ec6,C:\Users\catkin\Documents\baseline_zhou\zhou_icf_mpc_dual_timescale_prototype_iter01\src\+zhou_iter11_ref\+model\integrate_command.m,+zhou_iter11_ref\+model\integrate_command.m,425b41d68e1dab504d44b956553dc511ffeaf24567961f5848fff5a493498ec6,1
git:2aa4e7fe2987184b36f4ffca0e9d0cabcfb7e7ff,C:\Users\catkin\Documents\baseline_zhou\zhou_icf_mpc_dual_timescale_prototype_iter01\reference\upstream_snapshots\zhou_icf_mpc_model_error_decomposition_iter01\src\+zhou_iter11_ref\+model\phase_currents.m,+zhou_iter11_ref\+model\phase_currents.m,8de0550955257ad92006e20470a7fa03141f6bb78aab3cb6045bc1f1108d2a37,C:\Users\catkin\Documents\baseline_zhou\zhou_icf_mpc_dual_timescale_prototype_iter01\src\+zhou_iter11_ref\+model\phase_currents.m,+zhou_iter11_ref\+model\phase_currents.m,8de0550955257ad92006e20470a7fa03141f6bb78aab3cb6045bc1f1108d2a37,1
git:2aa4e7fe2987184b36f4ffca0e9d0cabcfb7e7ff,C:\Users\catkin\Documents\baseline_zhou\zhou_icf_mpc_dual_timescale_prototype_iter01\reference\upstream_snapshots\zhou_icf_mpc_model_error_decomposition_iter01\src\+zhou_iter11_ref\+model\pmsm_derivative.m,+zhou_iter11_ref\+model\pmsm_derivative.m,955986f509c77349edb832f0f1ef2e5904dd1921338e61d8fabfde1483a0ad38,C:\Users\catkin\Documents\baseline_zhou\zhou_icf_mpc_dual_timescale_prototype_iter01\src\+zhou_iter11_ref\+model\pmsm_derivative.m,+zhou_iter11_ref\+model\pmsm_derivative.m,955986f509c77349edb832f0f1ef2e5904dd1921338e61d8fabfde1483a0ad38,1
git:2aa4e7fe2987184b36f4ffca0e9d0cabcfb7e7ff,C:\Users\catkin\Documents\baseline_zhou\zhou_icf_mpc_dual_timescale_prototype_iter01\reference\upstream_snapshots\zhou_icf_mpc_model_error_decomposition_iter01\src\+zhou_iter11_ref\+model\sample_command_waveform.m,+zhou_iter11_ref\+model\sample_command_waveform.m,f017d4b238410c197024ac4baae9473ba0c434bfa9ff83d5fbc14cb7839739be,C:\Users\catkin\Documents\baseline_zhou\zhou_icf_mpc_dual_timescale_prototype_iter01\src\+zhou_iter11_ref\+model\sample_command_waveform.m,+zhou_iter11_ref\+model\sample_command_waveform.m,f017d4b238410c197024ac4baae9473ba0c434bfa9ff83d5fbc14cb7839739be,1
git:2aa4e7fe2987184b36f4ffca0e9d0cabcfb7e7ff,C:\Users\catkin\Documents\baseline_zhou\zhou_icf_mpc_dual_timescale_prototype_iter01\reference\upstream_snapshots\zhou_icf_mpc_model_error_decomposition_iter01\src\+zhou_iter11_ref\+modulation\case1_command.m,+zhou_iter11_ref\+modulation\case1_command.m,c7a7903fa4728e38f92e269ffaf45127b5f934ff72ae164b200d17d2d572dde4,C:\Users\catkin\Documents\baseline_zhou\zhou_icf_mpc_dual_timescale_prototype_iter01\src\+zhou_iter11_ref\+modulation\case1_command.m,+zhou_iter11_ref\+modulation\case1_command.m,c7a7903fa4728e38f92e269ffaf45127b5f934ff72ae164b200d17d2d572dde4,1
git:2aa4e7fe2987184b36f4ffca0e9d0cabcfb7e7ff,C:\Users\catkin\Documents\baseline_zhou\zhou_icf_mpc_dual_timescale_prototype_iter01\reference\upstream_snapshots\zhou_icf_mpc_model_error_decomposition_iter01\src\+zhou_iter11_ref\+modulation\case2_command.m,+zhou_iter11_ref\+modulation\case2_command.m,0afe24058e92b4797f46d3f52283e53faa99eb10a2432cf379502612ea5916bc,C:\Users\catkin\Documents\baseline_zhou\zhou_icf_mpc_dual_timescale_prototype_iter01\src\+zhou_iter11_ref\+modulation\case2_command.m,+zhou_iter11_ref\+modulation\case2_command.m,0afe24058e92b4797f46d3f52283e53faa99eb10a2432cf379502612ea5916bc,1
git:2aa4e7fe2987184b36f4ffca0e9d0cabcfb7e7ff,C:\Users\catkin\Documents\baseline_zhou\zhou_icf_mpc_dual_timescale_prototype_iter01\reference\upstream_snapshots\zhou_icf_mpc_model_error_decomposition_iter01\src\+zhou_iter11_ref\+modulation\case3_command.m,+zhou_iter11_ref\+modulation\case3_command.m,3e4f828ae2af8831a4aff3889ff6fab3d2aadf75e9f503174bd325321425a6a4,C:\Users\catkin\Documents\baseline_zhou\zhou_icf_mpc_dual_timescale_prototype_iter01\src\+zhou_iter11_ref\+modulation\case3_command.m,+zhou_iter11_ref\+modulation\case3_command.m,3e4f828ae2af8831a4aff3889ff6fab3d2aadf75e9f503174bd325321425a6a4,1
git:2aa4e7fe2987184b36f4ffca0e9d0cabcfb7e7ff,C:\Users\catkin\Documents\baseline_zhou\zhou_icf_mpc_dual_timescale_prototype_iter01\reference\upstream_snapshots\zhou_icf_mpc_model_error_decomposition_iter01\src\+zhou_iter11_ref\+sim\run_closed_loop.m,+zhou_iter11_ref\+sim\run_closed_loop.m,70ff1595f820842a215216f31f0bc7ec2f065e6da061a09d498d53582b0ebc40,C:\Users\catkin\Documents\baseline_zhou\zhou_icf_mpc_dual_timescale_prototype_iter01\src\+zhou_iter11_ref\+sim\run_closed_loop.m,+zhou_iter11_ref\+sim\run_closed_loop.m,70ff1595f820842a215216f31f0bc7ec2f065e6da061a09d498d53582b0ebc40,1
git:2aa4e7fe2987184b36f4ffca0e9d0cabcfb7e7ff,C:\Users\catkin\Documents\baseline_zhou\zhou_icf_mpc_dual_timescale_prototype_iter01\reference\upstream_snapshots\zhou_icf_mpc_model_error_decomposition_iter01\src\+zhou_robust\run_robust_case.m,+zhou_robust\run_robust_case.m,ca3634266831940e808a22cb98d95bc0c63e2c163192488ef6657a82a586a5b0,C:\Users\catkin\Documents\baseline_zhou\zhou_icf_mpc_dual_timescale_prototype_iter01\src\+zhou_robust\run_robust_case.m,+zhou_robust\run_robust_case.m,ca3634266831940e808a22cb98d95bc0c63e2c163192488ef6657a82a586a5b0,1
