project_id,root,relative_path,bytes,modified_utc,sha256
dual_timescale_design,C:\Users\catkin\Documents\baseline_zhou\zhou_icf_mpc_dual_timescale_design_iter01,CHANGELOG.md,549,2026-07-15 17:16:29,bde19eb1763f783ab38373284876e7a1f5ede52d84f937700bc15ac7abdb1eb6
dual_timescale_design,C:\Users\catkin\Documents\baseline_zhou\zhou_icf_mpc_dual_timescale_design_iter01,HANDOFF.md,6731,2026-07-15 17:33:42,5c1ff4e6734e073c0c84c900df37e978655ccca0905cee4265944f81c38419fe
dual_timescale_design,C:\Users\catkin\Documents\baseline_zhou\zhou_icf_mpc_dual_timescale_design_iter01,README.md,1781,2026-07-15 17:33:42,b313002588c66f8dc8c6e324fa933ec2b3ad6536d71db9413fe5cbe23b3516df
dual_timescale_design,C:\Users\catkin\Documents\baseline_zhou\zhou_icf_mpc_dual_timescale_design_iter01,RUN_AND_REPRODUCE.md,1098,2026-07-15 17:16:29,6f8dd1b37c1016030b4905c76a69a55e9464a962ac5da7d6700847512c0ccb66
dual_timescale_design,C:\Users\catkin\Documents\baseline_zhou\zhou_icf_mpc_dual_timescale_design_iter01,audit\COPIED_FILE_PROVENANCE.csv,9117,2026-07-15 17:06:20,4b3a23bfe851e172acfce93b8afb4e7dba44a4ec857c9bf72596e760cae7ea9f
dual_timescale_design,C:\Users\catkin\Documents\baseline_zhou\zhou_icf_mpc_dual_timescale_design_iter01,audit\FROZEN_UPSTREAM_VALIDATION.csv,998,2026-07-15 17:43:37,03bd5a8585f8d1d537cc5763aa3e22fc7a2d9636f8c5ef7eb7b4fb55b42e350c
dual_timescale_design,C:\Users\catkin\Documents\baseline_zhou\zhou_icf_mpc_dual_timescale_design_iter01,audit\SOURCE_PROJECTS.csv,1553,2026-07-15 17:33:42,f3255c3bd1d78a880d64bf4db19fb15a7332ba755b02337ce97d979df5938690
dual_timescale_design,C:\Users\catkin\Documents\baseline_zhou\zhou_icf_mpc_dual_timescale_design_iter01,audit\SOURCE_SHA256_AFTER.csv,102237,2026-07-15 17:43:37,db73c41dad5bf71e5980372c3c6838e9a02ec4c034b697d2861ec877c7b20e4a
dual_timescale_design,C:\Users\catkin\Documents\baseline_zhou\zhou_icf_mpc_dual_timescale_design_iter01,audit\SOURCE_SHA256_BEFORE.csv,102237,2026-07-15 17:01:40,db73c41dad5bf71e5980372c3c6838e9a02ec4c034b697d2861ec877c7b20e4a
dual_timescale_design,C:\Users\catkin\Documents\baseline_zhou\zhou_icf_mpc_dual_timescale_design_iter01,docs\CAUSALITY_AUDIT.md,1444,2026-07-15 17:13:55,0c583767ab3982bee6e37083b9df9229e0a2f513f74efedba730f3ee50389443
dual_timescale_design,C:\Users\catkin\Documents\baseline_zhou\zhou_icf_mpc_dual_timescale_design_iter01,docs\COMPUTATION_BUDGET.md,1669,2026-07-15 17:14:43,3440d43b30c157718672fdf384adf57831a79ed4eb35547a4a88f78f35aebe0c
dual_timescale_design,C:\Users\catkin\Documents\baseline_zhou\zhou_icf_mpc_dual_timescale_design_iter01,docs\DESIGN_DECISION.md,1417,2026-07-15 17:15:39,eb63516291c08282d2857eb4e8d46091a2ca1a9e25c93ddd57b0527222d687f0
dual_timescale_design,C:\Users\catkin\Documents\baseline_zhou\zhou_icf_mpc_dual_timescale_design_iter01,docs\DESIGN_REQUIREMENTS_FROM_EVIDENCE.md,1350,2026-07-15 17:10:47,818662ac976ac5209ba592beba8876bb2ee45dd5ecd928ede1a523324947a3ff
dual_timescale_design,C:\Users\catkin\Documents\baseline_zhou\zhou_icf_mpc_dual_timescale_design_iter01,docs\DUAL_TIMESCALE_ALGORITHM_SPEC.md,3352,2026-07-15 17:13:10,dbedb185a6ce27fcf0f52fbb117b27ac4a608aba9730780b9944cbb9dbd739cd
dual_timescale_design,C:\Users\catkin\Documents\baseline_zhou\zhou_icf_mpc_dual_timescale_design_iter01,docs\EXACT_TIMING_AND_SIGNAL_MAP.md,2464,2026-07-15 17:13:10,2d9e9f8ebdb5d5c7ad10703d34a7d237463cabf8c6d6b53aa8d8593f0e1c0b84
dual_timescale_design,C:\Users\catkin\Documents\baseline_zhou\zhou_icf_mpc_dual_timescale_design_iter01,docs\FALLBACK_CONSTRAINED_RLS_SPEC.md,967,2026-07-15 17:14:43,4e58a54510fcfb5e4dff451f3906404996e0d318368b7dc5c595fdd5df87f732
dual_timescale_design,C:\Users\catkin\Documents\baseline_zhou\zhou_icf_mpc_dual_timescale_design_iter01,docs\FROZEN_EVIDENCE_BASE.md,1344,2026-07-15 17:10:47,100bf0950aabb46970234c8ff19b4d487baa34bef1df2f75adde5e0e4c21225a
dual_timescale_design,C:\Users\catkin\Documents\baseline_zhou\zhou_icf_mpc_dual_timescale_design_iter01,docs\GATING_LOGIC_SPECIFICATION.md,2005,2026-07-15 17:13:55,e017c7281be0f0e1fc685b8dad164d53c57d4cbabde2bb0092097e532184af1f
dual_timescale_design,C:\Users\catkin\Documents\baseline_zhou\zhou_icf_mpc_dual_timescale_design_iter01,docs\IDENTIFIABILITY_AND_GAUGE_ANALYSIS.md,2380,2026-07-15 17:13:55,6ad61c482a4a3d376a28a32a09b62d053a77dae46c0af742c5033eaf2643ba67
dual_timescale_design,C:\Users\catkin\Documents\baseline_zhou\zhou_icf_mpc_dual_timescale_design_iter01,docs\INITIALIZATION_AND_RESET_RULES.md,1242,2026-07-15 17:14:43,d05925bdd9c3e97862fdcd695e0120a4be55c1bc24664d026ba4df07770543d6
dual_timescale_design,C:\Users\catkin\Documents\baseline_zhou\zhou_icf_mpc_dual_timescale_design_iter01,docs\KNOWN_LIMITATIONS.md,1103,2026-07-15 17:15:39,8a1aee6805af81dede41d2a36cda8f77b3b99dd1caf4f123a4264ea4d6d2cc3a
dual_timescale_design,C:\Users\catkin\Documents\baseline_zhou\zhou_icf_mpc_dual_timescale_design_iter01,docs\K_K1_K2_SEQUENCE_DIAGRAM.md,1432,2026-07-15 17:13:10,303861c5e1dffd21a4b449aa748fc37be055cef11753e0f691fa1fc978157269
dual_timescale_design,C:\Users\catkin\Documents\baseline_zhou\zhou_icf_mpc_dual_timescale_design_iter01,docs\LITERATURE_MECHANISM_SYNTHESIS.md,2138,2026-07-15 17:10:47,9f252bc4e8675c9d0b4c7fb68081f7c14655f6a94aaaf728afe9d18803b7e067
dual_timescale_design,C:\Users\catkin\Documents\baseline_zhou\zhou_icf_mpc_dual_timescale_design_iter01,docs\MODULE_INTERFACE_CONTRACT.md,2232,2026-07-15 17:14:43,df88bdb607d596f4e2774353d6f91b5a9ac306a7be88684e9a04da9d8a263549
dual_timescale_design,C:\Users\catkin\Documents\baseline_zhou\zhou_icf_mpc_dual_timescale_design_iter01,docs\PATH_CONFLICT_REPORT.md,1601,2026-07-15 17:33:42,9a9bc8d93e4189fb05480f1343b6f80da9ae063c67f7bceb88f4b72824fe24b8
dual_timescale_design,C:\Users\catkin\Documents\baseline_zhou\zhou_icf_mpc_dual_timescale_design_iter01,docs\PROJECT_SCOPE.md,1070,2026-07-15 17:10:47,a67b90a61ad113b91f8d9ce502ab3b93ec3746bf33ab1bd1dc467a88fe64e381
dual_timescale_design,C:\Users\catkin\Documents\baseline_zhou\zhou_icf_mpc_dual_timescale_design_iter01,docs\PROTOTYPE_GATE_REPORT.md,949,2026-07-15 17:15:39,0ff972116543c8b3ae1402753de7fbcf8eb4b9030b761db2979a1ca3aa86e778
dual_timescale_design,C:\Users\catkin\Documents\baseline_zhou\zhou_icf_mpc_dual_timescale_design_iter01,docs\PROTOTYPE_PREREGISTRATION.md,1673,2026-07-15 17:15:39,5439330da5dba27f49228745c3a9e67f9b866f8a859b1e089887cd62c1a19479
dual_timescale_design,C:\Users\catkin\Documents\baseline_zhou\zhou_icf_mpc_dual_timescale_design_iter01,docs\STATE_VARIABLE_DICTIONARY.md,1535,2026-07-15 17:14:43,ef4c810fc9a4081736aa07ef729914f16424d55e7a6d78278fcf643039759657
dual_timescale_design,C:\Users\catkin\Documents\baseline_zhou\zhou_icf_mpc_dual_timescale_design_iter01,reference\upstream_snapshots\model_error\HANDOFF.md,11932,2026-07-15 16:01:46,971e34f50b31ec7ad9b25abc724f77e6eb26850a0cc6e268cf707e0f7ed4af19
dual_timescale_design,C:\Users\catkin\Documents\baseline_zhou\zhou_icf_mpc_dual_timescale_design_iter01,reference\upstream_snapshots\model_error\README.md,4003,2026-07-15 16:01:46,99f44bdc920fad4b72cf3816553a5ea65ae0800472523c6062c5413a021de854
dual_timescale_design,C:\Users\catkin\Documents\baseline_zhou\zhou_icf_mpc_dual_timescale_design_iter01,reference\upstream_snapshots\model_error\docs\MODEL_ERROR_DECOMPOSITION_REPORT.md,16658,2026-07-15 16:01:46,e0fcbb958972a637790ed542756e04fb013175f8ba19b759f7498b5f183d7536
dual_timescale_design,C:\Users\catkin\Documents\baseline_zhou\zhou_icf_mpc_dual_timescale_design_iter01,reference\upstream_snapshots\model_error\docs\ORACLE_PREDICTOR_DEFINITION.md,3063,2026-07-15 16:01:46,6efaede2f1ff1b5428f93609db6bab328170b4e33751ff758658c4607890a21f
dual_timescale_design,C:\Users\catkin\Documents\baseline_zhou\zhou_icf_mpc_dual_timescale_design_iter01,reference\upstream_snapshots\model_error\docs\ORIGINAL_PREDICTOR_DEFINITION.md,2209,2026-07-15 16:01:46,1f7bf54ce51d24055b561c08c082b76e2d3f7a37cf2359a6f197193988a87733
dual_timescale_design,C:\Users\catkin\Documents\baseline_zhou\zhou_icf_mpc_dual_timescale_design_iter01,reference\upstream_snapshots\model_error\docs\TIMING_ALIGNMENT_AUDIT.md,4184,2026-07-15 16:01:46,bb2290d10afef3bec8ee9927d3d16cea887b19b47040e39ba0c6a4b2dd86a771
dual_timescale_design,C:\Users\catkin\Documents\baseline_zhou\zhou_icf_mpc_dual_timescale_design_iter01,reference\upstream_snapshots\model_error\results\summary\error_source_contribution.csv,18869,2026-07-15 16:01:47,60e5f5d15ee743207fe60489bb71c303044077c71bafceee07d7245f3b4a8174
dual_timescale_design,C:\Users\catkin\Documents\baseline_zhou\zhou_icf_mpc_dual_timescale_design_iter01,reference\upstream_snapshots\model_error\results\summary\final_decision.csv,1336,2026-07-15 16:01:47,223ae671d377113d8ea8839efec6f9fd51487c38718bcd2d281059fb344acbc3
dual_timescale_design,C:\Users\catkin\Documents\baseline_zhou\zhou_icf_mpc_dual_timescale_design_iter01,reference\upstream_snapshots\model_error\results\summary\predictor_candidate_comparison.csv,88080,2026-07-15 16:01:47,f054805eab8ddedb4f26f36200f64062f326ad8a9ca7589f79b215a082a46ad4
dual_timescale_design,C:\Users\catkin\Documents\baseline_zhou\zhou_icf_mpc_dual_timescale_design_iter01,reference\upstream_snapshots\model_error\results\summary\predictor_metrics.csv,125224,2026-07-15 16:01:47,725cca63b7db2fe5f744cd38a8a5299fbc247ba9b6516a0acaf18bdef4b76dcd
dual_timescale_design,C:\Users\catkin\Documents\baseline_zhou\zhou_icf_mpc_dual_timescale_design_iter01,reference\upstream_snapshots\timing_code\apply_feasibility_layer.m,6291,2026-07-15 16:01:47,ee32529a7ff3c0d93d9795eb5e90ddc377124c16f75c057286b0e694859dbe44
dual_timescale_design,C:\Users\catkin\Documents\baseline_zhou\zhou_icf_mpc_dual_timescale_design_iter01,reference\upstream_snapshots\timing_code\estimate_F_algebraic.m,1121,2026-07-15 16:01:47,db3e08f69c9c2d2f4d7e31fcc6db23bf9e5e8031b3a160f873afa4c7ab1b606d
dual_timescale_design,C:\Users\catkin\Documents\baseline_zhou\zhou_icf_mpc_dual_timescale_design_iter01,reference\upstream_snapshots\timing_code\icf_mpc_step.m,3459,2026-07-15 16:01:47,9407412b37118db6d30ea85104cbc715d01d33c859d82578d16b381a3b8563ca
dual_timescale_design,C:\Users\catkin\Documents\baseline_zhou\zhou_icf_mpc_dual_timescale_design_iter01,reference\upstream_snapshots\timing_code\run_control_case.m,20436,2026-07-15 16:01:47,462d15f088a3546cf715ff03bc825bee0eb1a58ac83d1327276745fdcabf27e9
dual_timescale_design,C:\Users\catkin\Documents\baseline_zhou\zhou_icf_mpc_dual_timescale_design_iter01,reference\upstream_snapshots\timing_code\sequence_equivalent_dq_voltage.m,659,2026-07-15 16:01:47,b4af47c395da3c421550fbf0f3f1524e837c5f25c2399afb468d7db44dcbabd5
dual_timescale_design,C:\Users\catkin\Documents\baseline_zhou\zhou_icf_mpc_dual_timescale_design_iter01,references\PAPER_MECHANISM_MATRIX.csv,4449,2026-07-15 17:07:45,562f41f1108d9529c224af6e749b85f7402d200905be4bbef43789229a8fad32
dual_timescale_design,C:\Users\catkin\Documents\baseline_zhou\zhou_icf_mpc_dual_timescale_design_iter01,references\SOURCE_PDF_INDEX.csv,3281,2026-07-15 17:07:45,b87ada39ad90ed60dd4c83dad0470dd7fb7bb8de915d2ad7a68b92e164baa39b
dual_timescale_design,C:\Users\catkin\Documents\baseline_zhou\zhou_icf_mpc_dual_timescale_design_iter01,results\summary\gate_truth_table.csv,698,2026-07-15 17:07:45,62bb1f84a8739b3c41a877320ac076e0832edaa34fd2399d928a943beca8be2a
dual_timescale_design,C:\Users\catkin\Documents\baseline_zhou\zhou_icf_mpc_dual_timescale_design_iter01,results\summary\matlab_reference_timing.csv,136,2026-07-15 17:39:15,7ed0e4db9806c2cf6ad10a4ace58bd9efcbdf7bd39ae99b2a5558ea03336efc3
dual_timescale_design,C:\Users\catkin\Documents\baseline_zhou\zhou_icf_mpc_dual_timescale_design_iter01,results\summary\operation_count.csv,953,2026-07-15 17:07:45,cbb9c960f231d37f1555f904ec289ad439ff17c2352819c413d6c966da7e811b
dual_timescale_design,C:\Users\catkin\Documents\baseline_zhou\zhou_icf_mpc_dual_timescale_design_iter01,results\summary\signal_timing_table.csv,1440,2026-07-15 17:07:45,5d26d15f57bc4a80c231ef531e373c42f1e43bb101611cf10ee62b3b33f35ca9
dual_timescale_design,C:\Users\catkin\Documents\baseline_zhou\zhou_icf_mpc_dual_timescale_design_iter01,results\summary\test_summary.csv,814,2026-07-15 17:23:09,d2a6c69d5da264c8e727c735bd54e31c5a016dcdfc48131d91815857089796d4
dual_timescale_design,C:\Users\catkin\Documents\baseline_zhou\zhou_icf_mpc_dual_timescale_design_iter01,run_dual_timescale_design.m,5798,2026-07-15 17:33:42,d50a413fb2c64e187c1bba3539163db1671238a6c1a4a4e60720607ac85dd010
dual_timescale_design,C:\Users\catkin\Documents\baseline_zhou\zhou_icf_mpc_dual_timescale_design_iter01,src\+design\project_parameter.m,1986,2026-07-15 17:03:46,6dcc9d42619036551719bdb9aafa43d90bab6c062252ff08f7fb126a99dcb3fd
dual_timescale_design,C:\Users\catkin\Documents\baseline_zhou\zhou_icf_mpc_dual_timescale_design_iter01,src\+design\reference_F_update.m,1237,2026-07-15 17:03:46,2bb358a6dc59414604d069654579e2ca2c0361ae104e43b708484d98f9a18c0f
dual_timescale_design,C:\Users\catkin\Documents\baseline_zhou\zhou_icf_mpc_dual_timescale_design_iter01,src\+design\reference_alpha_update.m,1432,2026-07-15 17:03:46,d254f05e4270ff07bd197c271594d75edd7c798369ab9fb5edbd28b7881c6a88
dual_timescale_design,C:\Users\catkin\Documents\baseline_zhou\zhou_icf_mpc_dual_timescale_design_iter01,src\+design\reference_gate_logic.m,4337,2026-07-15 17:03:46,d956eb371b414f844c65747390c1dbda4afc5cf750170ef9f5e09fa4b6613cc3
dual_timescale_design,C:\Users\catkin\Documents\baseline_zhou\zhou_icf_mpc_dual_timescale_design_iter01,src\+design\reference_predictor.m,1193,2026-07-15 17:03:46,bea82fe79ee04e5553bb86fe6dda1b3661db5bd21ed2cfefa980f3b7d89e05ed
dual_timescale_design,C:\Users\catkin\Documents\baseline_zhou\zhou_icf_mpc_dual_timescale_design_iter01,tests\test_decision_gate.m,1113,2026-07-15 17:05:19,8e21896591ef0bb4d3259c84ebb71e6762b81a98825c6397b21c789a477e0d94
dual_timescale_design,C:\Users\catkin\Documents\baseline_zhou\zhou_icf_mpc_dual_timescale_design_iter01,tests\test_determinism.m,501,2026-07-15 17:05:19,e03093310bcdda684f78069f828bc15dbc99e6d0aa1481d1113cc234e75010b6
dual_timescale_design,C:\Users\catkin\Documents\baseline_zhou\zhou_icf_mpc_dual_timescale_design_iter01,tests\test_dq_axis_independence.m,533,2026-07-15 17:05:19,f54f45a88a80ceddb18ab90410827264d7d54f49d827598abfb3bcdcb6d7d6b6
dual_timescale_design,C:\Users\catkin\Documents\baseline_zhou\zhou_icf_mpc_dual_timescale_design_iter01,tests\test_excitation_freeze.m,1126,2026-07-15 17:05:19,2fd33e9a81c79900743aabd9a40bedecfeb5f470cb3e34098b99f66f0eff12d3
dual_timescale_design,C:\Users\catkin\Documents\baseline_zhou\zhou_icf_mpc_dual_timescale_design_iter01,tests\test_no_future_data.m,608,2026-07-15 17:05:19,5e7e5ec19ffa40616f641ef0fcd7a4393c7174c1c0b58e85ac9d98d6db23f7e1
dual_timescale_design,C:\Users\catkin\Documents\baseline_zhou\zhou_icf_mpc_dual_timescale_design_iter01,tests\test_path_isolation.m,482,2026-07-15 17:05:19,27c344c943ce5aba0d41d4be892247326a40efd76fb1135b9d9cdedb45cca4a2
dual_timescale_design,C:\Users\catkin\Documents\baseline_zhou\zhou_icf_mpc_dual_timescale_design_iter01,tests\test_projection_bounds.m,556,2026-07-15 17:05:19,21047d924f383985487e84d5ef9a15a4c3d2e8118651748fbe5eeb3eeeafe53b
dual_timescale_design,C:\Users\catkin\Documents\baseline_zhou\zhou_icf_mpc_dual_timescale_design_iter01,tests\test_s2_applied_voltage_usage.m,1666,2026-07-15 17:05:19,c10ec93406fd8d501e20c4d93cb61d56e345ca94d1bcf4500cf205627136d222
dual_timescale_design,C:\Users\catkin\Documents\baseline_zhou\zhou_icf_mpc_dual_timescale_design_iter01,tests\test_state_reset.m,441,2026-07-15 17:05:19,11c603493c13d160bfa28369bf46c0b382f1399aa96d2beaa4a3325f1c51a486
dual_timescale_design,C:\Users\catkin\Documents\baseline_zhou\zhou_icf_mpc_dual_timescale_design_iter01,tests\test_units_and_dimensions.m,571,2026-07-15 17:05:19,ccede3b457e7ac812d701a48d24995acb48c6fd1ab06d25f1ed4cb5374f0ebb3
ipmsm_probe,C:\Users\catkin\Documents\baseline_zhou\zhou_icf_mpc_ipmsm_probe_iter01,CHANGELOG_IPMSM.md,7381,2026-07-12 20:58:43,5ca6da4e16ff5d1d05755710261fb0c43a4d6da77e3517f8bc7965ae5adac7d3
ipmsm_probe,C:\Users\catkin\Documents\baseline_zhou\zhou_icf_mpc_ipmsm_probe_iter01,FINAL_IPMSM_PROBE_REPORT.md,3010,2026-07-12 21:15:20,784f992a37c792d02ecfbb39f82ca09092263487f3a9967d1c5ea0430093d745
ipmsm_probe,C:\Users\catkin\Documents\baseline_zhou\zhou_icf_mpc_ipmsm_probe_iter01,README.md,2514,2026-07-12 20:56:58,d62bea57b4d83a6d60cfeb191009d7aa36c1e38e2228cdcbedbac09ae1a02325
ipmsm_probe,C:\Users\catkin\Documents\baseline_zhou\zhou_icf_mpc_ipmsm_probe_iter01,SOURCE_MANIFEST.sha256,7296,2026-07-12 21:15:20,e0792a9841713dc559bc813e9cdde6e3be5376dd99ff55c33558c660d8c720bd
ipmsm_probe,C:\Users\catkin\Documents\baseline_zhou\zhou_icf_mpc_ipmsm_probe_iter01,config\acceptance_thresholds.m,554,2026-07-12 16:16:21,c6bab5aa1476ec5b15973deeb191b3a43845e81b125b0855f5041d6873a62ff8
ipmsm_probe,C:\Users\catkin\Documents\baseline_zhou\zhou_icf_mpc_ipmsm_probe_iter01,config\base_parameters.m,463,2026-07-12 20:55:36,86feb34250f21d4756d133ade3f62033febfa96a540dfb1a02391d0aa2bb1d01
ipmsm_probe,C:\Users\catkin\Documents\baseline_zhou\zhou_icf_mpc_ipmsm_probe_iter01,config\experiment_definitions.m,319,2026-07-12 20:55:56,8a243fe8e9fc6e0a022f83b283a895c18209c20ffb46b2d27a740d399b2e53e2
ipmsm_probe,C:\Users\catkin\Documents\baseline_zhou\zhou_icf_mpc_ipmsm_probe_iter01,config\implementation_assumptions.m,444,2026-07-12 20:55:56,5d311689d7ca99ed8332df1f014bd874407ed19b5253357dc802dd2f39965961
ipmsm_probe,C:\Users\catkin\Documents\baseline_zhou\zhou_icf_mpc_ipmsm_probe_iter01,config\ipmsm_parameters.m,258,2026-07-12 20:55:56,48fde7d4313f467c8e7b0c71a849fd3370a61d89c2006dcba5f2d9221e41407c
ipmsm_probe,C:\Users\catkin\Documents\baseline_zhou\zhou_icf_mpc_ipmsm_probe_iter01,diagnostics\frame_patch_inheritance_audit.md,1007,2026-07-12 20:57:57,89b6765136170731111bed303732f4615e3191e702f7a543adee66cd393ff768
ipmsm_probe,C:\Users\catkin\Documents\baseline_zhou\zhou_icf_mpc_ipmsm_probe_iter01,diagnostics\migration_code_audit.md,1079,2026-07-12 20:57:57,52465df2623bf46967f745ee67125de35dd225e1f0d441921a75eac14d919e05
ipmsm_probe,C:\Users\catkin\Documents\baseline_zhou\zhou_icf_mpc_ipmsm_probe_iter01,diagnostics\path_isolation_audit.md,152521,2026-07-12 21:15:07,edb999dbba5588dda4e5b118b6605268b2cae8d7c769cf7efc14b208dbb14159
ipmsm_probe,C:\Users\catkin\Documents\baseline_zhou\zhou_icf_mpc_ipmsm_probe_iter01,diagnostics\regression_failure_diagnosis.md,895,2026-07-12 20:57:57,ee26994e584ae5c4d21bc898688c432e4219c3014c86e8d56f2a7508b1c97f42
ipmsm_probe,C:\Users\catkin\Documents\baseline_zhou\zhou_icf_mpc_ipmsm_probe_iter01,diagnostics\runtime_errors\20260712_153430_044_ipmsm_probe.txt,879,2026-07-12 15:34:37,d62bbc1958e6986467663050397ea2457d1f94d79ba964238a0090a9bec2a324
ipmsm_probe,C:\Users\catkin\Documents\baseline_zhou\zhou_icf_mpc_ipmsm_probe_iter01,docs\assumptions_and_limitations.md,1139,2026-07-12 20:56:58,9efbd0770545143bc387166fe1818f6068a851302cf23cb36ed763912c6c51ef
ipmsm_probe,C:\Users\catkin\Documents\baseline_zhou\zhou_icf_mpc_ipmsm_probe_iter01,docs\iter11_inheritance_mapping.md,4918,2026-07-12 20:57:32,0afac57bcbdedabdc06dc7b4a13cb9fea58486c90856ae6b506494b9b8fd0c69
ipmsm_probe,C:\Users\catkin\Documents\baseline_zhou\zhou_icf_mpc_ipmsm_probe_iter01,docs\migration_plan.md,1087,2026-07-12 20:56:58,381136c47649e24a1d7e4c7f1a7d3da8b097391622f51d8fd0da97b5b11c63e1
ipmsm_probe,C:\Users\catkin\Documents\baseline_zhou\zhou_icf_mpc_ipmsm_probe_iter01,docs\model_equation_mapping.md,973,2026-07-12 20:56:58,cb496d9820fb03424873036e2ab5df5f802a180772ca86898ee75ccd861dd2b2
ipmsm_probe,C:\Users\catkin\Documents\baseline_zhou\zhou_icf_mpc_ipmsm_probe_iter01,docs\parameter_sources.md,1160,2026-07-12 20:56:58,7987662bedd086beefaa643595d1feb1d89a18ed3a3473d25b7853e66ad561a6
ipmsm_probe,C:\Users\catkin\Documents\baseline_zhou\zhou_icf_mpc_ipmsm_probe_iter01,docs\project_structure.md,851,2026-07-12 20:56:58,156ac722c481edeabfb5461a46fcc47ee75af0a584fe596033a85e933d5a03f4
ipmsm_probe,C:\Users\catkin\Documents\baseline_zhou\zhou_icf_mpc_ipmsm_probe_iter01,docs\test_and_acceptance_plan.md,1302,2026-07-12 20:56:58,bd199a42554e6fa2c3065124e4ab50578b68007b50c6afe06bab8855d8f838b4
ipmsm_probe,C:\Users\catkin\Documents\baseline_zhou\zhou_icf_mpc_ipmsm_probe_iter01,experiments\experiment_P0_degenerate_regression.m,3109,2026-07-12 20:55:36,efd2424ca7651d9c04c08545226a480f00446d3310db8f7a18b927af1011e790
ipmsm_probe,C:\Users\catkin\Documents\baseline_zhou\zhou_icf_mpc_ipmsm_probe_iter01,experiments\experiment_P1_saliency_probe.m,1540,2026-07-12 20:50:28,21301b7285f63d03823107caba1ef07e8e27c2940f4ad6a5922c1d685d001f05
ipmsm_probe,C:\Users\catkin\Documents\baseline_zhou\zhou_icf_mpc_ipmsm_probe_iter01,experiments\experiment_alpha_mode_comparison.m,2771,2026-07-12 21:07:05,b4c331d026931c7805ac75a14eb047fe1715c3426c69dab48c99652b278fe813
ipmsm_probe,C:\Users\catkin\Documents\baseline_zhou\zhou_icf_mpc_ipmsm_probe_iter01,experiments\experiment_negative_id_sweep.m,2676,2026-07-12 20:59:24,80d3613a29f4cca98018730d71eed26f80a5faf0dd480e088e31e744e967c8e8
ipmsm_probe,C:\Users\catkin\Documents\baseline_zhou\zhou_icf_mpc_ipmsm_probe_iter01,initialize_project.m,3737,2026-07-12 21:07:05,ecbe5361cbb4556b5bb2cf4b50376187807d64fb1e5acfb8d6c79959614eccc6
ipmsm_probe,C:\Users\catkin\Documents\baseline_zhou\zhou_icf_mpc_ipmsm_probe_iter01,logs\matlab_execution_log.txt,3546,2026-07-12 21:15:20,1f1931f7bd3dc375e19f696dc4aceed507175250d384379e2f2a9d8e9b9311c2
ipmsm_probe,C:\Users\catkin\Documents\baseline_zhou\zhou_icf_mpc_ipmsm_probe_iter01,logs\run_ledger.csv,392,2026-07-12 21:15:20,a401fc3cb2aac443f8e1931fcccc423205c7960b2021c8e1548224fbc5276195
ipmsm_probe,C:\Users\catkin\Documents\baseline_zhou\zhou_icf_mpc_ipmsm_probe_iter01,logs\unit_test_log.txt,1054,2026-07-12 21:15:11,b5a6556832a343ad2c1dd09388754be466642e4a33a563af1d9c0fb4402d690f
ipmsm_probe,C:\Users\catkin\Documents\baseline_zhou\zhou_icf_mpc_ipmsm_probe_iter01,plots\alpha_comparison\20260712_155604_970_ipmsm_probe\trace.png,51315,2026-07-12 15:56:15,f510c7b7ccce632850067f4e5c4a67f04d3d8ebd1e3b6675fb9a581209f0b294
ipmsm_probe,C:\Users\catkin\Documents\baseline_zhou\zhou_icf_mpc_ipmsm_probe_iter01,plots\alpha_comparison\20260712_210214_171_ipmsm_probe\alpha_mode_comparison.png,38959,2026-07-12 21:02:36,e8b21be0b0e159725720a31178ab5e7ac8b7f69608d87551909a4f7d6d71f390
ipmsm_probe,C:\Users\catkin\Documents\baseline_zhou\zhou_icf_mpc_ipmsm_probe_iter01,plots\alpha_comparison\20260712_210805_549_ipmsm_probe\alpha_mode_comparison.png,38582,2026-07-12 21:08:28,d32a41745a8cde2536866f175387221fd1dc191f61378368eeaa1ef9aca613a9
ipmsm_probe,C:\Users\catkin\Documents\baseline_zhou\zhou_icf_mpc_ipmsm_probe_iter01,plots\alpha_comparison\20260712_211507_428_ipmsm_probe\alpha_mode_comparison.png,38582,2026-07-12 21:15:18,6bc2118b1b400d35bbaaf8a97bb1a47875e536910654c1f84036a4c225566509
ipmsm_probe,C:\Users\catkin\Documents\baseline_zhou\zhou_icf_mpc_ipmsm_probe_iter01,plots\negative_id\20260712_155604_970_ipmsm_probe\trace.png,45915,2026-07-12 15:56:16,1bb6c2e5b2d7958010af792241d508d11dd03250f273f447159ecca2f1b2bc0d
ipmsm_probe,C:\Users\catkin\Documents\baseline_zhou\zhou_icf_mpc_ipmsm_probe_iter01,plots\negative_id\20260712_210214_171_ipmsm_probe\negative_id_sweep.png,45784,2026-07-12 21:02:39,45e8cdc29ac8a8f86f5e92b5d9b4b717a1e99d381dd281dc826e4b45dfbdfd83
ipmsm_probe,C:\Users\catkin\Documents\baseline_zhou\zhou_icf_mpc_ipmsm_probe_iter01,plots\negative_id\20260712_210805_549_ipmsm_probe\negative_id_sweep.png,45784,2026-07-12 21:08:30,6161f6521583801dcb2dc20615c9412d48fbf3fd9367a54feba1ba51af66cd50
ipmsm_probe,C:\Users\catkin\Documents\baseline_zhou\zhou_icf_mpc_ipmsm_probe_iter01,plots\negative_id\20260712_211507_428_ipmsm_probe\negative_id_sweep.png,45789,2026-07-12 21:15:20,742a818c20a007b0fa818a1763e58edb68b02f361779bc6a95113d654a739710
ipmsm_probe,C:\Users\catkin\Documents\baseline_zhou\zhou_icf_mpc_ipmsm_probe_iter01,plots\regression\20260712_155419_954_ipmsm_probe\trace.png,48880,2026-07-12 15:54:28,c24bbb5354884e9406e2562ba78599affef61c08d83965b9805e2180348e1983
ipmsm_probe,C:\Users\catkin\Documents\baseline_zhou\zhou_icf_mpc_ipmsm_probe_iter01,plots\regression\20260712_155604_970_ipmsm_probe\trace.png,48880,2026-07-12 15:56:13,58cb187cc2188aba8efd451761d707bf9dd5c1791fd64bd2d7eafba5d724f505
ipmsm_probe,C:\Users\catkin\Documents\baseline_zhou\zhou_icf_mpc_ipmsm_probe_iter01,plots\regression\20260712_210214_171_ipmsm_probe\trace.png,76089,2026-07-12 21:02:30,197d9d824aa8cb0f3743c7cbd15ab98258692c1009b713a5d4b7fd3e3f6477ab
ipmsm_probe,C:\Users\catkin\Documents\baseline_zhou\zhou_icf_mpc_ipmsm_probe_iter01,plots\regression\20260712_210805_549_ipmsm_probe\trace.png,76089,2026-07-12 21:08:21,d1d5f3aa8099aa7df3a64b99dff33675d4d1991d09f413fa35e18fdde241b2fd
ipmsm_probe,C:\Users\catkin\Documents\baseline_zhou\zhou_icf_mpc_ipmsm_probe_iter01,plots\regression\20260712_211507_428_ipmsm_probe\trace.png,76129,2026-07-12 21:15:15,d33475dcded15c533fd23650570e410e08d16389065ed67ed546f11b8fe06c34
ipmsm_probe,C:\Users\catkin\Documents\baseline_zhou\zhou_icf_mpc_ipmsm_probe_iter01,plots\saliency\20260712_155604_970_ipmsm_probe\trace.png,46148,2026-07-12 15:56:14,418aecd4ae8604bfcc083436210bfbb880963652d320237d82231600e9384718
ipmsm_probe,C:\Users\catkin\Documents\baseline_zhou\zhou_icf_mpc_ipmsm_probe_iter01,plots\saliency\20260712_210214_171_ipmsm_probe\trace.png,85200,2026-07-12 21:02:33,7c9821d062c44aaea5f16d0d73911b44d13e77d563efe6b058d3930a3e374fd0
ipmsm_probe,C:\Users\catkin\Documents\baseline_zhou\zhou_icf_mpc_ipmsm_probe_iter01,plots\saliency\20260712_210805_549_ipmsm_probe\trace.png,85200,2026-07-12 21:08:24,07764ccdebc3147dc834164e95a37736df3627b44175c323a5a8b6e8a2845bf7
ipmsm_probe,C:\Users\catkin\Documents\baseline_zhou\zhou_icf_mpc_ipmsm_probe_iter01,plots\saliency\20260712_211507_428_ipmsm_probe\trace.png,85248,2026-07-12 21:15:17,f6e0fb85963a9302d20b07cf0d6252cf58533e9e1d799a811b4e2f0675ad6bb8
ipmsm_probe,C:\Users\catkin\Documents\baseline_zhou\zhou_icf_mpc_ipmsm_probe_iter01,reference\iter11_regression_targets.csv,472,2026-07-12 16:08:47,e3e3cc58200d06f58971c5fae116ae267dbe9d5a652a6b370de339b152906562
ipmsm_probe,C:\Users\catkin\Documents\baseline_zhou\zhou_icf_mpc_ipmsm_probe_iter01,reference\iter11_source_manifest.sha256,5764,2026-07-12 15:34:10,bbef10d8fe9ef759e995dd49a7002e4f0fc43a288c8d16a7de96032fdcec2a14
ipmsm_probe,C:\Users\catkin\Documents\baseline_zhou\zhou_icf_mpc_ipmsm_probe_iter01,reference\source_paper\zhou_2025_icf_mpc.pdf,2486013,2026-07-08 17:43:45,cdce796661012e0b682b8d9a98f6f36fa7eef6a5093be1415eece5b56187b04c
ipmsm_probe,C:\Users\catkin\Documents\baseline_zhou\zhou_icf_mpc_ipmsm_probe_iter01,results\alpha_comparison\20260712_155604_970_ipmsm_probe\config_snapshot\configuration.mat,958,2026-07-12 15:56:14,6d826319de71ee9ecf72a3c70cb31227bc480b9b3d37f899dfa63556325dd835
ipmsm_probe,C:\Users\catkin\Documents\baseline_zhou\zhou_icf_mpc_ipmsm_probe_iter01,results\alpha_comparison\20260712_155604_970_ipmsm_probe\metrics.csv,297,2026-07-12 15:56:15,834b34fb75b602e1489cdb64392f337fcd7b2f9c4f54d88b37efd9350fecf31f
ipmsm_probe,C:\Users\catkin\Documents\baseline_zhou\zhou_icf_mpc_ipmsm_probe_iter01,results\alpha_comparison\20260712_210214_171_ipmsm_probe\config_snapshot\configuration.mat,1116,2026-07-12 21:02:34,87e3caf4ca4243e54028e4fc949b42eec3eec4d5ff99304aa7d63b592c050c49
ipmsm_probe,C:\Users\catkin\Documents\baseline_zhou\zhou_icf_mpc_ipmsm_probe_iter01,results\alpha_comparison\20260712_210214_171_ipmsm_probe\metrics.csv,930,2026-07-12 21:02:34,a181be3b00ba9fe553461d5f00e68ba755e9c8ba733106099ef2274106f0ba59
ipmsm_probe,C:\Users\catkin\Documents\baseline_zhou\zhou_icf_mpc_ipmsm_probe_iter01,results\alpha_comparison\20260712_210805_549_ipmsm_probe\config_snapshot\configuration.mat,1116,2026-07-12 21:08:25,3c59f4d842b065e8bbb6b4199758a813a0ad0f38de90050e9618f15ce01428c3
ipmsm_probe,C:\Users\catkin\Documents\baseline_zhou\zhou_icf_mpc_ipmsm_probe_iter01,results\alpha_comparison\20260712_210805_549_ipmsm_probe\metrics.csv,930,2026-07-12 21:08:25,a181be3b00ba9fe553461d5f00e68ba755e9c8ba733106099ef2274106f0ba59
ipmsm_probe,C:\Users\catkin\Documents\baseline_zhou\zhou_icf_mpc_ipmsm_probe_iter01,results\alpha_comparison\20260712_211507_428_ipmsm_probe\config_snapshot\configuration.mat,1116,2026-07-12 21:15:17,3633a3c821fec913eb6fb5c26ccbfd5c65597548997345af92db12187f879d8c
ipmsm_probe,C:\Users\catkin\Documents\baseline_zhou\zhou_icf_mpc_ipmsm_probe_iter01,results\alpha_comparison\20260712_211507_428_ipmsm_probe\metrics.csv,930,2026-07-12 21:15:17,a181be3b00ba9fe553461d5f00e68ba755e9c8ba733106099ef2274106f0ba59
ipmsm_probe,C:\Users\catkin\Documents\baseline_zhou\zhou_icf_mpc_ipmsm_probe_iter01,results\negative_id\20260712_155604_970_ipmsm_probe\config_snapshot\configuration.mat,963,2026-07-12 15:56:16,6d480bb3e8ffdeaab4ea67e98ce78bf5f4b4428c6c126eb1a55221386a559b4e
ipmsm_probe,C:\Users\catkin\Documents\baseline_zhou\zhou_icf_mpc_ipmsm_probe_iter01,results\negative_id\20260712_155604_970_ipmsm_probe\metrics.csv,444,2026-07-12 15:56:16,007abae226da7ec9ba3bac8494ccfc783ca6238c803232737541762ac350c280
ipmsm_probe,C:\Users\catkin\Documents\baseline_zhou\zhou_icf_mpc_ipmsm_probe_iter01,results\negative_id\20260712_210214_171_ipmsm_probe\config_snapshot\configuration.mat,1128,2026-07-12 21:02:38,8bbc84dcbba6a092e6494800b30b54f7868837d7e869927cdd055c9b6cf87ba1
ipmsm_probe,C:\Users\catkin\Documents\baseline_zhou\zhou_icf_mpc_ipmsm_probe_iter01,results\negative_id\20260712_210214_171_ipmsm_probe\metrics.csv,1331,2026-07-12 21:02:38,20ac6ae0bdc700a90c6dec37b69e658659c918515d315193599bf9df5c2ceb0c
ipmsm_probe,C:\Users\catkin\Documents\baseline_zhou\zhou_icf_mpc_ipmsm_probe_iter01,results\negative_id\20260712_210805_549_ipmsm_probe\config_snapshot\configuration.mat,1128,2026-07-12 21:08:29,7538bb3b8d197bc6c3ef90bf2d892d795b47cda36ef42fb04680a8398253468f
ipmsm_probe,C:\Users\catkin\Documents\baseline_zhou\zhou_icf_mpc_ipmsm_probe_iter01,results\negative_id\20260712_210805_549_ipmsm_probe\metrics.csv,1331,2026-07-12 21:08:29,20ac6ae0bdc700a90c6dec37b69e658659c918515d315193599bf9df5c2ceb0c
ipmsm_probe,C:\Users\catkin\Documents\baseline_zhou\zhou_icf_mpc_ipmsm_probe_iter01,results\negative_id\20260712_211507_428_ipmsm_probe\config_snapshot\configuration.mat,1128,2026-07-12 21:15:19,9e98218286fe3d6fd815ed7ac8d209fb7a38b03442b7b9040e64ae18cf0eb768
ipmsm_probe,C:\Users\catkin\Documents\baseline_zhou\zhou_icf_mpc_ipmsm_probe_iter01,results\negative_id\20260712_211507_428_ipmsm_probe\metrics.csv,1331,2026-07-12 21:15:19,20ac6ae0bdc700a90c6dec37b69e658659c918515d315193599bf9df5c2ceb0c
ipmsm_probe,C:\Users\catkin\Documents\baseline_zhou\zhou_icf_mpc_ipmsm_probe_iter01,results\regression\20260712_155419_954_ipmsm_probe\config_snapshot\configuration.mat,956,2026-07-12 15:54:24,85fcf311337aef05d3907f00b9287d586ae3aaf261553065d8be13e707a5ae8e
ipmsm_probe,C:\Users\catkin\Documents\baseline_zhou\zhou_icf_mpc_ipmsm_probe_iter01,results\regression\20260712_155419_954_ipmsm_probe\metrics.csv,190,2026-07-12 15:54:24,4b19a7d20470980e1b26d8bda158d6ae901d4e724ad333ebfb14c33af7d600de
ipmsm_probe,C:\Users\catkin\Documents\baseline_zhou\zhou_icf_mpc_ipmsm_probe_iter01,results\regression\20260712_155604_970_ipmsm_probe\config_snapshot\configuration.mat,956,2026-07-12 15:56:09,e740f0a787c63ff4e2d098c11de4f8796e54f246fcf9f840915e14c6101d4a4e
ipmsm_probe,C:\Users\catkin\Documents\baseline_zhou\zhou_icf_mpc_ipmsm_probe_iter01,results\regression\20260712_155604_970_ipmsm_probe\metrics.csv,189,2026-07-12 15:56:09,b343e41d56c79ccb6fa03d5c920cc7eb28cbe4f1e50a0df6f9bd7816f4656a97
ipmsm_probe,C:\Users\catkin\Documents\baseline_zhou\zhou_icf_mpc_ipmsm_probe_iter01,results\regression\20260712_210214_171_ipmsm_probe\config_snapshot\configuration.mat,1108,2026-07-12 21:02:24,c4d6cae4c88c8801b704cbcfe09cee200f4dd95b69a056b656b1271cb26d1950
ipmsm_probe,C:\Users\catkin\Documents\baseline_zhou\zhou_icf_mpc_ipmsm_probe_iter01,results\regression\20260712_210214_171_ipmsm_probe\metrics.csv,774,2026-07-12 21:02:24,68330168f51609bd9737a213c512664cddb3055b0bd06f834b6db69161a81d9a
ipmsm_probe,C:\Users\catkin\Documents\baseline_zhou\zhou_icf_mpc_ipmsm_probe_iter01,results\regression\20260712_210805_549_ipmsm_probe\config_snapshot\configuration.mat,1108,2026-07-12 21:08:15,14a2d7219793a5d0e57d2cb4ec749f7373527eadaacde977828fa5f53c3cf5ae
ipmsm_probe,C:\Users\catkin\Documents\baseline_zhou\zhou_icf_mpc_ipmsm_probe_iter01,results\regression\20260712_210805_549_ipmsm_probe\metrics.csv,774,2026-07-12 21:08:15,68330168f51609bd9737a213c512664cddb3055b0bd06f834b6db69161a81d9a
ipmsm_probe,C:\Users\catkin\Documents\baseline_zhou\zhou_icf_mpc_ipmsm_probe_iter01,results\regression\20260712_211507_428_ipmsm_probe\config_snapshot\configuration.mat,1108,2026-07-12 21:15:12,68391c4f960e699962fee913fd0d32de229d922d010155d5d1483de3467b94d7
ipmsm_probe,C:\Users\catkin\Documents\baseline_zhou\zhou_icf_mpc_ipmsm_probe_iter01,results\regression\20260712_211507_428_ipmsm_probe\metrics.csv,774,2026-07-12 21:15:12,68330168f51609bd9737a213c512664cddb3055b0bd06f834b6db69161a81d9a
ipmsm_probe,C:\Users\catkin\Documents\baseline_zhou\zhou_icf_mpc_ipmsm_probe_iter01,results\saliency\20260712_155604_970_ipmsm_probe\config_snapshot\configuration.mat,957,2026-07-12 15:56:13,1889ea90cd9a1d656948c38dd812b121335f5076b5df0809e1df0aafc8a11c21
ipmsm_probe,C:\Users\catkin\Documents\baseline_zhou\zhou_icf_mpc_ipmsm_probe_iter01,results\saliency\20260712_155604_970_ipmsm_probe\metrics.csv,189,2026-07-12 15:56:13,4a44a36e741be280b8926b3330c7ad50bb855bffe12c99ca788a5029ac34f821
ipmsm_probe,C:\Users\catkin\Documents\baseline_zhou\zhou_icf_mpc_ipmsm_probe_iter01,results\saliency\20260712_210214_171_ipmsm_probe\config_snapshot\configuration.mat,1110,2026-07-12 21:02:31,22c837525bb82a820e84937ce508549d74841a15ba50652f56294fec57d57c89
ipmsm_probe,C:\Users\catkin\Documents\baseline_zhou\zhou_icf_mpc_ipmsm_probe_iter01,results\saliency\20260712_210214_171_ipmsm_probe\metrics.csv,685,2026-07-12 21:02:31,3876d6033a7170abdbe18f352351d53225048da73559c726e48ded21bf69b56b
ipmsm_probe,C:\Users\catkin\Documents\baseline_zhou\zhou_icf_mpc_ipmsm_probe_iter01,results\saliency\20260712_210805_549_ipmsm_probe\config_snapshot\configuration.mat,1110,2026-07-12 21:08:23,e64d45a92a5dc8a25fe2d4da61fbdd11ad8e107538ef20644da9076e6ddc567d
ipmsm_probe,C:\Users\catkin\Documents\baseline_zhou\zhou_icf_mpc_ipmsm_probe_iter01,results\saliency\20260712_210805_549_ipmsm_probe\metrics.csv,685,2026-07-12 21:08:23,3876d6033a7170abdbe18f352351d53225048da73559c726e48ded21bf69b56b
ipmsm_probe,C:\Users\catkin\Documents\baseline_zhou\zhou_icf_mpc_ipmsm_probe_iter01,results\saliency\20260712_211507_428_ipmsm_probe\config_snapshot\configuration.mat,1110,2026-07-12 21:15:16,065a1d40e771f47c3d9ac6aeb6df8e45f323e32c196bf478eada3018228192b8
ipmsm_probe,C:\Users\catkin\Documents\baseline_zhou\zhou_icf_mpc_ipmsm_probe_iter01,results\saliency\20260712_211507_428_ipmsm_probe\metrics.csv,685,2026-07-12 21:15:16,3876d6033a7170abdbe18f352351d53225048da73559c726e48ded21bf69b56b
ipmsm_probe,C:\Users\catkin\Documents\baseline_zhou\zhou_icf_mpc_ipmsm_probe_iter01,results\summary\alpha_mode_comparison.csv,2948,2026-07-12 21:15:17,83998f856852e6ce7601861661430b6e62884247544e14b7993b1c3a72749945
ipmsm_probe,C:\Users\catkin\Documents\baseline_zhou\zhou_icf_mpc_ipmsm_probe_iter01,results\summary\ipmsm_probe_summary.csv,1738,2026-07-12 21:15:16,f0e4c751eeff903ba29123cc827e967e275f37768e387634e8134c53ed2824a4
ipmsm_probe,C:\Users\catkin\Documents\baseline_zhou\zhou_icf_mpc_ipmsm_probe_iter01,results\summary\negative_id_sweep.csv,5262,2026-07-12 21:15:19,c64cbe6dee4f5dc36ab5a63d6e966fd8b7adb780fe4ae3aee82aaab713815f01
ipmsm_probe,C:\Users\catkin\Documents\baseline_zhou\zhou_icf_mpc_ipmsm_probe_iter01,results\summary\regression_summary.csv,2051,2026-07-12 21:15:12,dccc4d1271af147c9d738ea2c4edc3cd6895ed448da10de7dd21568b26affaf3
ipmsm_probe,C:\Users\catkin\Documents\baseline_zhou\zhou_icf_mpc_ipmsm_probe_iter01,run_ipmsm_probe.m,7627,2026-07-12 21:00:00,931c9ebf05c24c7bf0b94e9f72021df01c9a6cce9afa9365c227d4b1fefc1dad
ipmsm_probe,C:\Users\catkin\Documents\baseline_zhou\zhou_icf_mpc_ipmsm_probe_iter01,src\+zhou_ipmsm\+controller\build_current_reference.m,56,2026-07-12 15:32:21,0cdb151cb63c236efa6de3da6b111ea766af53dc2dfaa3ac5e0f94149edff09b
ipmsm_probe,C:\Users\catkin\Documents\baseline_zhou\zhou_icf_mpc_ipmsm_probe_iter01,src\+zhou_ipmsm\+controller\estimate_ultralocal_F.m,116,2026-07-12 15:32:21,52979e7449c4faeaf5c84c50a193e3411898a2fca95be1e2746b0bad186da657
ipmsm_probe,C:\Users\catkin\Documents\baseline_zhou\zhou_icf_mpc_ipmsm_probe_iter01,src\+zhou_ipmsm\+controller\icf_mpc_step.m,6301,2026-07-12 16:12:09,4268a27c6474d1ecd547db2c815234740957a50712d1e7c39c4def27b6d1a1ac
ipmsm_probe,C:\Users\catkin\Documents\baseline_zhou\zhou_icf_mpc_ipmsm_probe_iter01,src\+zhou_ipmsm\+controller\predict_current.m,70,2026-07-12 15:32:21,4392bc8918fc5c5e4d8a11dee3870e837e28e934bf128099eb3f98c1aacb164b
ipmsm_probe,C:\Users\catkin\Documents\baseline_zhou\zhou_icf_mpc_ipmsm_probe_iter01,src\+zhou_ipmsm\+controller\sequence_equivalent_dq_voltage.m,385,2026-07-12 15:32:21,002434f10ab7caddd54e18b4d7759c1f200bbb54a918124075e973d52b34b6e1
ipmsm_probe,C:\Users\catkin\Documents\baseline_zhou\zhou_icf_mpc_ipmsm_probe_iter01,src\+zhou_ipmsm\+geometry\build_voltage_rectangle.m,1477,2026-07-12 15:59:54,2a66996e754d644437ddd15fb4a91ea04eb88c2f40cf13f8bce04fcec364827a
ipmsm_probe,C:\Users\catkin\Documents\baseline_zhou\zhou_icf_mpc_ipmsm_probe_iter01,src\+zhou_ipmsm\+geometry\calculate_intersections.m,1695,2026-07-12 15:59:54,023bb40df2bad3b362d0e641d6a85c5388a49a07488e69dd3a37378208630436
ipmsm_probe,C:\Users\catkin\Documents\baseline_zhou\zhou_icf_mpc_ipmsm_probe_iter01,src\+zhou_ipmsm\+geometry\classify_case.m,969,2026-07-12 15:59:54,adca4bb85bae1dad5fe8bdb0a04cb0fb420f7d4daf7baf509f4b860697eff8e3
ipmsm_probe,C:\Users\catkin\Documents\baseline_zhou\zhou_icf_mpc_ipmsm_probe_iter01,src\+zhou_ipmsm\+geometry\validate_candidate_geometry.m,556,2026-07-12 15:59:54,75b74af1b672a1b220fb3d8d47e66fb6f62c210af036618e034dc73b64f4b364
ipmsm_probe,C:\Users\catkin\Documents\baseline_zhou\zhou_icf_mpc_ipmsm_probe_iter01,src\+zhou_ipmsm\+inverter\count_switching_actions.m,115,2026-07-12 15:32:21,c9c8332d0396272d0919ab8a7e2946ce5b802c4de87d50f122ecddc7a13c45ca
ipmsm_probe,C:\Users\catkin\Documents\baseline_zhou\zhou_icf_mpc_ipmsm_probe_iter01,src\+zhou_ipmsm\+inverter\park.m,67,2026-07-12 15:32:21,fb31d6b82b70b8f0ddf1a8b39bcb1193fb1d4ea77cb372ec1f2407eed76da8e5
ipmsm_probe,C:\Users\catkin\Documents\baseline_zhou\zhou_icf_mpc_ipmsm_probe_iter01,src\+zhou_ipmsm\+inverter\switching_state_to_alphabeta.m,107,2026-07-12 15:32:21,f4cc978bedb2f8e2b400362f9cde156a0882905bcbed27025591ca4819e5e3c1
ipmsm_probe,C:\Users\catkin\Documents\baseline_zhou\zhou_icf_mpc_ipmsm_probe_iter01,src\+zhou_ipmsm\+inverter\voltage_vectors.m,155,2026-07-12 15:32:21,9af4a6e4814038af37e8cab14a015038a4c2b25e5225b9068b7aaa25c3a42d0f
ipmsm_probe,C:\Users\catkin\Documents\baseline_zhou\zhou_icf_mpc_ipmsm_probe_iter01,src\+zhou_ipmsm\+io\append_summary_rows.m,1429,2026-07-12 20:50:28,dbf6075d5bf30d9f563f91d0c42cc5a9069a74248219d54a10258364c9565385
ipmsm_probe,C:\Users\catkin\Documents\baseline_zhou\zhou_icf_mpc_ipmsm_probe_iter01,src\+zhou_ipmsm\+io\create_run_directory.m,312,2026-07-12 15:32:21,f795241925eb9aaff7938e7d8c9518ec0b171e64daeda91481b1c75b0d0b431e
ipmsm_probe,C:\Users\catkin\Documents\baseline_zhou\zhou_icf_mpc_ipmsm_probe_iter01,src\+zhou_ipmsm\+io\export_trace_plot.m,1055,2026-07-12 20:50:28,6f1f270df84592316a7e4afba8b7406998c48f3aee4dbd9da3aa87c16a13cb80
ipmsm_probe,C:\Users\catkin\Documents\baseline_zhou\zhou_icf_mpc_ipmsm_probe_iter01,src\+zhou_ipmsm\+io\generate_source_manifest.m,1607,2026-07-12 16:10:18,f0d952b71c43bf6183776d69e31f2a6621e1be475d5b27628e4c1dc82535cece
ipmsm_probe,C:\Users\catkin\Documents\baseline_zhou\zhou_icf_mpc_ipmsm_probe_iter01,src\+zhou_ipmsm\+io\save_configuration_snapshot.m,92,2026-07-12 15:32:21,bef1756e377059179d9c0380c0d7d0873756a10121663672d8a9ee8c47b07cea
ipmsm_probe,C:\Users\catkin\Documents\baseline_zhou\zhou_icf_mpc_ipmsm_probe_iter01,src\+zhou_ipmsm\+io\save_experiment_result.m,763,2026-07-12 20:50:28,dc4debc76dfc9c9bc2223d352a82a30c668ee289b9498a1c55f7fb35d74e463e
ipmsm_probe,C:\Users\catkin\Documents\baseline_zhou\zhou_icf_mpc_ipmsm_probe_iter01,src\+zhou_ipmsm\+io\write_result_table.m,2200,2026-07-12 21:00:59,a86420e0697bf282476995b7fc30d39edb110332987e07c0deb9cb460c01745d
ipmsm_probe,C:\Users\catkin\Documents\baseline_zhou\zhou_icf_mpc_ipmsm_probe_iter01,src\+zhou_ipmsm\+metrics\calculate_constraint_metrics.m,132,2026-07-12 15:32:21,7da74fbad61ada3620988f4d1427c28b1abc2c0d4ad505992e0f73b4cb2c0a43
ipmsm_probe,C:\Users\catkin\Documents\baseline_zhou\zhou_icf_mpc_ipmsm_probe_iter01,src\+zhou_ipmsm\+metrics\calculate_switching_metrics.m,107,2026-07-12 15:32:21,2cb4aaa7b8535233f3360130b87af9b55dd8cd1e35eef7f77d4b62fbc9a15d47
ipmsm_probe,C:\Users\catkin\Documents\baseline_zhou\zhou_icf_mpc_ipmsm_probe_iter01,src\+zhou_ipmsm\+metrics\calculate_thd.m,620,2026-07-12 16:13:12,37de467c19eacc983a5c14ebb580981373792fd5c31c5a8aa0e4676400c38b6b
ipmsm_probe,C:\Users\catkin\Documents\baseline_zhou\zhou_icf_mpc_ipmsm_probe_iter01,src\+zhou_ipmsm\+metrics\calculate_tracking_metrics.m,142,2026-07-12 15:32:21,0cf9597cb76d2ac5165e83d27ddad810bc4133afaa8c59983a5253e67944298e
ipmsm_probe,C:\Users\catkin\Documents\baseline_zhou\zhou_icf_mpc_ipmsm_probe_iter01,src\+zhou_ipmsm\+model\calculate_ipmsm_torque.m,207,2026-07-12 15:53:47,ee1c4253d6a58c2c17acba87e283721bb55f0e1f387383d93ce4ddd16ffa6787
ipmsm_probe,C:\Users\catkin\Documents\baseline_zhou\zhou_icf_mpc_ipmsm_probe_iter01,src\+zhou_ipmsm\+model\calculate_torque_components.m,169,2026-07-12 15:32:21,0d7d2688dbfe2ce152691f174f26a474e3ca32e19b6d5e4b854a290732bf1904
ipmsm_probe,C:\Users\catkin\Documents\baseline_zhou\zhou_icf_mpc_ipmsm_probe_iter01,src\+zhou_ipmsm\+model\integrate_ipmsm_sequence_rk4.m,1487,2026-07-12 16:13:54,13cb451ef7b457d74babeb28515e75d8d214e67492864ac271daa84d739a3a51
ipmsm_probe,C:\Users\catkin\Documents\baseline_zhou\zhou_icf_mpc_ipmsm_probe_iter01,src\+zhou_ipmsm\+model\ipmsm_dq_dynamics.m,145,2026-07-12 15:32:21,4adcc6adce1067a8e8501a54800ad86fb5184b2db5b68856eafdeda3b74b70c5
ipmsm_probe,C:\Users\catkin\Documents\baseline_zhou\zhou_icf_mpc_ipmsm_probe_iter01,src\+zhou_ipmsm\+modulation\calculate_durations.m,63,2026-07-12 15:32:21,86416479812b1a8271949edea4cd55a30a1815edff8838cab6b6a21347b34de4
ipmsm_probe,C:\Users\catkin\Documents\baseline_zhou\zhou_icf_mpc_ipmsm_probe_iter01,src\+zhou_ipmsm\+modulation\generate_case_sequence.m,4504,2026-07-12 20:51:04,44a74b73e66d05a4981fc868476d4d358c8c4a8a5be705c8a784545e57b26de4
ipmsm_probe,C:\Users\catkin\Documents\baseline_zhou\zhou_icf_mpc_ipmsm_probe_iter01,src\+zhou_ipmsm\+modulation\validate_durations.m,108,2026-07-12 15:32:21,72093520c876bdf016277f655d21fafaa35edd641e8cec1a0c17c54df98f6b44
ipmsm_probe,C:\Users\catkin\Documents\baseline_zhou\zhou_icf_mpc_ipmsm_probe_iter01,src\+zhou_ipmsm\+reference\constant_id_reference.m,58,2026-07-12 15:33:08,75946a129da49161a9bd9c9cd9577c6860f9a6ea7c6d012c8425d5831b4b24ff
ipmsm_probe,C:\Users\catkin\Documents\baseline_zhou\zhou_icf_mpc_ipmsm_probe_iter01,src\+zhou_ipmsm\+reference\constant_iq_reference.m,58,2026-07-12 15:33:08,0e389e458f2a6aa8e13775a9bfb8b2ad86091f13309742b24e2a76b7aa287f7d
ipmsm_probe,C:\Users\catkin\Documents\baseline_zhou\zhou_icf_mpc_ipmsm_probe_iter01,src\+zhou_ipmsm\run_probe_case.m,6700,2026-07-12 20:55:36,46b290588c0f60e71f17738a7d5c490739aab4af63fa140bcbebbb40a1c88c2b
ipmsm_probe,C:\Users\catkin\Documents\baseline_zhou\zhou_icf_mpc_ipmsm_probe_iter01,tests\run_unit_tests.m,2087,2026-07-12 20:51:25,42d023767f90a1b7d02165ebb296309aa5f33701629d8693125a38fbbd259766
ipmsm_probe,C:\Users\catkin\Documents\baseline_zhou\zhou_icf_mpc_ipmsm_probe_iter01,tests\unit\test_alpha_d_alpha_q_usage.m,972,2026-07-12 20:51:43,52f02be3836d1b21e5457f6aa5beb57bebec08c3af2975001496926fff6bad77
ipmsm_probe,C:\Users\catkin\Documents\baseline_zhou\zhou_icf_mpc_ipmsm_probe_iter01,tests\unit\test_frame_angle_patch_preserved.m,2049,2026-07-12 20:52:03,0f0a8e12f084f1a952702322ec3d9a68c4aac252834b8ebed19f29c3b79dba47
ipmsm_probe,C:\Users\catkin\Documents\baseline_zhou\zhou_icf_mpc_ipmsm_probe_iter01,tests\unit\test_ipmsm_dq_equation_signs.m,633,2026-07-12 20:53:22,68dc5d8bade4608b95d231770acdc0465d84ba2d73341052caf7605fea4d4fee
ipmsm_probe,C:\Users\catkin\Documents\baseline_zhou\zhou_icf_mpc_ipmsm_probe_iter01,tests\unit\test_ipmsm_reduces_to_smpmsm.m,630,2026-07-12 20:53:43,04e7be9f8c590fb16dfd3513152cf11120577a5a0d47a080766a14a347e9b1eb
ipmsm_probe,C:\Users\catkin\Documents\baseline_zhou\zhou_icf_mpc_ipmsm_probe_iter01,tests\unit\test_ipmsm_torque_equation.m,759,2026-07-12 20:51:43,7d65c7976f630566ddef8c84066ca7892e144039116f4e7f9e6de44f136c7690
ipmsm_probe,C:\Users\catkin\Documents\baseline_zhou\zhou_icf_mpc_ipmsm_probe_iter01,tests\unit\test_no_illegal_command_ipmsm.m,1859,2026-07-12 20:52:59,c08e1f3125a82f0e4e916c594f129832b66632ddca602a1b6dfe1deb40f43967
ipmsm_probe,C:\Users\catkin\Documents\baseline_zhou\zhou_icf_mpc_ipmsm_probe_iter01,tests\unit\test_no_negative_duration_ipmsm.m,1361,2026-07-12 20:52:36,0709f89206f33d7c07afe32efb0fa2e146b0a1204e77dacc72eabb7314a30a11
ipmsm_probe,C:\Users\catkin\Documents\baseline_zhou\zhou_icf_mpc_ipmsm_probe_iter01,tests\unit\test_nonzero_id_reference_path.m,879,2026-07-12 20:52:19,c45883f439704c8e61ceea291ae63cd27e6f17440364b07e6a8cf2ce664de0aa
ipmsm_probe,C:\Users\catkin\Documents\baseline_zhou\zhou_icf_mpc_ipmsm_probe_iter01,tests\unit\test_project_isolation.m,1032,2026-07-12 21:07:05,5fbddf08f8c67ab52bfb0f82d9cd01fdd0a787ac957d57b0847eebbc60bec770
